:020000040800F2
:10000000180900248595010811080008190800083E
:100010002108000829080008310800080000000035
:100020000000000000000000000000003908000887
:1000300041080008000000004908000851080008B5
:100040009F9501089F9501089F9501089F950108BC
:100050009F9501089F9501089F9501089F950108AC
:100060009F9501089F9501089F9501089F9501089C
:100070009F9501089F9501089F9501089F9501088C
:100080009F9501089F9501089F9501089F9501087C
:100090009F9501089F9501089F9501089F9501086C
:1000A0009F9501089F9501089F9501089F9501085C
:1000B0009F9501089F9501089F9501089F9501084C
:1000C0009F9501089F9501089F9501089F9501083C
:1000D0009F9501089F9501089F9501089F9501082C
:1000E0009F9501089F950108000000009F95010859
:1000F0009F9501089F9501089F9501089F9501080C
:100100009F9501089F9501089F9501089F950108FB
:100110009F9501089F9501089F9501089F950108EB
:100120009F9501089F9501089F9501089F950108DB
:100130009F9501089F9501089F9501089F950108CB
:1001400000000000000000000000000000000000AF
:100150009F9501089F9501089F9501089F950108AB
:100160009F9501089F9501089F9501089F9501089B
:100170009F9501089F9501089F9501089F9501088B
:100180009F9501089F9501089F9501089F9501087B
:100190009F9501089F9501089F9501089F9501086B
:1001A0009F9501089F9501089F9501089F9501085B
:1001B0009F9501089F9501089F9501089F9501084B
:1001C0009F9501089F9501089F9501089F9501083B
:1001D0009F9501089F9501089F9501089F9501082B
:1001E0009F9501089F9501089F9501089F9501081B
:1001F0009F9501089F9501089F9501089F9501080B
:100200009F9501089F9501089F9501089F950108FA
:100210009F9501089F9501089F9501089F950108EA
:100220009F9501089F9501089F9501080000000017
:100230009F9501089F950108000000009F95010807
:100240009F9501089F9501089F9501089F950108BA
:100250009F9501089F9501089F9501089F950108AA
:100260009F9501089F9501089F9501089F9501089A
:100270009F9501089F9501089F95010800000000C7
:100280009F9501089F9501089F95010800000000B7
:10029000000000009F950108DFF80CD019F096F9D6
:1002A00000480047C90300081809002400000000A6
:1002B00080B592B00020119010900F900E900D908C
:1002C000FFE744F2E040C5F60200016841F010018A
:1002D0000160006800F010000C900C98FFE7FFE749
:1002E00044F2E040C5F60200016841F004010160FB
:1002F000006800F004000B900B98FFE7FFE744F262
:10030000E040C5F60200016841F08001016000682C
:1003100000F080000A900A98FFE7FFE744F2E0400F
:10032000C5F60200016841F001010160006800F0BB
:10033000010009900998FFE741F20000C5F60200AC
:100340000190082100910022069207F085FB069A91
:100350000020C5F6020003901021029107F07CFBFB
:10036000069A40F60000C5F602000790302104917D
:1003700007F072FB009A019806990D9201220592EE
:100380000E920F9110910DA9089107F049F8DDF830
:1003900008C00398059B069A0899CDF834C00E93BF
:1003A0000F92109207F03CF8DDF810C0059B069AFA
:1003B00007980899CDF834C00E930F92109207F069
:1003C0002FF812B080BD000080B5A6B000202290AA
:1003D00000F0A6F84EF61450CEF20000006880033C
:1003E000002801D5FFE71AE0BFF34F8FBFF36F8FEF
:1003F0004EF65071CEF2000100200860BFF34F8F1F
:10040000BFF36F8F4EF61451CEF20001086840F42E
:1004100000300860BFF34F8FBFF36F8FFFE74EF6DA
:100420001450CEF200000068C003002801D5FFE799
:100430003CE04EF68451CEF2000100200860BFF38C
:100440004F8F4EF68050CEF2000000682590259820
:10045000C0F34E302490FFE72598C0F3C9002390E5
:10046000FFE724992398800761F34D104EF66071E1
:10047000CEF2000108602398411E23910028F0D19C
:10048000FFE72498411E24910028E5D1FFE7BFF340
:100490004F8F4EF61451CEF20001086840F48030C0
:1004A0000860BFF34F8FBFF36F8FFFE701F0C0F815
:1004B00000F062F8FFF7FCFE00F0DAF800F0F8FB5D
:1004C00002A8802119F077F8002000908DF807002D
:1004D00001F026F8009800F087FC009800F0E0FC9E
:1004E00000F02AFD009949F23262C0F60102084686
:1004F00000F092FE4FF4FA7001F0CEF940F2A00045
:10050000C2F200403C2113F097FEFFE72420C4F222
:10051000000000688DF80700F8E700BF00BF00BFCB
:1005200080B586B000200190059004900390029061
:1005300001F0DEFD019801218DF808108DF8090009
:1005400003901F228DF8102087228DF811208DF83E
:1005500012008DF813008DF814108DF815108DF819
:1005600016008DF8170002A801F016FE042001F015
:10057000D3FD06B080BD00BF80B59EB00BA84C2156
:1005800019F019F8002001900A900990089007903E
:100590000690059004900390022007F04DFCFFE7C1
:1005A0000020029044F61800C5F60200016841F4EC
:1005B00040410160006800F44040029040F22C404D
:1005C000C5F60000016841F001010160006800F01B
:1005D000010002900298FFE7FFE744F61800C5F615
:1005E0000200006800F40050B0F5005F01D0FFE7A2
:1005F000F3E701200B904FF480300C900220149010
:10060000159005211691C0221792189019911A90F1
:1006100008201B9000201C901D900BA808F0E4FA05
:1006200018B1FFE700F01CF8FFE73F20039003201C
:100630000490002005900820069040200790089024
:100640004FF4806109910A9003A8042109F060F831
:1006500018B1FFE700F004F8FFE71EB080BD00BF4F
:1006600081B0EFF3108072B60090FFE7FEE7000064
:1006700080B582B040F21400C2F20040009043F214
:100680000001C4F2010101604FF4800141600021CA
:10069000019181600722C2604FF0007202614FF049
:1006A000807242614FF080628261C1610162416289
:1006B0008162C16241638163C16301644164816499
:1006C000C1640165416581650CF0F2FD18B1FFE779
:1006D000FFF7C6FFFFE702B080BD00BF00BF00BF4D
:1006E00080B5B8B037900020369035903490339074
:1006F000329002A8C02118F05EFF3798006843F2DC
:100700000001C4F20101884249D1FFE700210391B1
:100710004FF480500290192204924FF48072059297
:100720001022069202220792089209910A910B91D7
:100730001A9002A809F0F8FD18B1FFE7FFF790FF43
:10074000FFE7FFE744F2F040C5F60200016841F41C
:1007500080510160006800F4805001900198FFE72B
:10076000FFE744F2E040C5F60200016841F00101F4
:100770000160006800F0010000900098FFE7E020B1
:10078000329002203390002034903590052036902E
:100790000020C5F6020032A906F042FEFFE738B09D
:1007A00080BD00BF00BF00BF80B582B0019001983E
:1007B000006843F20001C4F2010188420FD1FFE753
:1007C00044F2F041C5F60201086820F48050086048
:1007D0000020C5F60200E02107F006F8FFE702B0AE
:1007E00080BD00000000000081B0FFE744F2F4404B
:1007F000C5F60200016841F002010160006800F0E6
:10080000020000900098FFE701B070470000000070
:10081000FFE7FEE700BF00BFFFE7FEE700BF00BF46
:10082000FFE7FEE700BF00BFFFE7FEE700BF00BF36
:10083000FFE7FEE700BF00BF704700BF00BF00BF7B
:10084000704700BF00BF00BF704700BF00BF00BFC0
:1008500080B500F0CDFF80BD81B04EF68851CEF25C
:100860000001086840F47000086042F20000C5F220
:100870000020006800F00F0006280AD8FFE742F2C7
:100880000001C5F200210868072262F30300086036
:10089000FFE744F20041C5F60201086840F001009C
:1008A000086044F21042C5F6020200201060086899
:1008B0004EF67F52CEF6F6221040086042F200005B
:1008C000C5F20020006800F00F0008280AD3FFE7F7
:1008D00042F20001C5F200210868072262F303001A
:1008E0000860FFE744F21841C5F6020100200090BD
:1008F000086044F21C41C5F60201086044F2204140
:10090000C5F60201086044F22842C5F6020240F230
:100910000021C0F20221116044F22C42C5F602020D
:100920000021C0F2FF11116044F23042C5F602020C
:1009300040F28021C0F20111116044F23442C5F648
:100940000202106044F23842C5F60202116044F21D
:100950003C42C5F60202106044F24042C5F6020273
:10096000116044F24441C5F60201086044F20042BD
:10097000C5F60202116821F48021116044F2604141
:10098000C5F60201086041F20001C5F600410968A0
:10099000B0EB517F07D1FFE748F20811C5F2001113
:1009A00001200860FFE744F20001C5F2002143F294
:1009B000D200086001B070478BB044F21040C5F619
:1009C0000200006800F0380001460191182800F28A
:1009D00033810199DFE811F0190030013001300155
:1009E0003001300130013001270030013001300189
:1009F00030013001300130012D0030013001300173
:100A00003001300130013001330044F20040C5F6BE
:100A100002000068C0F3C10149F20000C0F2D0300A
:100A2000C840049016E140F60010C0F23D0004906A
:100A300010E147F64000C0F27D1004900AE144F254
:100A40002840C5F60200016801F003010991006821
:100A5000C0F30510089044F22C40C5F6020000686F
:100A600000F001000790079844F23441C5F60201F6
:100A7000096889B2C908484300EE100AB8EE400A76
:100A80008DED030A0898002800F0D280FFE709984E
:100A9000009040B1FFE70098012837D0FFE70098A9
:100AA000022857D07AE044F20040C5F60200006800
:100AB000C0F3C10149F20000C0F2D030C840069036
:100AC0009DED060AB8EE400A9DED081AB8EE411AEF
:100AD00080EE010A44F23040C5F6020000686FF370
:100AE0005F2001EE100AB8EE411A9DED032A9FED3A
:100AF0006D3A82EE032A31EE021AB7EE002A31EE89
:100B0000021A20EE010A8DED020A7AE09DED080A34
:100B1000B8EE401A9FED640A80EE010A44F23040BC
:100B2000C5F6020000686FF35F2001EE100AB8EE10
:100B3000411A9DED032A9FED5B3A82EE032A31EEC6
:100B4000021AB7EE002A31EE021A20EE010A8DEDEC
:100B5000020A56E09DED080AB8EE401A9FED500AD1
:100B600080EE010A44F23040C5F6020000686FF3DF
:100B70005F2001EE100AB8EE411A9DED032A9FEDA9
:100B8000493A82EE032A31EE021AB7EE002A31EE1C
:100B9000021A20EE010A8DED020A32E044F2004012
:100BA000C5F602000068C0F3C10149F20000C0F2BE
:100BB000D030C84006909DED060AB8EE400A9DED83
:100BC000081AB8EE411A80EE010A44F23040C5F628
:100BD000020000686FF35F2001EE100AB8EE411AC0
:100BE0009DED032A9FED2F3A82EE032A31EE021A81
:100BF000B7EE002A31EE021A20EE010A8DED020A4C
:100C0000FFE744F23040C5F60200006881B20120DF
:100C100000EB51200A909DED020A9DED0A1AB8EEF4
:100C2000411A80EE010ABCEEC00A8DED040A02E012
:100C300000200490FFE70DE044F20040C5F60200FA
:100C40000068C0F3C10149F20000C0F2D030C840D2
:100C50000490FFE744F21842C5F602021068C0F3A0
:100C6000032049F21A61C0F60101085C0590059B5A
:100C70000498D84004900498126802F00F02895C2E
:100C800001F01F01C84040F20401C2F200410860B7
:100C9000049840F20001C2F2004108600BB07047B6
:100CA00020BCBE4B000000460024744A0000000037
:100CB00080B58EB005A80090242118F07CFC009926
:100CC0000022019204920392029240F2A000C2F22A
:100CD00000404FF080430360426082604FF0FF337A
:100CE000C360026182610323059306920123079387
:100CF000089209920A920B930C920D9213F0CCF980
:100D000018B1FFE7FFF7ACFCFFE70020029004906A
:100D100040F2A000C2F2004002A918F055F918B143
:100D2000FFE7FFF79DFCFFE70EB080BD00BF00BFEF
:100D300080B588B00790002006900590049003903D
:100D4000029007980068B0F1804F2ED1FFE7FFE7CF
:100D500044F2E840C5F60200016841F0010101607B
:100D6000006800F0010001900198FFE7FFE744F2FE
:100D7000E040C5F60200016841F001010160006831
:100D800000F0010000900098FFE70320029002208D
:100D90000390002004900590012006900020C5F6E5
:100DA000020002A906F03CFBFFE708B080BD00BFCF
:100DB00080B582B0019001980068B0F1804F0FD1EA
:100DC000FFE744F2E841C5F60201086820F001009F
:100DD00008600020C5F60200032106F005FDFFE7CC
:100DE00002B080BD0000000080B582B08DF8070021
:100DF0009DF8070028B9FFE7A620002100F010F8B1
:100E0000FFE79DF80700012805D1FFE7A720002193
:100E100000F006F8FFE702B080BD00BF00BF00BFD2
:100E200080B584B08DF80F008DF80E109DF80E007F
:100E300040B1FFE70020C5F602001021012206F0B4
:100E40000BFE07E00020C5F602001021002206F08C
:100E500003FEFFE740F60000C5F6020000901021F7
:100E60000191002206F0F8FD40F21400C2F20040A9
:100E70000DF10F01012202924FF4FA730CF0A8FB5E
:100E80000199029A009806F0E7FD0199029A002064
:100E9000C5F6020006F0E0FD04B080BD00BF00BF53
:100EA00080B584B08DF80F009DF80F0050B9FFE7B2
:100EB000C82000210291FFF7B3FF0299A120FFF79C
:100EC000AFFFFFE79DF80F0001280AD1FFE7C02020
:100ED00000210191FFF7A4FF0199A020FFF7A0FFD7
:100EE000FFE704B080BD00BF80B582B08D20002137
:100EF0000191FFF795FF01991420FFF791FF0199E8
:100F0000AF20FFF78DFF02B080BD00BF00BF00BF64
:100F100080B582B08D2000210191FFF781FF0199FA
:100F20001020FFF77DFF0199AE20FFF779FF02B097
:100F300080BD00BF00BF00BF80B582B000208DF82B
:100F40000700FFE79DF8070007282BDCFFE79DF867
:100F50000700B030C0B200210091FFF761FF009997
:100F60001020FFF75DFF00990846FFF759FF009832
:100F70008DF80600FFE79DF806007F280BDCFFE7F1
:100F800000200121FFF74CFFFFE79DF8060001302C
:100F90008DF80600EFE7FFE79DF8070001308DF8B8
:100FA0000700CFE702B080BD80B582B08DF80700A2
:100FB0008DF806109DF80600B030C0B200210091F7
:100FC000FFF72EFF00999DF8070000091030FFF78A
:100FD00027FF00999DF8070000F00F00FFF720FFA2
:100FE00002B080BD00BF00BF80B584B00390002078
:100FF0008DF80B00FFE79DF80B00072825DCFFE7C5
:101000009DF80B1000200190FFF7CEFF01988DF89E
:101010000A00FFE79DF80A007F280FDCFFE703982E
:1010200000780121FFF7FCFE039801300390FFE7F1
:101030009DF80A0001308DF80A00EBE7FFE79DF804
:101040000B0001308DF80B00D5E704B080BD00BF68
:1010500080B584B08DF80F008DF80E10029200203C
:101060008DF80600FFE79DF8060001282ADCFFE75F
:101070009DF80F009DF80E10FFF796FF00208DF8E9
:101080000700FFE79DF807000F280FDCFFE7029835
:1010900000780121FFF7C4FE029801300290FFE7BB
:1010A0009DF8070001308DF80700EBE79DF80E0072
:1010B00001308DF80E00FFE79DF8060001308DF835
:1010C0000600D0E704B080BD80B584B08DF80F0075
:1010D0008DF80E10029200208DF80600FFE79DF8B3
:1010E000060001282ADCFFE79DF80F009DF80E108E
:1010F000FFF75AFF00208DF80700FFE79DF8070073
:1011000007280FDCFFE7029800780121FFF788FE2F
:10111000029801300290FFE79DF8070001308DF83A
:101120000700EBE79DF80E0001308DF80E00FFE799
:101130009DF8060001308DF80600D0E704B080BDB0
:1011400080B584B08DF80F008DF80E1002929DF8D6
:101150000F009DF80E10FFF727FF00208DF8070005
:10116000FFE79DF8070005280FDCFFE702980078ED
:101170000121FFF755FE029801300290FFE79DF82C
:10118000070001308DF80700EBE704B080BD00BF19
:1011900080B588B084460A988DF81FC08DF81E105F
:1011A0008DF81D2006938DF8170003208DF812008E
:1011B0009DF81F008DF813009DF81E008DF8140097
:1011C0009DF81D008DF8150040F60000C5F60200E0
:1011D000039020210291002206F03EFC40F2140010
:1011E000C2F2004001900DF1120104224FF4FA7393
:1011F00000930CF0EDF9009B019806999DF81720DB
:101200000CF08EFC02990398012206F025FC08B030
:1012100080BD00BF00BF00BF80B596B08DF85700FD
:101220008DF85610149200208DF84F00FFE71498A7
:101230009DF84F10405C0128C0F20481FFE714982C
:101240009DF84F10405CB0284CDBFFE714989DF8E8
:101250004F10405CF72845DCFFE714999DF84F00DC
:1012600008444078A1283DDBFFE714989DF84F2003
:101270008118805CB0384A785E2110FB012145F26C
:10128000A05000EB411140F21000C2F2004001609A
:1012900041888DF84E100168090A8DF84D100068DC
:1012A0008DF84C009DF84E009DF84D109DF84C2097
:1012B000EC462023CCF800300BAB0693FFF768FF19
:1012C000069A9DF857009DF85610FFF7C1FE9DF84D
:1012D000570010308DF857009DF84F0002308DF800
:1012E0004F00AEE014989DF84F10405CA12852DBEF
:1012F000FFE714989DF84F10405CA3284BDCFFE7F4
:1013000014999DF84F0008444078A12843DBFFE77B
:1013100014989DF84F10405CA1385E21414340F283
:101320001000C2F2004004900160149A9DF84F1022
:101330001144497802681144A139016001684901EA
:10134000016041888DF84E100168090A8DF84D1032
:1013500000688DF84C009DF84E009DF84D109DF8EA
:101360004C20EC462023CCF800300BAB0593FFF764
:101370000FFF059A9DF857009DF85610FFF768FE7D
:101380009DF8570010308DF857009DF84F0002303F
:101390008DF84F0054E014989DF84F10405C2028C1
:1013A00047DBFFE714989DF84F10405C7E2840DC37
:1013B000FFE714989DF84F10405CA0F1200140F227
:1013C0001000C2F200400290016001680901016052
:1013D00001684CF68072C0F203021144016041883A
:1013E0008DF84E100168090A8DF84D1000688DF8CF
:1013F0004C009DF84E009DF84D109DF84C20EC4699
:101400001023CCF8003007AB0393FFF7C1FE039A1B
:101410009DF857009DF85610FFF756FE9DF85700AF
:1014200008308DF857009DF84F0001308DF84F00BF
:1014300005E09DF84F0001308DF84F00FFE7FFE712
:10144000FFE7F4E616B080BD80B588B08DF81F00C8
:101450008DF81E10069200208DF81700FFE7069801
:101460009DF81710405C012855DBFFE706989DF8B2
:101470001710405C202847DBFFE706989DF81710FF
:10148000405C7E2840DCFFE706989DF81710405C22
:10149000A0F1200140F21000C2F200400190016072
:1014A0000168C900016001684BF6C072C0F2030216
:1014B0001144016041888DF816100168090A8DF801
:1014C000151000688DF814009DF816009DF8151091
:1014D0009DF81420EC460823CCF8003003AB0293AF
:1014E000FFF756FE029A9DF81F009DF81E10FFF7A9
:1014F00027FE9DF81F0006308DF81F009DF817008D
:1015000001308DF8170005E09DF8170001308DF8C7
:101510001700FFE7A3E708B080BD00BF00BF00BF12
:1015200080B586B0AE2000210491FFF779FC0499C4
:101530000846FFF775FC04991020FFF771FC049929
:1015400040200290FFF76CFC04998120FFF768FCB3
:101550000499CF20FFF764FC0499A120FFF760FCF9
:101560000499C820FFF75CFC0499A6200390FFF7BC
:1015700057FC0499A820FFF753FC04993F20FFF77C
:101580004FFC0499D320FFF74BFC04990846FFF762
:1015900047FC0499D520FFF743FC04998020FFF70E
:1015A0003FFC0499D920FFF73BFC0499F120FFF799
:1015B00037FC0499DA20FFF733FC04991220FFF777
:1015C0002FFC0499DB20FFF72BFC02980499FFF70E
:1015D00027FC04992020FFF723FC04990220FFF741
:1015E0001FFC04998D20FFF71BFC04991420FFF7C2
:1015F00017FC0499A420FFF713FC03980499FFF744
:101600000FFCFFF799FC0499AF20FFF709FC049841
:101610008DF817006846012202600DF1170310468D
:101620001146FFF7B5FD06B080BD000000000000C8
:1016300080B582B0032000F02BFC08F0A9FA44F238
:101640001842C5F602021168C1F3032349F21A6178
:10165000C0F60101CB5C03F01F03D8400090009856
:10166000126802F00F02895C01F01F01C84040F2CD
:101670000401C2F200410860009840F20001C2F289
:10168000004108600F2000F00FF818B1FFE70120BB
:10169000019004E0FFF7A8F800200190FFE701980F
:1016A00002B080BD00BF00BF80B582B0009040F2A4
:1016B0000800C2F20040006818B9FFE7012001905D
:1016C0002DE040F20000C2F20040006840F2080144
:1016D000C2F200410A684FF47A71B1FBF2F1B0FB3B
:1016E000F1F000F0D1FC18B1FFE70120019016E005
:1016F00000980F280DD8FFE700994FF0FF30002227
:1017000000F0EEFB009840F20C01C2F200410860CC
:1017100002E00120019002E000200190FFE7019823
:1017200002B080BD00BF00BF704700BF00BF00BF58
:1017300080B582B044F27C41C5F6020145F2310029
:10174000C0F20100086000200190086044F280416E
:10175000C5F602014CF22302C0F600220A600860BE
:1017600044F28441C5F6020140F271220A60086029
:1017700044F28841C5F6020140F2FF72C0F22832FD
:101780000A60086044F28C41C5F6020118220A6022
:10179000086044F29041C5F602014CF2FF32CEF6E9
:1017A000FF020A60086044F29441C5F602014FF45A
:1017B0009B720A60086044F29841C5F6020143F248
:1017C0003302C3F2D7120A60086044F29C41C5F6A6
:1017D00002014DF6AA62C0F220020A60086000F021
:1017E00003F8019802B080BD704700BF00BF00BF82
:1017F00040F20800C2F20040026840F21011C2F24A
:101800000041086810440860704700BF00BF00BF77
:1018100040F21010C2F200400068704700BF00BFE5
:1018200040F20C00C2F200400068704700BF00BFE9
:1018300080B584B003900020029040F20800C2F20C
:1018400000400068039988421BD0FFE740F208017E
:10185000C2F20041086801900398086040F20C0051
:10186000C2F200400068FFF71FFF0290029838B1F3
:10187000FFE7019840F20801C2F200410860FFE76B
:10188000FFE7029804B080BD40F20800C2F20040B9
:101890000068704700BF00BF80B584B00390FFF7B9
:1018A000B7FF0290039801900198013048B1FFE71B
:1018B00040F20800C2F2004001680198084401901B
:1018C000FFE7FFE7FFF7A4FF0299401A019988425A
:1018D00001D2FFE7F6E704B080BD00BF00BF00BF44
:1018E0004EF21001CEF20001086820F002000860FC
:1018F000704700BF00BF00BF4EF21001CEF20001E2
:10190000086840F002000860704700BF00BF00BFD9
:1019100040F20050C0F20B10704700BF00BF00BF84
:1019200041F20000C5F600400068000C704700BF9F
:1019300041F20000C5F6004000686FF31F307047A9
:101940004EF60000C1F6F1700068704700BF00BF9E
:101950004EF60400C1F6F1700068704700BF00BF8A
:101960004EF60800C1F6F1700068704700BF00BF76
:1019700081B0009043F60041C5F60001086820F0F0
:101980007000009A1043086001B0704700BF00BFAC
:1019900081B0009043F60041C5F60001086820F0D0
:1019A0000200009A1043086001B0704700BF00BFFA
:1019B00081B0009043F60441C5F60001086820F0AC
:1019C0003F00009A1043086001B0704700BF00BF9D
:1019D00080B582B043F60041C5F60001086840F0CA
:1019E00001000860FFF714FF0090FFE743F6004096
:1019F000C5F600000068000700280BD4FFE7FFF7DA
:101A000007FF0099401A0B2803D3FFE7032001903A
:101A100003E0EBE700200190FFE7019802B080BDF2
:101A200043F60041C5F60001086820F00100086097
:101A3000704700BF00BF00BF81B0009040F204417A
:101A4000C5F60001086820F46000009A10430860A1
:101A500001B0704700BF00BF82B00190009140F21A
:101A60000441C5F600010868019A9043009A1043AA
:101A7000086002B0704700BF40F20441C5F60001A3
:101A8000086840F480700860704700BF00BF00BF66
:101A900040F20441C5F60001086820F48070086037
:101AA000704700BF00BF00BF82B001900091019855
:101AB00058B9FFE740F20871C5F600010868BDF8A3
:101AC0000220C0EA024008600CE040F20C71C5F64A
:101AD000000108684FF6FF729043BDF802201044E1
:101AE0000860FFE702B0704740F22041C5F60001F0
:101AF000086840F001000860704700BF00BF00BFE9
:101B000040F22041C5F60001086820F0010008609D
:101B1000704700BF00BF00BF40F22041C5F6000182
:101B2000086840F480300860704700BF00BF00BF05
:101B300040F22041C5F60001086820F480300860BA
:101B4000704700BF00BF00BF81B0009040F220414D
:101B5000C5F60001086820F00200009A10430860F2
:101B600001B0704700BF00BF82B00190009140F209
:101B70002841C5F60001086820F0FF00019B009A8B
:101B800042EA03121043086002B0704700BF00BF72
:101B900041F20401C5F60041086840F00100086008
:101BA000704700BF00BF00BF41F20401C5F600410D
:101BB000086820F001000860704700BF00BF00BF48
:101BC00041F20401C5F60041086840F002000860D7
:101BD000704700BF00BF00BF41F20401C5F60041DD
:101BE000086820F002000860704700BF00BF00BF17
:101BF00041F20401C5F60041086840F004000860A5
:101C0000704700BF00BF00BF41F20401C5F60041AC
:101C1000086820F004000860704700BF00BF00BFE4
:101C200081B0009044F20001C5F20021086820F064
:101C30004070009A1043086001B0704700BF00BFB9
:101C400044F20000C5F20020006800F040707047C8
:101C500082B001900091019800F01F02012101FA69
:101C600002FC20F01F020423C5F60003D05820EA2E
:101C70000C00D050019800F01F0201FA02F320F08E
:101C80001F014FF0B0428858984388509DF80200D9
:101C9000C00600280ED5FFE7019800F01F020121C1
:101CA00001FA02F320F01F014FF0B04288581843A8
:101CB0008850FFE79DF80200800600280FD5FFE757
:101CC000019800F01F02012101FA02F320F01F0128
:101CD0000422C5F60002885818438850FFE702B076
:101CE000704700BF00BF00BF81B00090009800F0B7
:101CF0001F02012101FA02F320F01F010822C5F69C
:101D0000000288581843885001B0704700BF00BFD8
:101D100081B00090009A02F01F01012088406FF00E
:101D20000F0101EA52018822C5F60002885001B075
:101D3000704700BF00BF00BF83B0029001910092C6
:101D40009DF80600C00730B3FFE7009888B9FFE7A9
:101D5000029901F01F02012000FA02F36FF00F0058
:101D600000EA51018022C5F6000288589843885045
:101D700010E0029901F01F02012000FA02F36FF057
:101D80000F0000EA51018022C5F60002885818436E
:101D90008850FFE7FFE79DF806008007002826D55A
:101DA000FFE7009888B9FFE7029901F01F020120C0
:101DB00000FA02F36FF00F0000EA51018422C5F629
:101DC000000288589843885010E0029901F01F02E1
:101DD000012000FA02F36FF00F0000EA51018422A3
:101DE000C5F60002885818438850FFE7FFE703B0A4
:101DF000704700BF00BF00BF84B003900291019202
:101E0000029878B9FFE7039800F01F02012101FA58
:101E100002F320F01F010C22C5F6000288589843F7
:101E200088500EE0039800F01F02012101FA02F32E
:101E300020F01F010C22C5F6000288581843885074
:101E4000FFE703980009C00748B9FFE7039820F0AF
:101E50001F001021C5F600010844009008E0039817
:101E600020F01F001421C5F6000108440090FFE790
:101E700000980068039A1E2101EA42020321914062
:101E800088430199914008430099086004B0704765
:101E900080B582B00190019800F002F802B080BDD8
:101EA00083B00290029800F0070000904EF60C51AB
:101EB000CEF200010868019001984FF6FF02104031
:101EC00001900198009A40EA02200022C0F2FA52E2
:101ED000104301900198086003B0704700BF00BF35
:101EE00080B586B005900491039200F011F802903D
:101EF0000598019002980499039A00F031F8014680
:101F0000019800F00DF806B080BD00BF00BF00BF13
:101F10004EF60C50CEF200000068C0F3022070476D
:101F200082B0019000910198002809D4FFE7009841
:101F3000000101994EF20042CEF2000288540AE0FC
:101F400000980001019901F00F014EF61452CEF2F3
:101F500000028854FFE702B0704700BF00BF00BF17
:101F600088B0079006910592079800F0070004904A
:101F70000498C0F10700052803D3FFE7042001906F
:101F800004E00498C0F107000190FFE70198039076
:101F900004980430062803D8FFE70020009003E0EF
:101FA000049803380090FFE7009802900698039980
:101FB000012202FA01F101390840029B984005997B
:101FC0009A40013A1140084308B0704700BF00BF73
:101FD00080B582B00190019800F002F802B080BD97
:101FE00081B00090009800280DD4FFE7009901F01F
:101FF0001F02012090404A094EF20011CEF200016A
:1020000041F82200FFE701B0704700BF00BF00BFEA
:1020100080B582B00190019800F002F802B080BD56
:1020200081B000900098002811D4FFE7009901F0DA
:102030001F02012090404A094EF28011CEF20001A9
:1020400041F82200BFF34F8FBFF36F8FFFE701B05E
:10205000704700BF00BF00BF00F002F800BF00BF24
:10206000BFF34F8F4EF60C51CEF20001086800F41A
:10207000E0600422C0F2FA5210430860BFF34F8FB1
:10208000FFE700BFFDE700BF80B582B00190019877
:1020900000F002F802B080BD80B582B000900098D8
:1020A0000138B0F1807F03D3FFE70120019019E0F0
:1020B000009801384EF21401CEF2000108604FF092
:1020C000FF300F21FFF72CFF4EF21801CEF2000176
:1020D000002008604EF21002CEF2000207211160CB
:1020E0000190FFE7019802B080BD00BF00BF00BFB4
:1020F000BFF35F8F4EF62451CEF20001086820F442
:10210000803008604EF69451CEF200010020086045
:10211000704700BF00BF00BF81B00090009840F042
:1021200001004EF69451CEF2000108604EF62451A3
:10213000CEF20001086840F480300860BFF34F8F92
:10214000BFF36F8F01B0704781B0009000984EF6DA
:102150009851CEF2000108604EF6A051CEF2000177
:10216000086840F00100086001B0704700BF00BF80
:1021700081B0009000984EF69851CEF200010860B0
:102180004EF6A051CEF20001086820F00100086070
:1021900001B0704700BF00BF10B581B0009000983B
:1021A00040784EF69851CEF2000108604EF6A051EC
:1021B000CEF20001086820F0010008600098406835
:1021C0004EF69C52CEF200021060DDF800E09EF860
:1021D0000C0000079EF80B2040EA02609EF80020E9
:1021E0009EF808309EF809C09EF80A4040EAC440B4
:1021F0009EF80D4040EA84409EF80E4040EA44407C
:102200009EF80FE040EA0E4040EA0C2040EA43000E
:102210001043086001B010BD80B5FFF779FE80BDA6
:1022200080B584B00390029101920093039800F06E
:1022300043F80299019A009B00F002F804B080BDB7
:1022400089B00890079106920593079800F007005F
:1022500004900498C0F10700052803D3FFE7042089
:10226000019004E00498C0F107000190FFE7019895
:10227000039004980430062803D8FFE7002000905C
:1022800003E0049803380090FFE700980290089854
:102290000299C840039A012101FA02F2013A104062
:1022A000069A10600898029A9140013908400599F1
:1022B000086009B0704700BF82B000900098002805
:1022C00009D4FFE700984EF20041CEF20001405CD5
:1022D000000901900AE0009800F00F004EF614513A
:1022E000CEF20001405C00090190FFE7019802B0C6
:1022F000704700BF00BF00BF80B582B00190019859
:1023000000F002F802B080BD81B000900098002873
:102310000DD4FFE7009901F01F02012090404A0907
:102320004EF20021CEF2000141F82200FFE701B099
:10233000704700BF00BF00BF80B582B00190019818
:1023400000F002F802B080BD82B000900098002832
:1023500010D4FFE7009841094EF20020CEF20000B1
:1023600050F82100009901F01F01C84000F0010061
:10237000019002E000200190FFE7019802B0704751
:1023800080B582B00190019800F002F802B080BDE3
:1023900081B00090009800280DD4FFE7009901F06B
:1023A0001F02012090404A094EF28021CEF2000126
:1023B00041F82200FFE701B0704700BF00BF00BF37
:1023C00080B582B00190019800F002F802B080BDA3
:1023D00082B000900098002810D4FFE700984109CF
:1023E0004EF20030CEF2000050F82100009901F0CA
:1023F0001F01C84000F00100019002E000200190A0
:10240000FFE7019802B0704781B00090009804285F
:1024100009D1FFE74EF21001CEF20001086840F04A
:102420000400086008E04EF21001CEF200010868D6
:1024300020F004000860FFE701B0704700BF00BF54
:1024400080B500F001F880BD704700BF00BF00BF3D
:10245000032070470000000010B58EB00C90FFF70D
:10246000D7F90A900C9820B9FFE701200D9000F0F1
:1024700093BC0C98016801201022C4F20202914220
:10248000079000F0A380FFE70C9801680120282244
:10249000C4F202029142079000F09880FFE70C9886
:1024A000016801204022C4F202029142079000F02C
:1024B0008D80FFE70C98016801205822C4F20202C7
:1024C0009142079000F08280FFE70C98016801209C
:1024D0007022C4F202029142079077D0FFE70C9875
:1024E000016801208822C4F20202914207906DD057
:1024F000FFE70C9801680120A022C4F20202914279
:10250000079063D0FFE70C9801680120B822C4F25D
:1025100002029142079059D0FFE70C980168012010
:1025200040F21042C4F20202914207904ED0FFE7FF
:102530000C980168012040F22842C4F20202914244
:10254000079043D0FFE70C980168012040F2404219
:10255000C4F202029142079038D0FFE70C9801685C
:10256000012040F25842C4F20202914207902DD05D
:10257000FFE70C980168012040F27042C4F20202A9
:102580009142079022D0FFE70C980168012040F2A9
:102590008842C4F202029142079017D0FFE70C98DC
:1025A0000168012040F2A042C4F202029142079069
:1025B0000CD0FFE70C9800684FF64831CBF6FD7160
:1025C0000844B0FA80F040090790FFE70798C00779
:1025D000002800F07381FFE70C98406A08B1FFE71C
:1025E000FFE70C9902208863FFE70C9900204863FD
:1025F000FFE70C9800681021C4F20201884200F045
:102600008180FFE70C9800682821C4F2020188420B
:1026100078D0FFE70C9800684021C4F2020188429C
:1026200070D0FFE70C9800685821C4F2020188427C
:1026300068D0FFE70C9800687021C4F2020188425C
:1026400060D0FFE70C9800688821C4F2020188423C
:1026500058D0FFE70C980068A021C4F2020188421C
:1026600050D0FFE70C980068B821C4F202018842FC
:1026700048D0FFE70C98006840F21041C4F2020114
:1026800088423FD0FFE70C98006840F22841C4F22E
:102690000201884236D0FFE70C98006840F24041C2
:1026A000C4F2020188422DD0FFE70C98006840F286
:1026B0005841C4F20201884224D0FFE70C98006818
:1026C00040F27041C4F2020188421BD0FFE70C982F
:1026D000006840F28841C4F20201884212D0FFE74C
:1026E0000C98006840F2A041C4F20201884209D06F
:1026F000FFE70C98006840F2B841C4F2020188423A
:1027000007D1FFE70C980168086820F00100086015
:1027100006E00C980168086820F001000860FFE7F7
:10272000FFE70C9800680068C00788B1FFE7FFF773
:102730006FF80A99401A062809D3FFE70C99202060
:1027400088650C990320886301200D9024E3E8E755
:102750000C98006800680B900B9848F23F01CFF688
:10276000106108400B900C998868D1F80CC00B6977
:102770004A6940EA0C00184310438A691043CA6949
:102780001043096A01430B9808430B900C98406A68
:10279000042808D1FFE70C99C86A096B01430B981C
:1027A00008430B90FFE741F20000C5F600400068C7
:1027B0004FF6FF718843B0F1005F40D3FFE70C98FC
:1027C0004068292807D3FFE70C98416801202F298A
:1027D00006902AD3FFE70C9840683F2807D3FFE70D
:1027E0000C9841680120432906901ED3FFE70C98FE
:1027F0004068472807D3FFE70C9841680120492922
:10280000069012D3FFE70C98416800204F290590ED
:1028100008D3FFE70C9841680020532938BF0120F6
:102820000590FFE705980690FFE70698C00728B1D6
:10283000FFE70B9840F480100B90FFE7FFE70B9841
:102840000C99096808600C98006840690B900B9817
:1028500020F007000B900C98416A0B9808430B90EE
:102860000C98406A042818D1FFE70C98816A0B98ED
:1028700008430B900C98C06A70B1FFE70C9800F009
:102880008FFA40B1FFE70C99402088650C99012030
:1028900088630D9080E2FFE7FFE70B980C990968C9
:1028A00048610C9800F0ECFA09900C98006E00F06A
:1028B0001F013F2088400999886022E10C98016837
:1028C000012045F20842C5F60202914204904ED022
:1028D000FFE70C980168012045F21C42C5F6020290
:1028E0009142049043D0FFE70C980168012045F223
:1028F0003042C5F602029142049038D0FFE70C98AE
:102900000168012045F24442C5F60202914204905A
:102910002DD0FFE70C980168012045F25842C5F61A
:1029200002029142049022D0FFE70C980168012036
:1029300045F26C42C5F602029142049017D0FFE7BF
:102940000C980168012045F28042C5F602029142CE
:1029500004900CD0FFE70C9800684AF66C31CAF27C
:10296000FD710844B0FA80F040090490FFE7049834
:10297000C007002800F0BB80FFE70C980168012029
:1029800045F20842C5F60202914203904ED0FFE79D
:102990000C980168012045F21C42C5F602029142E2
:1029A000039043D0FFE70C980168012045F23042C4
:1029B000C5F602029142039038D0FFE70C980168F7
:1029C000012045F24442C5F60202914203902DD007
:1029D000FFE70C980168012045F25842C5F6020253
:1029E0009142039022D0FFE70C980168012045F244
:1029F0006C42C5F602029142039017D0FFE70C9893
:102A00000168012045F28042C5F60202914203901E
:102A10000CD0FFE70C9800684AF66C31CAF2FD71E1
:102A20000844B0FA80F040090390FFE70398C0071C
:102A300008B1FFE7FFE70C9902208863FFE70C99D4
:102A400000204863FFE70C98006800680B900B9823
:102A50006FF310100B900C988068402803D1FFE7AB
:102A60001020029008E00C9880688038B0FA80F05E
:102A7000400980030290FFE702980C99CA680B692D
:102A8000D1F814C0D1F818E0CC694EEA040E4CEA33
:102A90000E0C43EA0C031A4340EAD200096A40EAEA
:102AA00011110B9808430B900B980C99096808605A
:102AB0000C9908684AF6F832CAF2FD7210444CF6D6
:102AC000CD42CCF6CC42A0FB02026FF0030000EA3C
:102AD000920008660C9800F0D3F908900C98006EEC
:102AE00000F01F01012088400899486008E00C9917
:102AF000402088650C990320886301200D904BE1EC
:102B0000FFE70C98016801201022C4F202029142F2
:102B1000019000F00381FFE70C9801680120282252
:102B2000C4F202029142019000F0F880FFE70C9895
:102B3000016801204022C4F202029142019000F09B
:102B4000ED80FFE70C98016801205822C4F20202D0
:102B50009142019000F0E280FFE70C9801680120AB
:102B60007022C4F202029142019000F0D780FFE788
:102B70000C98016801208822C4F20202914201905F
:102B800000F0CC80FFE70C9801680120A022C4F27D
:102B900002029142019000F0C180FFE70C980168A9
:102BA0000120B822C4F202029142019000F0B680E6
:102BB000FFE70C980168012040F21042C4F20202C3
:102BC0009142019000F0AA80FFE70C980168012073
:102BD00040F22842C4F202029142019000F09E802D
:102BE000FFE70C980168012040F24042C4F2020263
:102BF0009142019000F09280FFE70C98016801205B
:102C000040F25842C4F202029142019000F08680E4
:102C1000FFE70C980168012040F27042C4F2020202
:102C2000914201907AD0FFE70C980168012040F2B0
:102C30008842C4F20202914201906FD0FFE70C98E3
:102C40000168012040F2A042C4F2020291420190C8
:102C500064D0FFE70C980168012040F2B842C4F24A
:102C600002029142019059D0FFE70C9801680120BF
:102C700045F20842C5F60202914201904ED0FFE7AC
:102C80000C980168012045F21C42C5F602029142EF
:102C9000019043D0FFE70C980168012045F23042D3
:102CA000C5F602029142019038D0FFE70C98016806
:102CB000012045F24442C5F60202914201902DD016
:102CC000FFE70C980168012045F25842C5F6020260
:102CD0009142019022D0FFE70C980168012045F253
:102CE0006C42C5F602029142019017D0FFE70C98A2
:102CF0000168012045F28042C5F60202914201902E
:102D00000CD0FFE70C9800684AF66C31CAF2FD71EE
:102D10000844B0FA80F040090190FFE70198C0072D
:102D200090B3FFE70C9800F093F90C988068802826
:102D300004D1FFE70C9900204860FFE70C9908795F
:102D4000496E08600C98816EC06E48600C984068AF
:102D500088B1FFE70C98406808280CD8FFE70C986A
:102D600000F032FA0C98016F002008600C98416F57
:102D7000806F486007E00C99002008670C9948674D
:102D80000C998867FFE7FFE70C99002088650C9A8B
:102D9000012191630D90FFE70D980EB010BD00BFAB
:102DA00085B00490002003900498806908BBFFE779
:102DB0000498806A0290032819D80299DFE801F08C
:102DC000020C0216049890F82F00C00718B1FFE714
:102DD00001200390FFE70BE00498C06AB0F1C07FC8
:102DE00003D1FFE701200390FFE701E000E0FFE7E8
:102DF00042E004988069B0F5005F23D1FFE70498B2
:102E0000806A019003281BD80199DFE801F00205D0
:102E1000020F0120039014E0049890F82F00C007DF
:102E200018B1FFE701200390FFE70AE00498C06AA9
:102E3000B0F1C07F03D1FFE701200390FFE700E07E
:102E4000FFE718E00498806A0090032804D3FFE7A6
:102E50000098032803D00CE0012003900AE00498B6
:102E600090F82F00C00718B1FFE701200390FFE79B
:102E700000E0FFE7FFE7FFE7039805B0704700BFFA
:102E800083B002900298016801201022C4F202026D
:102E90009142009000F0A380FFE7029801680120B2
:102EA0002822C4F202029142009000F09880FFE7CD
:102EB0000298016801204022C4F20202914200906F
:102EC00000F08D80FFE70298016801205822C4F2CB
:102ED00002029142009000F08280FFE702980168B0
:102EE00001207022C4F202029142009077D0FFE7E5
:102EF0000298016801208822C4F2020291420090E7
:102F00006DD0FFE7029801680120A022C4F20202FE
:102F10009142009063D0FFE7029801680120B82237
:102F2000C4F202029142009059D0FFE70298016872
:102F3000012040F21042C4F20202914200904ED0B1
:102F4000FFE702980168012040F22842C4F2020221
:102F50009142009043D0FFE702980168012040F2BF
:102F60004042C4F202029142009038D0FFE702983A
:102F70000168012040F25842C4F2020291420090DE
:102F80002DD0FFE702980168012040F27042C4F2A0
:102F900002029142009022D0FFE7029801680120CE
:102FA00040F28842C4F202029142009017D0FFE73B
:102FB00002980168012040F2A042C4F2020291424C
:102FC00000900CD0FFE7029800684FF64831CBF62E
:102FD000FD710844B0FA80F040090090FFE70098C6
:102FE000C00740B3FFE70298007810384AF6AB21DB
:102FF000CAF6AA21A0FB011000090190019800F077
:10300000070149F22A60C0F60100405C0299086697
:103010000198042807D3FFE702990868042262F3A5
:103020000900C86506E00299086840F2FF32904343
:10303000C865FFE705E00299086820F0FF00C86551
:10304000FFE70298C06D03B0704700BF00BF00BF2C
:1030500084B00390039800680190039801680120F0
:1030600045F20842C5F60202914200904ED0FFE7B9
:1030700003980168012045F21C42C5F60202914204
:10308000009043D0FFE703980168012045F23042E9
:10309000C5F602029142009038D0FFE7039801681C
:1030A000012045F24442C5F60202914200902DD023
:1030B000FFE703980168012045F25842C5F6020275
:1030C0009142009022D0FFE703980168012045F269
:1030D0006C42C5F602029142009017D0FFE70398B8
:1030E0000168012045F28042C5F60202914200903B
:1030F0000CD0FFE7039800684AF66C31CAF2FD7104
:103100000844B0FA80F040090090FFE70098C0073B
:1031100010B3FFE70398007808384CF6CD41CCF6A1
:10312000CC41A0FB011000090290029945F6000075
:10313000C5F6020000EB810003994866039945F645
:103140008000C5F602008866029800F01F01012089
:1031500088400399C86635E00398007810384AF62D
:10316000AB21CAF6AA21A0FB011000090290019828
:1031700040F2B841C4F2020188420CD8FFE701983E
:1031800040F21041C4F20201884204D3FFE70298E2
:1031900008300290FFE7029940F60000C4F20200F6
:1031A00000EB810003994866039940F68000C4F261
:1031B00002008866029800F01F01012088400399F0
:1031C000C866FFE704B0704783B0029002980079A8
:1031D00001900198002800F08A80FFE701980828F4
:1031E00000F28580FFE702980168012045F208425D
:1031F000C5F60202914200904ED0FFE702980168A6
:10320000012045F21C42C5F602029142009043D0D3
:10321000FFE702980168012045F23042C5F602023C
:103220009142009038D0FFE702980168012045F2F2
:103230004442C5F60202914200902DD0FFE7029869
:103240000168012045F25842C5F602029142009001
:1032500022D0FFE702980168012045F26C42C5F6D2
:1032600002029142009017D0FFE702980168012006
:1032700045F28042C5F60202914200900CD0FFE771
:10328000029800684AF66C31CAF2FD710844B0FA3F
:1032900080F040090090FFE70098C00780B1FFE789
:1032A000019945F6FC00C5F6020000EB8100029989
:1032B0000867029945F64010C5F6020048670FE01E
:1032C000019940F6FC00C4F2020000EB8100029973
:1032D0000867029940F64010C4F202004867FFE711
:1032E0000198411E0120884002998867FFE703B0DA
:1032F000704700BF00BF00BF80B588B00690069839
:1033000018B9FFE7012007902BE20698006810210A
:10331000C4F20201884200F08180FFE7069800684D
:103320002821C4F20201884278D0FFE7069800689D
:103330004021C4F20201884270D0FFE7069800687D
:103340005821C4F20201884268D0FFE7069800685D
:103350007021C4F20201884260D0FFE7069800683D
:103360008821C4F20201884258D0FFE7069800681D
:10337000A021C4F20201884250D0FFE706980068FD
:10338000B821C4F20201884248D0FFE706980068DD
:1033900040F21041C4F2020188423FD0FFE7069894
:1033A000006840F22841C4F20201884236D0FFE7AB
:1033B0000698006840F24041C4F2020188422DD0D4
:1033C000FFE70698006840F25841C4F202018842C3
:1033D00024D0FFE70698006840F27041C4F2020171
:1033E00088421BD0FFE70698006840F28841C4F28B
:1033F0000201884212D0FFE70698006840F2A0411F
:10340000C4F20201884209D0FFE70698006840F242
:10341000B841C4F20201884207D1FFE7069801686B
:10342000086820F00100086006E006980168086856
:1034300020F001000860FFE70698016801201022D3
:10344000C4F202029142039000F0A380FFE70698C5
:10345000016801202822C4F202029142039000F088
:103460009880FFE70698016801204022C4F202021A
:103470009142039000F08D80FFE7069801680120DB
:103480005822C4F202029142039000F08280FFE7CA
:103490000698016801207022C4F202029142039052
:1034A00077D0FFE70698016801208822C4F2020263
:1034B000914203906DD0FFE7069801680120A02299
:1034C000C4F202029142039063D0FFE706980168BC
:1034D0000120B822C4F202029142039059D0FFE7C2
:1034E00006980168012040F21042C4F202029142A3
:1034F00003904ED0FFE706980168012040F2284271
:10350000C4F202029142039043D0FFE7069801689B
:10351000012040F24042C4F202029142039038D0AE
:10352000FFE706980168012040F25842C4F2020207
:10353000914203902DD0FFE706980168012040F2E8
:103540007042C4F202029142039022D0FFE7069833
:103550000168012040F28842C4F2020291420390C5
:1035600017D0FFE706980168012040F2A042C4F29C
:103570000202914203900CD0FFE7069800684FF6D4
:103580004831CBF6FD710844B0FA80F04009039051
:10359000FFE70398C00708B3FFE70698016800201B
:1035A0000860069909684860069909688860069964
:1035B0000968C860069909680861069801682120B1
:1035C00048610698FFF75CFC05900698006E00F0D5
:1035D0001F013F208840059988607DE006980168BA
:1035E000012045F20842C5F60202914202904ED0F7
:1035F000FFE706980168012045F21C42C5F6020269
:103600009142029043D0FFE706980168012045F2FD
:103610003042C5F602029142029038D0FFE7069888
:103620000168012045F24442C5F60202914202902F
:103630002DD0FFE706980168012045F25842C5F6F3
:1036400002029142029022D0FFE706980168012011
:1036500045F26C42C5F602029142029017D0FFE794
:1036600006980168012045F28042C5F602029142A7
:1036700002900CD0FFE7069800684AF66C31CAF257
:10368000FD710844B0FA80F040090290FFE702980B
:10369000C007E8B1FFE706980168002008600699B6
:1036A0000968486006990968886006990968C860D1
:1036B0000699096808610698FFF7E2FB04900698EE
:1036C000006E00F01F01012088400499486002E06C
:1036D0000120079045E0FFE70698FFF7B9FC069840
:1036E000406E48B1FFE70698416E002008600698DA
:1036F000816EC06E4860FFE70698406888B1FFE7BA
:103700000698406808280CD8FFE70698FFF75CFD8C
:103710000698016F002008600698416F806F48602E
:10372000FFE7069900200190086706994867069907
:10373000886706990864069948640699886406991A
:10374000C8640699086506994865069988650699CA
:103750008863FFE7069900204863FFE70020079091
:10376000FFE7079808B080BD80B586B0049003914C
:103770000292019300200090049818B9FFE70120FD
:1037800005905DE1FFE70498406B012803D1FFE756
:103790000220059054E1049901204863FFE7FFE708
:1037A0000498806B012840F03C81FFE704990220D7
:1037B0008863049900208865049800681021C4F289
:1037C0000201884200F08180FFE704980068282108
:1037D000C4F20201884278D0FFE7049800684021D3
:1037E000C4F20201884270D0FFE7049800685821B3
:1037F000C4F20201884268D0FFE704980068702193
:10380000C4F20201884260D0FFE704980068882172
:10381000C4F20201884258D0FFE704980068A02152
:10382000C4F20201884250D0FFE704980068B82132
:10383000C4F20201884248D0FFE70498006840F2D1
:103840001041C4F2020188423FD0FFE704980068AB
:1038500040F22841C4F20201884236D0FFE70498C2
:10386000006840F24041C4F2020188422DD0FFE7D7
:103870000498006840F25841C4F20201884224D002
:10388000FFE70498006840F27041C4F202018842E8
:103890001BD0FFE70498006840F28841C4F202019F
:1038A000884212D0FFE70498006840F2A041C4F2B9
:1038B0000201884209D0FFE70498006840F2B8414D
:1038C000C4F20201884207D1FFE704980168086842
:1038D00020F00100086006E004980168086820F004
:1038E00001000860FFE704980399029A019B00F029
:1038F000ABF8049800681021C4F20201884200F07D
:103900008180FFE7049800682821C4F20201884200
:1039100078D0FFE7049800684021C4F20201884291
:1039200070D0FFE7049800685821C4F20201884271
:1039300068D0FFE7049800687021C4F20201884251
:1039400060D0FFE7049800688821C4F20201884231
:1039500058D0FFE704980068A021C4F20201884211
:1039600050D0FFE704980068B821C4F202018842F1
:1039700048D0FFE70498006840F21041C4F2020109
:1039800088423FD0FFE70498006840F22841C4F223
:103990000201884236D0FFE70498006840F24041B7
:1039A000C4F2020188422DD0FFE70498006840F27B
:1039B0005841C4F20201884224D0FFE7049800680D
:1039C00040F27041C4F2020188421BD0FFE7049824
:1039D000006840F28841C4F20201884212D0FFE739
:1039E0000498006840F2A041C4F20201884209D064
:1039F000FFE70498006840F2B841C4F2020188422F
:103A000007D1FFE704980168086840F001000860EA
:103A100006E004980168086840F001000860FFE7CC
:103A20000BE004994FF400608865FFE704990020DB
:103A30004863FFE701200090FFE700980590FFE74B
:103A4000059806B080BD00BF89B008900791069226
:103A500005930898C06D04900898C06D039008986D
:103A6000016801201022C4F202029142029000F08B
:103A70000381FFE70898016801202822C4F20202AE
:103A80009142029000F0F880FFE708980168012059
:103A90004022C4F202029142029000F0ED80FFE762
:103AA0000898016801205822C4F202029142029053
:103AB00000F0E280FFE70898016801207022C4F25C
:103AC00002029142029000F0D780FFE70898016857
:103AD00001208822C4F202029142029000F0CC80C0
:103AE000FFE7089801680120A022C4F20202914277
:103AF000029000F0C180FFE7089801680120B82219
:103B0000C4F202029142029000F0B680FFE70898EA
:103B10000168012040F21042C4F202029142029078
:103B200000F0AA80FFE708980168012040F22842CF
:103B3000C4F202029142029000F09E80FFE70898D2
:103B40000168012040F24042C4F202029142029018
:103B500000F09280FFE708980168012040F2584287
:103B6000C4F202029142029000F08680FFE70898BA
:103B70000168012040F27042C4F2020291420290B8
:103B80007AD0FFE708980168012040F28842C4F229
:103B90000202914202906FD0FFE70898016801206D
:103BA00040F2A042C4F202029142029064D0FFE7C8
:103BB00008980168012040F2B842C4F20202914222
:103BC000029059D0FFE708980168012045F20842A9
:103BD000C5F60202914202904ED0FFE708980168B4
:103BE000012045F21C42C5F602029142029043D0E8
:103BF000FFE708980168012045F23042C5F602024D
:103C00009142029038D0FFE708980168012045F200
:103C10004442C5F60202914202902DD0FFE7089877
:103C20000168012045F25842C5F602029142029015
:103C300022D0FFE708980168012045F26C42C5F6E2
:103C400002029142029017D0FFE708980168012014
:103C500045F28042C5F60202914202900CD0FFE785
:103C6000089800684AF66C31CAF2FD710844B0FA4F
:103C700080F040090290FFE70298C00770B1FFE7AB
:103C80000898816EC06E48600898006F28B1FFE701
:103C90000898416F806F4860FFE7FFE70898016868
:103CA00001201022C4F202029142019000F0A38090
:103CB000FFE70898016801202822C4F2020291421D
:103CC000019000F09880FFE70898016801204022E9
:103CD000C4F202029142019000F08D80FFE7089843
:103CE000016801205822C4F202029142019000F0C2
:103CF0008280FFE70898016801207022C4F2020266
:103D00009142019077D0FFE708980168012088224E
:103D1000C4F20202914201906DD0FFE70898016859
:103D20000120A022C4F202029142019063D0FFE779
:103D3000089801680120B822C4F202029142019061
:103D400059D0FFE708980168012040F21042C4F200
:103D50000202914201904ED0FFE7089801680120CD
:103D600040F22842C4F202029142019043D0FFE7A0
:103D700008980168012040F24042C4F202029142D8
:103D8000019038D0FFE708980168012040F25842BE
:103D9000C4F20202914201902DD0FFE70898016819
:103DA000012040F27042C4F202029142019022D0FE
:103DB000FFE708980168012040F28842C4F202023D
:103DC0009142019017D0FFE708980168012040F266
:103DD000A042C4F20202914201900CD0FFE7089881
:103DE00000684FF64831CBF6FD710844B0FA80F018
:103DF00040090190FFE70198C00750B3FFE708981A
:103E0000006E00F01F013F208840049988600898E8
:103E10000168086820F480200860059808990968FE
:103E2000486008988068402809D1FFE706980899FB
:103E300009688860079808990968C86008E00798C9
:103E4000089909688860069808990968C860FFE7BA
:103E500082E008980168012045F20842C5F6020296
:103E6000914200904ED0FFE708980168012045F28A
:103E70001C42C5F602029142009043D0FFE7089829
:103E80000168012045F23042C5F6020291420090DD
:103E900038D0FFE708980168012045F24442C5F692
:103EA0000202914200902DD0FFE70898016801209E
:103EB00045F25842C5F602029142009022D0FFE737
:103EC00008980168012045F26C42C5F60202914251
:103ED000009017D0FFE708980168012045F2804262
:103EE000C5F60202914200900CD0FFE708980068E6
:103EF0004AF66C31CAF2FD710844B0FA80F040090C
:103F00000090FFE70098C00720B3FFE70898006E15
:103F100000F01F0101208840039948600598089926
:103F20000968486008988068402809D1FFE706982A
:103F3000089909688860079808990968C86008E0C6
:103F40000798089909688860069808990968C86000
:103F5000FFE700E0FFE7FFE709B0704700BF00BFE1
:103F600080B588B0069005910492039300200290DA
:103F7000069818B9FFE70120079063E3FFE706986A
:103F8000406B012803D1FFE7022007905AE306990E
:103F900001204863FFE7FFE70698806B012840F0A7
:103FA0004283FFE70699022088630699002088650E
:103FB000069800681021C4F20201884200F0818056
:103FC000FFE7069800682821C4F20201884278D0F1
:103FD000FFE7069800684021C4F20201884270D0D1
:103FE000FFE7069800685821C4F20201884268D0B1
:103FF000FFE7069800687021C4F20201884260D091
:10400000FFE7069800688821C4F20201884258D070
:10401000FFE706980068A021C4F20201884250D050
:10402000FFE706980068B821C4F20201884248D030
:10403000FFE70698006840F21041C4F2020188428E
:104040003FD0FFE70698006840F22841C4F2020121
:10405000884236D0FFE70698006840F24041C4F23B
:10406000020188422DD0FFE70698006840F25841CF
:10407000C4F20201884224D0FFE70698006840F2AB
:104080007041C4F2020188421BD0FFE70698006825
:1040900040F28841C4F20201884212D0FFE706983C
:1040A000006840F2A041C4F20201884209D0FFE753
:1040B0000698006840F2B841C4F20201884207D174
:1040C000FFE706980168086820F00100086006E034
:1040D00006980168086820F001000860FFE706986C
:1040E0000599049A039BFFF7AFFC0698016801202D
:1040F0001022C4F202029142019000F0A380FFE777
:104100000698016801202822C4F20202914201901F
:1041100000F09880FFE70698016801204022C4F271
:1041200002029142019000F08D80FFE7069801683D
:1041300001205822C4F202029142019000F08280D4
:10414000FFE70698016801207022C4F20202914242
:10415000019077D0FFE70698016801208822C4F219
:104160000202914201906DD0FFE70698016801209C
:10417000A022C4F202029142019063D0FFE70698A8
:1041800001680120B822C4F202029142019059D084
:10419000FFE706980168012040F21042C4F20202D3
:1041A000914201904ED0FFE706980168012040F24D
:1041B0002842C4F202029142019043D0FFE70698E0
:1041C0000168012040F24042C4F202029142019093
:1041D00038D0FFE706980168012040F25842C4F247
:1041E0000202914201902DD0FFE70698016801205C
:1041F00040F27042C4F202029142019022D0FFE7E5
:1042000006980168012040F28842C4F202029142FD
:10421000019017D0FFE706980168012040F2A04204
:10422000C4F20202914201900CD0FFE706980068A8
:104230004FF64831CBF6FD710844B0FA80F04009E2
:104240000190FFE70198C007A8B1FFE70698006852
:1042500000680B2161F3440006990968086006981C
:10426000406C38B1FFE706980168086840F0080024
:104270000860FFE714E0069800680068052161F314
:1042800043000699096808600698406C38B1FFE75A
:1042900006980168086840F004000860FFE7FFE73F
:1042A0000698016801201022C4F202029142009097
:1042B00000F00381FFE70698016801202822C4F27C
:1042C00002029142009000F0F880FFE70698016832
:1042D00001204022C4F202029142009000F0ED80E1
:1042E000FFE70698016801205822C4F202029142B9
:1042F000009000F0E280FFE706980168012070223C
:10430000C4F202029142009000F0D780FFE70698C5
:10431000016801208822C4F202029142009000F05C
:10432000CC80FFE7069801680120A022C4F20202B7
:104330009142009000F0C180FFE7069801680120DB
:10434000B822C4F202029142009000F0B680FFE76A
:1043500006980168012040F21042C4F20202914224
:10436000009000F0AA80FFE706980168012040F263
:104370002842C4F202029142009000F09E80FFE7C2
:1043800006980168012040F24042C4F202029142C4
:10439000009000F09280FFE706980168012040F24B
:1043A0005842C4F202029142009000F08680FFE77A
:1043B00006980168012040F27042C4F20202914264
:1043C00000907AD0FFE706980168012040F2884209
:1043D000C4F20202914200906FD0FFE70698016894
:1043E000012040F2A042C4F202029142009064D047
:1043F000FFE706980168012040F2B842C4F20202C9
:104400009142009059D0FFE706980168012045F2DB
:104410000842C5F60202914200904ED0FFE706988E
:104420000168012045F21C42C5F60202914200904B
:1044300043D0FFE706980168012045F23042C5F6F7
:1044400002029142009038D0FFE7069801680120EF
:1044500045F24442C5F60202914200902DD0FFE79A
:1044600006980168012045F25842C5F602029142C1
:10447000009022D0FFE706980168012045F26C42C7
:10448000C5F602029142009017D0FFE70698016836
:10449000012045F28042C5F60202914200900CD004
:1044A000FFE7069800684AF66C31CAF2FD710844CD
:1044B000B0FA80F040090090FFE70098C007D0B143
:1044C000FFE70698406E0068C003002807D5FFE7A5
:1044D0000698416E086840F480700860FFE706980F
:1044E000006F38B1FFE70698016F086840F48070EC
:1044F0000860FFE7FFE7069800681021C4F2020198
:10450000884200F08180FFE7069800682821C4F205
:104510000201884278D0FFE7069800684021C4F283
:104520000201884270D0FFE7069800685821C4F263
:104530000201884268D0FFE7069800687021C4F243
:104540000201884260D0FFE7069800688821C4F223
:104550000201884258D0FFE706980068A021C4F203
:104560000201884250D0FFE706980068B821C4F2E3
:104570000201884248D0FFE70698006840F21041E7
:10458000C4F2020188423FD0FFE70698006840F27B
:104590002841C4F20201884236D0FFE7069800683D
:1045A00040F24041C4F2020188422DD0FFE7069854
:1045B000006840F25841C4F20201884224D0FFE76B
:1045C0000698006840F27041C4F2020188421BD094
:1045D000FFE70698006840F28841C4F20201884271
:1045E00012D0FFE70698006840F2A041C4F2020131
:1045F000884209D0FFE70698006840F2B841C4F24B
:104600000201884207D1FFE706980168086840F078
:104610000100086006E006980168086840F00100A3
:104620000860FFE70BE006994FF400608865FFE73C
:10463000069900204863FFE701200290FFE70298F7
:104640000790FFE7079808B080BD00BF00BF00BF1C
:1046500080B58AB00890FDF7DBF80490089820B97F
:10466000FFE70120099000F0A1BC0898806B0228A8
:104670000CD0FFE7089980208865FFE708990020A3
:104680004863FFE70120099000F090BC089801689A
:1046900001201022C4F202029142039000F0A38094
:1046A000FFE70898016801202822C4F20202914223
:1046B000039000F09880FFE70898016801204022ED
:1046C000C4F202029142039000F08D80FFE7089847
:1046D000016801205822C4F202029142039000F0C6
:1046E0008280FFE70898016801207022C4F202026C
:1046F0009142039077D0FFE7089801680120882253
:10470000C4F20202914203906DD0FFE7089801685D
:104710000120A022C4F202029142039063D0FFE77D
:10472000089801680120B822C4F202029142039065
:1047300059D0FFE708980168012040F21042C4F206
:104740000202914203904ED0FFE7089801680120D1
:1047500040F22842C4F202029142039043D0FFE7A4
:1047600008980168012040F24042C4F202029142DE
:10477000039038D0FFE708980168012040F25842C2
:10478000C4F20202914203902DD0FFE7089801681D
:10479000012040F27042C4F202029142039022D002
:1047A000FFE708980168012040F28842C4F2020243
:1047B0009142039017D0FFE708980168012040F26A
:1047C000A042C4F20202914203900CD0FFE7089885
:1047D00000684FF64831CBF6FD710844B0FA80F01E
:1047E00040090390FFE70398C00780B1FFE70898EE
:1047F0000168086820F01E00086008980168486990
:1048000020F08000486108980068059009E0089849
:104810000168086820F00E0008600898006805909C
:10482000FFE70898016801201022C4F202029142B9
:10483000029000F00381FFE7089801680120282218
:10484000C4F202029142029000F0F880FFE708985B
:10485000016801204022C4F202029142029000F05D
:10486000ED80FFE70898016801205822C4F2020297
:104870009142029000F0E280FFE708980168012071
:104880007022C4F202029142029000F0D780FFE74A
:104890000898016801208822C4F202029142029025
:1048A00000F0CC80FFE7089801680120A022C4F244
:1048B00002029142029000F0C180FFE7089801686F
:1048C0000120B822C4F202029142029000F0B680A8
:1048D000FFE708980168012040F21042C4F202028A
:1048E0009142029000F0AA80FFE708980168012039
:1048F00040F22842C4F202029142029000F09E80EF
:10490000FFE708980168012040F24042C4F2020229
:104910009142029000F09280FFE708980168012020
:1049200040F25842C4F202029142029000F08680A6
:10493000FFE708980168012040F27042C4F20202C9
:10494000914202907AD0FFE708980168012040F276
:104950008842C4F20202914202906FD0FFE70898A9
:104960000168012040F2A042C4F20202914202908A
:1049700064D0FFE708980168012040F2B842C4F211
:1049800002029142029059D0FFE708980168012085
:1049900045F20842C5F60202914202904ED0FFE76E
:1049A00008980168012045F21C42C5F602029142B6
:1049B000029043D0FFE708980168012045F2304299
:1049C000C5F602029142029038D0FFE708980168CC
:1049D000012045F24442C5F60202914202902DD0D8
:1049E000FFE708980168012045F25842C5F6020227
:1049F0009142029022D0FFE708980168012045F219
:104A00006C42C5F602029142029017D0FFE7089867
:104A10000168012045F28042C5F6020291420290EF
:104A20000CD0FFE7089800684AF66C31CAF2FD71B5
:104A30000844B0FA80F040090290FFE70298C007EE
:104A400038B1FFE70898416E086820F4807008606C
:104A5000FFE7089800681021C4F20201884200F0C4
:104A60008180FFE7089800682821C4F2020188428B
:104A700078D0FFE7089800684021C4F2020188421C
:104A800070D0FFE7089800685821C4F202018842FC
:104A900068D0FFE7089800687021C4F202018842DC
:104AA00060D0FFE7089800688821C4F202018842BC
:104AB00058D0FFE708980068A021C4F2020188429C
:104AC00050D0FFE708980068B821C4F2020188427C
:104AD00048D0FFE70898006840F21041C4F2020194
:104AE00088423FD0FFE70898006840F22841C4F2AE
:104AF0000201884236D0FFE70898006840F2404142
:104B0000C4F2020188422DD0FFE70898006840F205
:104B10005841C4F20201884224D0FFE70898006897
:104B200040F27041C4F2020188421BD0FFE70898AE
:104B3000006840F28841C4F20201884212D0FFE7C7
:104B40000898006840F2A041C4F20201884209D0EE
:104B5000FFE70898006840F2B841C4F202018842B9
:104B600007D1FFE708980168086820F00100086095
:104B700006E008980168086820F001000860FFE777
:104B8000FFE705980068C007B0B1FFE7FCF740FEFB
:104B90000499401A06280ED3FFE70899202088655B
:104BA000089903208863FFE7089900204863FFE71E
:104BB00001200990FAE1E4E7089801680120102239
:104BC000C4F202029142019000F0A380FFE708982E
:104BD000016801202822C4F202029142019000F0F3
:104BE0009880FFE70898016801204022C4F2020281
:104BF0009142019000F08D80FFE708980168012044
:104C00005822C4F202029142019000F08280FFE734
:104C10000898016801207022C4F2020291420190BA
:104C200077D0FFE70898016801208822C4F20202C9
:104C3000914201906DD0FFE7089801680120A02201
:104C4000C4F202029142019063D0FFE70898016824
:104C50000120B822C4F202029142019059D0FFE72C
:104C600008980168012040F21042C4F20202914209
:104C700001904ED0FFE708980168012040F22842D9
:104C8000C4F202029142019043D0FFE70898016804
:104C9000012040F24042C4F202029142019038D019
:104CA000FFE708980168012040F25842C4F202026E
:104CB000914201902DD0FFE708980168012040F251
:104CC0007042C4F202029142019022D0FFE708989C
:104CD0000168012040F28842C4F202029142019030
:104CE00017D0FFE708980168012040F2A042C4F203
:104CF0000202914201900CD0FFE7089800684FF63D
:104D00004831CBF6FD710844B0FA80F040090190BB
:104D1000FFE70198C00760B1FFE70898C06D0790F2
:104D20000898006E00F01F013F20884007998860B6
:104D30000BE00898C06D06900898006E00F01F0107
:104D40000120884006994860FFE708980168012023
:104D50001022C4F202029142009000F00381FFE7AA
:104D60000898016801202822C4F2020291420090B2
:104D700000F0F880FFE70898016801204022C4F2A3
:104D800002029142009000F0ED80FFE70898016870
:104D900001205822C4F202029142009000F0E28009
:104DA000FFE70898016801207022C4F202029142D4
:104DB000009000F0D780FFE7089801680120882262
:104DC000C4F202029142009000F0CC80FFE7089804
:104DD00001680120A022C4F202029142009000F07A
:104DE000C180FFE7089801680120B822C4F20202DE
:104DF0009142009000F0B680FFE70898016801201A
:104E000040F21042C4F202029142009000F0AA80E7
:104E1000FFE708980168012040F22842C4F202022C
:104E20009142009000F09E80FFE708980168012001
:104E300040F24042C4F202029142009000F092809F
:104E4000FFE708980168012040F25842C4F20202CC
:104E50009142009000F08680FFE7089801680120E9
:104E600040F27042C4F20202914200907AD0FFE711
:104E700008980168012040F28842C4F2020291427F
:104E800000906FD0FFE708980168012040F2A0422F
:104E9000C4F202029142009064D0FFE708980168D2
:104EA000012040F2B842C4F202029142009059D06F
:104EB000FFE708980168012045F20842C5F60202A2
:104EC000914200904ED0FFE708980168012045F21A
:104ED0001C42C5F602029142009043D0FFE70898B9
:104EE0000168012045F23042C5F60202914200906D
:104EF00038D0FFE708980168012045F24442C5F622
:104F00000202914200902DD0FFE70898016801202D
:104F100045F25842C5F602029142009022D0FFE7C6
:104F200008980168012045F26C42C5F602029142E0
:104F3000009017D0FFE708980168012045F28042F1
:104F4000C5F60202914200900CD0FFE70898006875
:104F50004AF66C31CAF2FD710844B0FA80F040099B
:104F60000090FFE70098C007A0B1FFE70898816EA6
:104F7000C06E48600898006F58B1FFE70898016F4D
:104F8000086820F4807008600898416F806F48605E
:104F9000FFE7FFE7089901208863FFE708990020F1
:104FA0004863FFE7FFE700200990FFE709980AB090
:104FB00080BD00BF00BF00BF80B586B004900498DC
:104FC00018B9FFE70120059040E30498806B0228A0
:104FD00006D0FFE70499802088650120059035E31D
:104FE0000498016801201022C4F20202914202904A
:104FF00000F0A380FFE70498016801202822C4F292
:1050000002029142029000F09880FFE70498016844
:1050100001204022C4F202029142029000F08D80F1
:10502000FFE70498016801205822C4F2020291426D
:10503000029000F08280FFE704980168012070224E
:10504000C4F202029142029077D0FFE7049801680F
:1050500001208822C4F20202914202906DD0FFE743
:10506000049801680120A022C4F202029142029039
:1050700063D0FFE7049801680120B822C4F202025D
:105080009142029059D0FFE704980168012040F254
:105090001042C4F20202914202904ED0FFE70498FF
:1050A0000168012040F22842C4F2020291420290BB
:1050B00043D0FFE704980168012040F24042C4F267
:1050C00002029142029038D0FFE704980168012063
:1050D00040F25842C4F20202914202902DD0FFE702
:1050E00004980168012040F27042C4F20202914229
:1050F000029022D0FFE704980168012040F2884224
:10510000C4F202029142029017D0FFE704980168AE
:10511000012040F2A042C4F20202914202900CD05F
:10512000FFE7049800684FF64831CBF6FD7108445C
:10513000B0FA80F040090290FFE70298C00700280B
:1051400000F09C80FFE704990420886304980068BD
:105150001021C4F20201884200F08180FFE7049828
:1051600000682821C4F20201884278D0FFE7049841
:1051700000684021C4F20201884270D0FFE7049821
:1051800000685821C4F20201884268D0FFE7049801
:1051900000687021C4F20201884260D0FFE70498E1
:1051A00000688821C4F20201884258D0FFE70498C1
:1051B0000068A021C4F20201884250D0FFE70498A1
:1051C0000068B821C4F20201884248D0FFE7049881
:1051D000006840F21041C4F2020188423FD0FFE76C
:1051E0000498006840F22841C4F20201884236D097
:1051F000FFE70498006840F24041C4F2020188428F
:105200002DD0FFE70498006840F25841C4F2020133
:10521000884224D0FFE70498006840F27041C4F24D
:10522000020188421BD0FFE70498006840F28841E1
:10523000C4F20201884212D0FFE70498006840F2ED
:10524000A041C4F20201884209D0FFE70498006837
:1052500040F2B841C4F20201884207D1FFE7049846
:105260000168086820F00100086006E00498016801
:10527000086820F001000860FFE7E3E10498016896
:10528000086820F00E000860049800681021C4F23D
:105290000201884200F08180FFE70498006828211D
:1052A000C4F20201884278D0FFE7049800684021E8
:1052B000C4F20201884270D0FFE7049800685821C8
:1052C000C4F20201884268D0FFE7049800687021A8
:1052D000C4F20201884260D0FFE704980068882188
:1052E000C4F20201884258D0FFE704980068A02168
:1052F000C4F20201884250D0FFE704980068B82148
:10530000C4F20201884248D0FFE70498006840F2E6
:105310001041C4F2020188423FD0FFE704980068C0
:1053200040F22841C4F20201884236D0FFE70498D7
:10533000006840F24041C4F2020188422DD0FFE7EC
:105340000498006840F25841C4F20201884224D017
:10535000FFE70498006840F27041C4F202018842FD
:105360001BD0FFE70498006840F28841C4F20201B4
:10537000884212D0FFE70498006840F2A041C4F2CE
:105380000201884209D0FFE70498006840F2B84162
:10539000C4F20201884207D1FFE704980168086857
:1053A00020F00100086006E004980168086820F019
:1053B00001000860FFE70498016801201022C4F290
:1053C00002029142019000F00381FFE70498016816
:1053D00001202822C4F202029142019000F0F880DC
:1053E000FFE70498016801204022C4F202029142C2
:1053F000019000F0ED80FFE7049801680120582239
:10540000C4F202029142019000F0E280FFE70498AA
:10541000016801207022C4F202029142019000F062
:10542000D780FFE70498016801208822C4F20202B5
:105430009142019000F0CC80FFE7049801680120C0
:10544000A022C4F202029142019000F0C180FFE765
:10545000049801680120B822C4F20202914201902E
:1054600000F0B680FFE704980168012040F2104286
:10547000C4F202029142019000F0AA80FFE7049872
:105480000168012040F22842C4F2020291420190D8
:1054900000F09E80FFE704980168012040F240423E
:1054A000C4F202029142019000F09280FFE704985A
:1054B0000168012040F25842C4F202029142019078
:1054C00000F08680FFE704980168012040F27042F6
:1054D000C4F20202914201907AD0FFE70498016879
:1054E000012040F28842C4F20202914201906FD042
:1054F000FFE704980168012040F2A042C4F20202D2
:105500009142019064D0FFE704980168012040F2C5
:10551000B842C4F202029142019059D0FFE70498C8
:105520000168012045F20842C5F60202914201904D
:105530004ED0FFE704980168012045F21C42C5F6F1
:1055400002029142019043D0FFE7049801680120D4
:1055500045F23042C5F602029142019038D0FFE791
:1055600004980168012045F24442C5F602029142C6
:1055700001902DD0FFE704980168012045F25842C0
:10558000C5F602029142019022D0FFE7049801681B
:10559000012045F26C42C5F602029142019017D0FB
:1055A000FFE704980168012045F28042C5F6020237
:1055B000914201900CD0FFE7049800684AF66C31E4
:1055C000CAF2FD710844B0FA80F040090190FFE78B
:1055D0000198C00728B3FFE70498416E086820F4DB
:1055E000807008600498C06D03900498006E00F00D
:1055F0001F0101208840039948600498816EC06EA5
:1056000048600498006F58B1FFE70498016F08687C
:1056100020F4807008600498416F806F4860FFE755
:10562000FFE7049901208863FFE70499002048639D
:10563000FFE70498406D20B1FFE70498416D88476B
:10564000FFE7FFE7FFE700200590FFE7059806B0BA
:1056500080BD00BF00BF00BF80B58EB00C900B9125
:105660000A9200200990FCF7D3F807900C9820B913
:10567000FFE701200D9000F033BD0C98806B0228ED
:105680000CD0FFE70C9980208865FFE70C9900207B
:105690004863FFE701200D9000F022BD0C980168DF
:1056A00001201022C4F202029142049000F0A38073
:1056B000FFE70C98016801202822C4F202029142FF
:1056C000049000F09880FFE70C98016801204022C8
:1056D000C4F202029142049000F08D80FFE70C9822
:1056E000016801205822C4F202029142049000F0A5
:1056F0008280FFE70C98016801207022C4F2020248
:105700009142049077D0FFE70C980168012088222D
:10571000C4F20202914204906DD0FFE70C98016838
:105720000120A022C4F202029142049063D0FFE75C
:105730000C9801680120B822C4F202029142049040
:1057400059D0FFE70C980168012040F21042C4F2E2
:105750000202914204904ED0FFE70C9801680120AC
:1057600040F22842C4F202029142049043D0FFE783
:105770000C980168012040F24042C4F202029142BA
:10578000049038D0FFE70C980168012040F258429D
:10579000C4F20202914204902DD0FFE70C980168F8
:1057A000012040F27042C4F202029142049022D0E1
:1057B000FFE70C980168012040F28842C4F202021F
:1057C0009142049017D0FFE70C980168012040F245
:1057D000A042C4F20202914204900CD0FFE70C9860
:1057E00000684FF64831CBF6FD710844B0FA80F0FE
:1057F00040090490FFE70498C00750B3FFE70C98F6
:1058000000680068C005002808D5FFE70C994FF430
:105810008070886501200D9000F062BC0B9840B943
:10582000FFE70C98006E00F01F01202088400890D0
:1058300007E00C98006E00F01F01102088400890CF
:10584000FFE70C98C06D06900C98C06D083005906D
:1058500029E00C98006800688006002808D5FFE75A
:105860000C994FF48070886501200D9000F038BCD1
:105870000B9840B9FFE70C98006E00F01F01022062
:105880008840089007E00C98006E00F01F0104208B
:1058900088400890FFE70C98C06D06900C98C06D8A
:1058A00004300590FFE7FFE7069800680899084272
:1058B00040F07E82FFE70C98016801201022C4F2BC
:1058C00002029142039000F0A380FFE70C98016868
:1058D00001202822C4F202029142039000F0988035
:1058E000FFE70C98016801204022C4F202029142B5
:1058F000039000F08D80FFE70C980168012058228A
:10590000C4F202029142039000F08280FFE70C98FB
:10591000016801207022C4F202029142039077D004
:10592000FFE70C98016801208822C4F2020291422C
:1059300003906DD0FFE70C9801680120A022C4F20B
:1059400002029142039063D0FFE70C9801680120A6
:10595000B822C4F202029142039059D0FFE70C989A
:105960000168012040F21042C4F202029142039009
:105970004ED0FFE70C980168012040F22842C4F2A3
:1059800002029142039043D0FFE70C980168012086
:1059900040F24042C4F202029142039038D0FFE745
:1059A0000C980168012040F25842C4F20202914270
:1059B00003902DD0FFE70C980168012040F270425F
:1059C000C4F202029142039022D0FFE70C980168D2
:1059D000012040F28842C4F202029142039017D0A3
:1059E000FFE70C980168012040F2A042C4F20202D5
:1059F000914203900CD0FFE70C9800684FF64831B5
:105A0000CBF6FD710844B0FA80F040090390FFE73F
:105A10000398C007002855D0FFE7069800680C9946
:105A2000096E01F01F01C840C00770B1FFE70C9973
:105A3000886D40F0020088650C98006E00F01F0130
:105A40000120884005990860FFE7069800680C99D6
:105A5000096E01F01F01C840400700280ED5FFE77E
:105A60000C99886D40F0040088650C98006E00F079
:105A70001F010420884005990860FFE70698006828
:105A80000C99096E01F01F01C8400007002818D5C5
:105A9000FFE70C99886D40F0010088650C98006E56
:105AA00000F01F0108208840059908600C9901202A
:105AB0008863FFE70C9900204863FFE701200D9001
:105AC0000EE320E0069800680C99096E01F01F01B2
:105AD000C8400007002815D5FFE70C98006E00F0BD
:105AE0001F01012000FA01F1069A11600C998865E6
:105AF0000C998863FFE70C9900204863FFE70120B9
:105B00000D90EDE2FFE70A980130A8B1FFE7FBF73F
:105B10007FFE0799401A0A99884203D8FFE70A983E
:105B200048B9FFE70C99202088650C98FEF790FD96
:105B300001200D90D4E2FFE70C98016801201022AB
:105B4000C4F202029142029000F00381FFE70C9838
:105B5000016801202822C4F202029142029000F062
:105B6000F880FFE70C98016801204022C4F202028D
:105B70009142029000F0ED80FFE70C98016801204F
:105B80005822C4F202029142029000F0E280FFE744
:105B90000C98016801207022C4F202029142029026
:105BA00000F0D780FFE70C98016801208822C4F23A
:105BB00002029142029000F0CC80FFE70C9801684D
:105BC0000120A022C4F202029142029000F0C180A2
:105BD000FFE70C9801680120B822C4F2020291424A
:105BE000029000F0B680FFE70C980168012040F2B7
:105BF0001042C4F202029142029000F0AA80FFE734
:105C00000C980168012040F22842C4F2020291423D
:105C1000029000F09E80FFE70C980168012040F29E
:105C20004042C4F202029142029000F09280FFE7EB
:105C30000C980168012040F25842C4F202029142DD
:105C4000029000F08680FFE70C980168012040F286
:105C50007042C4F20202914202907AD0FFE70C989F
:105C60000168012040F28842C4F20202914202908F
:105C70006FD0FFE70C980168012040F2A042C4F207
:105C800002029142029064D0FFE70C980168012063
:105C900040F2B842C4F202029142029059D0FFE7AA
:105CA0000C980168012045F20842C5F602029142B3
:105CB00002904ED0FFE70C980168012045F21C428B
:105CC000C5F602029142029043D0FFE70C980168AA
:105CD000012045F23042C5F602029142029038D0CE
:105CE000FFE70C980168012045F24442C5F6020224
:105CF000914202902DD0FFE70C980168012045F2F7
:105D00005842C5F602029142029022D0FFE70C9859
:105D10000168012045F26C42C5F6020291420290F0
:105D200017D0FFE70C980168012045F28042C5F6C4
:105D30000202914202900CD0FFE70C9800684AF6EC
:105D40006C31CAF2FD710844B0FA80F0400902904B
:105D5000FFE70298C00750B3FFE70C98006F98B1B7
:105D6000FFE70C98406F00680C99896F08420AD0D1
:105D7000FFE70C98416F806F48600C99886D40F484
:105D800080608865FFE7FFE70C98806E00680C99DB
:105D9000C96E08420AD0FFE70C98816EC06E486059
:105DA0000C99886D40F400708865FFE7FFE77BE59C
:105DB0000B98002840F0CD80FFE70C980168012087
:105DC0001022C4F202029142019000F0A380FFE78A
:105DD0000C98016801202822C4F20202914201902D
:105DE00000F09880FFE70C98016801204022C4F27F
:105DF00002029142019000F08D80FFE70C9801684B
:105E000001205822C4F202029142019000F08280E7
:105E1000FFE70C98016801207022C4F2020291424F
:105E2000019077D0FFE70C98016801208822C4F226
:105E30000202914201906DD0FFE70C9801680120A9
:105E4000A022C4F202029142019063D0FFE70C98B5
:105E500001680120B822C4F202029142019059D097
:105E6000FFE70C980168012040F21042C4F20202E0
:105E7000914201904ED0FFE70C980168012040F25A
:105E80002842C4F202029142019043D0FFE70C98ED
:105E90000168012040F24042C4F2020291420190A6
:105EA00038D0FFE70C980168012040F25842C4F254
:105EB0000202914201902DD0FFE70C980168012069
:105EC00040F27042C4F202029142019022D0FFE7F8
:105ED0000C980168012040F28842C4F2020291420B
:105EE000019017D0FFE70C980168012040F2A04212
:105EF000C4F20202914201900CD0FFE70C980068B6
:105F00004FF64831CBF6FD710844B0FA80F04009F5
:105F10000190FFE70198C00748B1FFE70C98006EB9
:105F200000F01F01302088400599086008E00C98B7
:105F3000006E00F01F010220884005990860FFE70D
:105F40000C9901208863FFE70C9900204863FFE764
:105F5000C3E00C98016801201022C4F202029142B1
:105F6000009000F0A380FFE70C9801680120282230
:105F7000C4F202029142009000F09880FFE70C9872
:105F8000016801204022C4F202029142009000F018
:105F90008D80FFE70C98016801205822C4F20202AC
:105FA0009142009000F08280FFE70C980168012088
:105FB0007022C4F202029142009077D0FFE70C9861
:105FC000016801208822C4F20202914200906DD043
:105FD000FFE70C9801680120A022C4F2020291425E
:105FE000009063D0FFE70C9801680120B822C4F24A
:105FF00002029142009059D0FFE70C9801680120FD
:1060000040F21042C4F20202914200904ED0FFE7EB
:106010000C980168012040F22842C4F20202914229
:10602000009043D0FFE70C980168012040F2404205
:10603000C4F202029142009038D0FFE70C98016848
:10604000012040F25842C4F20202914200902DD049
:10605000FFE70C980168012040F27042C4F202028E
:106060009142009022D0FFE70C980168012040F295
:106070008842C4F202029142009017D0FFE70C98C8
:106080000168012040F2A042C4F202029142009055
:106090000CD0FFE70C9800684FF64831CBF6FD7145
:1060A0000844B0FA80F040090090FFE70098C0076C
:1060B00048B1FFE70C98006E00F01F0110208840E7
:1060C0000599086008E00C98006E00F01F0104209C
:1060D000884005990860FFE7FFE709980D90FFE702
:1060E0000D980EB080BD00BF80B590B00F9000201D
:1060F0000B9040F20000C2F20040006848F2B51177
:10610000C1F64E31A0FB0110800A0A900F98C06DB5
:1061100009900F98C06D0890099800680E90089833
:1061200000680D900F98016801201022C4F202024D
:106130009142079000F0A380FFE70F9801680120CB
:106140002822C4F202029142079000F09880FFE7F3
:106150000F98016801204022C4F202029142079088
:1061600000F08D80FFE70F98016801205822C4F2EB
:1061700002029142079000F08280FFE70F980168C9
:1061800001207022C4F202029142079077D0FFE70B
:106190000F98016801208822C4F202029142079000
:1061A0006DD0FFE70F9801680120A022C4F202021F
:1061B0009142079063D0FFE70F9801680120B82251
:1061C000C4F202029142079059D0FFE70F9801688C
:1061D000012040F21042C4F20202914207904ED0D8
:1061E000FFE70F980168012040F22842C4F2020242
:1061F0009142079043D0FFE70F980168012040F2D9
:106200004042C4F202029142079038D0FFE70F9853
:106210000168012040F25842C4F202029142079004
:106220002DD0FFE70F980168012040F27042C4F2C0
:1062300002029142079022D0FFE70F9801680120E7
:1062400040F28842C4F202029142079017D0FFE761
:106250000F980168012040F2A042C4F2020291426C
:1062600007900CD0FFE70F9800684FF64831CBF647
:10627000FD710844B0FA80F040090790FFE70798E5
:10628000C007002800F00A85FFE70E980F99096EF5
:1062900001F01F01C8400007002840F1B080FFE76F
:1062A0000F9800681021C4F20201884200F081803A
:1062B000FFE70F9800682821C4F20201884278D0D5
:1062C000FFE70F9800684021C4F20201884270D0B5
:1062D000FFE70F9800685821C4F20201884268D095
:1062E000FFE70F9800687021C4F20201884260D075
:1062F000FFE70F9800688821C4F20201884258D055
:10630000FFE70F980068A021C4F20201884250D034
:10631000FFE70F980068B821C4F20201884248D014
:10632000FFE70F98006840F21041C4F20201884272
:106330003FD0FFE70F98006840F22841C4F2020105
:10634000884236D0FFE70F98006840F24041C4F21F
:10635000020188422DD0FFE70F98006840F25841B3
:10636000C4F20201884224D0FFE70F98006840F28F
:106370007041C4F2020188421BD0FFE70F98006809
:1063800040F28841C4F20201884212D0FFE70F9820
:10639000006840F2A041C4F20201884209D0FFE740
:1063A0000F98006840F2B841C4F20201884207D158
:1063B000FFE70F980068006800F00400069006E010
:1063C0000F980068006800F008000690FFE7069844
:1063D000A0B1FFE70F980168086820F0040008608A
:1063E0000F98006E00F01F0108208840099988600E
:1063F0000F99886D40F001008865FFE7FFE70E9870
:106400000F99096E01F01F01C840C007002800F075
:10641000A980FFE70F9800681021C4F202018842AA
:1064200000F08180FFE70F9800682821C4F2020184
:10643000884278D0FFE70F9800684021C4F202013B
:10644000884270D0FFE70F9800685821C4F202011B
:10645000884268D0FFE70F9800687021C4F20201FB
:10646000884260D0FFE70F9800688821C4F20201DB
:10647000884258D0FFE70F980068A021C4F20201BB
:10648000884250D0FFE70F980068B821C4F202019B
:10649000884248D0FFE70F98006840F21041C4F2EC
:1064A000020188423FD0FFE70F98006840F2284180
:1064B000C4F20201884236D0FFE70F98006840F22C
:1064C0004041C4F2020188422DD0FFE70F980068D6
:1064D00040F25841C4F20201884224D0FFE70F98ED
:1064E000006840F27041C4F2020188421BD0FFE70D
:1064F0000F98006840F28841C4F20201884212D02D
:10650000FFE70F98006840F2A041C4F20201884200
:1065100009D0FFE70F98006840F2B841C4F20201C9
:10652000884207D1FFE70F980068406900F08000BB
:10653000059005E00F980068006800200590FFE7CF
:10654000059870B1FFE70F98006E00F01F01012061
:106550008840099988600F99886D40F0020088652D
:10656000FFE7FFE70E980F99096E01F01F01C84081
:106570004007002840F1A980FFE70F98006810212C
:10658000C4F20201884200F08180FFE70F980068A2
:106590002821C4F20201884278D0FFE70F980068F2
:1065A0004021C4F20201884270D0FFE70F980068D2
:1065B0005821C4F20201884268D0FFE70F980068B2
:1065C0007021C4F20201884260D0FFE70F98006892
:1065D0008821C4F20201884258D0FFE70F98006872
:1065E000A021C4F20201884250D0FFE70F98006852
:1065F000B821C4F20201884248D0FFE70F98006832
:1066000040F21041C4F2020188423FD0FFE70F98E8
:10661000006840F22841C4F20201884236D0FFE708
:106620000F98006840F24041C4F2020188422DD028
:10663000FFE70F98006840F25841C4F20201884217
:1066400024D0FFE70F98006840F27041C4F20201C5
:1066500088421BD0FFE70F98006840F28841C4F2DF
:106660000201884212D0FFE70F98006840F2A04173
:10667000C4F20201884209D0FFE70F98006840F297
:10668000B841C4F20201884207D1FFE70F980068C1
:10669000006800F00200049005E00F9800680068B0
:1066A00000200490FFE7049870B1FFE70F98006E98
:1066B00000F01F0104208840099988600F99886DB7
:1066C00040F004008865FFE7FFE70E980F99096E18
:1066D00001F01F01C840C006002840F1DE80FFE73E
:1066E0000F9800681021C4F20201884200F08180F6
:1066F000FFE70F9800682821C4F20201884278D091
:10670000FFE70F9800684021C4F20201884270D070
:10671000FFE70F9800685821C4F20201884268D050
:10672000FFE70F9800687021C4F20201884260D030
:10673000FFE70F9800688821C4F20201884258D010
:10674000FFE70F980068A021C4F20201884250D0F0
:10675000FFE70F980068B821C4F20201884248D0D0
:10676000FFE70F98006840F21041C4F2020188422E
:106770003FD0FFE70F98006840F22841C4F20201C1
:10678000884236D0FFE70F98006840F24041C4F2DB
:10679000020188422DD0FFE70F98006840F258416F
:1067A000C4F20201884224D0FFE70F98006840F24B
:1067B0007041C4F2020188421BD0FFE70F980068C5
:1067C00040F28841C4F20201884212D0FFE70F98DC
:1067D000006840F2A041C4F20201884209D0FFE7FC
:1067E0000F98006840F2B841C4F20201884207D114
:1067F000FFE70F980068006800F00800039006E0CB
:106800000F980068006800F004000390FFE7039809
:10681000002841D0FFE70F98006E00F01F01102004
:106820008840099988600F98006800684003002834
:106830001AD5FFE70F98006800680003002809D404
:10684000FFE70F98406C20B1FFE70F98416C884735
:10685000FFE708E00F98C06C20B1FFE70F98C16C0C
:106860008847FFE7FFE716E00F9800680068C0055B
:10687000002807D4FFE70F980168086820F0080097
:106880000860FFE70F98406C20B1FFE70F98416C5C
:106890008847FFE7FFE7FFE7FFE70E980F99096ECC
:1068A00001F01F01C8408006002840F12181FFE768
:1068B0000F9800681021C4F20201884200F0818024
:1068C000FFE70F9800682821C4F20201884278D0BF
:1068D000FFE70F9800684021C4F20201884270D09F
:1068E000FFE70F9800685821C4F20201884268D07F
:1068F000FFE70F9800687021C4F20201884260D05F
:10690000FFE70F9800688821C4F20201884258D03E
:10691000FFE70F980068A021C4F20201884250D01E
:10692000FFE70F980068B821C4F20201884248D0FE
:10693000FFE70F98006840F21041C4F2020188425C
:106940003FD0FFE70F98006840F22841C4F20201EF
:10695000884236D0FFE70F98006840F24041C4F209
:10696000020188422DD0FFE70F98006840F258419D
:10697000C4F20201884224D0FFE70F98006840F279
:106980007041C4F2020188421BD0FFE70F980068F3
:1069900040F28841C4F20201884212D0FFE70F980A
:1069A000006840F2A041C4F20201884209D0FFE72A
:1069B0000F98006840F2B841C4F20201884207D142
:1069C000FFE70F980068006800F01000029006E0F2
:1069D0000F980068006800F002000290FFE702983C
:1069E000002800F08480FFE70F98006E00F01F0180
:1069F00020208840099988600F98806B042835D141
:106A0000FFE70F980168086820F0160008600F98EB
:106A10000168486920F0800048610F98406C20B9F7
:106A2000FFE70F98C06C38B1FFE70F98016808685E
:106A300020F008000860FFE70F98006E00F01F01CB
:106A40003F208840099988600F9901208863FFE7FB
:106A50000F9900204863FFE70F98406D20B1FFE7D2
:106A60000F98416D8847FFE700F00FBC0F98006852
:106A70000068400300281AD5FFE70F9800680068F7
:106A80000003002809D4FFE70F98806C20B1FFE7CE
:106A90000F98816C8847FFE708E00F98006C20B1E1
:106AA000FFE70F98016C8847FFE7FFE71EE00F98AC
:106AB00000680068C00500280FD4FFE70F98016840
:106AC000086820F0100008600F9901208863FFE734
:106AD0000F9900204863FFE7FFE70F98006C20B193
:106AE000FFE70F98016C8847FFE7FFE7FFE7FFE745
:106AF0000F98806D002800F0D080FFE70F98806D20
:106B0000C007002800F0C080FFE70F9904208863C9
:106B10000F9800681021C4F20201884200F08180C1
:106B2000FFE70F9800682821C4F20201884278D05C
:106B3000FFE70F9800684021C4F20201884270D03C
:106B4000FFE70F9800685821C4F20201884268D01C
:106B5000FFE70F9800687021C4F20201884260D0FC
:106B6000FFE70F9800688821C4F20201884258D0DC
:106B7000FFE70F980068A021C4F20201884250D0BC
:106B8000FFE70F980068B821C4F20201884248D09C
:106B9000FFE70F98006840F21041C4F202018842FA
:106BA0003FD0FFE70F98006840F22841C4F202018D
:106BB000884236D0FFE70F98006840F24041C4F2A7
:106BC000020188422DD0FFE70F98006840F258413B
:106BD000C4F20201884224D0FFE70F98006840F217
:106BE0007041C4F2020188421BD0FFE70F98006891
:106BF00040F28841C4F20201884212D0FFE70F98A8
:106C0000006840F2A041C4F20201884209D0FFE7C7
:106C10000F98006840F2B841C4F20201884207D1DF
:106C2000FFE70F980168086820F00100086006E09F
:106C30000F980168086820F001000860FFE7FFE78F
:106C40000B9801300B900A99884201D9FFE707E0C1
:106C5000FFE70F9800680068C0070028F0D1FFE741
:106C60000F9800680068C00720B1FFE70F99032064
:106C7000886303E00F9901208863FFE7FFE70F991E
:106C800000204863FFE7FFE70F98006D20B1FFE7A2
:106C90000F98016D8847FFE7FFE7F6E20F9801685C
:106CA000012045F20842C5F60202914201904ED001
:106CB000FFE70F980168012045F21C42C5F6020269
:106CC0009142019043D0FFE70F980168012045F2FF
:106CD0003042C5F602029142019038D0FFE70F988A
:106CE0000168012045F24442C5F60202914201903A
:106CF0002DD0FFE70F980168012045F25842C5F6F4
:106D000002029142019022D0FFE70F980168012012
:106D100045F26C42C5F602029142019017D0FFE79E
:106D20000F980168012045F28042C5F602029142A7
:106D300001900CD0FFE70F9800684AF66C31CAF258
:106D4000FD710844B0FA80F040090190FFE7019816
:106D5000C007002800F09782FFE70F9800680068DE
:106D60000C900D980F99096E01F01F01C840400763
:106D7000002840F1D780FFE79DF830004007002849
:106D800040F1D080FFE70F98006E00F01F01042053
:106D90008840089948609DF831000006002818D501
:106DA000FFE79DF83200C00748B9FFE70F98C06CB5
:106DB00020B1FFE70F98C16C8847FFE708E00F9804
:106DC000406C20B1FFE70F98416C8847FFE7FFE771
:106DD000A7E09DF830008006002800F19980FFE7C9
:106DE0000F9800681021C4F20201884200F08180EF
:106DF000FFE70F9800682821C4F20201884278D08A
:106E0000FFE70F9800684021C4F20201884270D069
:106E1000FFE70F9800685821C4F20201884268D049
:106E2000FFE70F9800687021C4F20201884260D029
:106E3000FFE70F9800688821C4F20201884258D009
:106E4000FFE70F980068A021C4F20201884250D0E9
:106E5000FFE70F980068B821C4F20201884248D0C9
:106E6000FFE70F98006840F21041C4F20201884227
:106E70003FD0FFE70F98006840F22841C4F20201BA
:106E8000884236D0FFE70F98006840F24041C4F2D4
:106E9000020188422DD0FFE70F98006840F2584168
:106EA000C4F20201884224D0FFE70F98006840F244
:106EB0007041C4F2020188421BD0FFE70F980068BE
:106EC00040F28841C4F20201884212D0FFE70F98D5
:106ED000006840F2A041C4F20201884209D0FFE7F5
:106EE0000F98006840F2B841C4F20201884207D10D
:106EF000FFE70F980168086820F00800086006E0C6
:106F00000F980168086820F004000860FFE7FFE7B9
:106F10000F98406C20B1FFE70F98416C8847FFE75E
:106F2000FFE7AFE10D980F99096E01F01F01C8400E
:106F30008007002840F1DF80FFE79DF830008007E0
:106F4000002840F1D880FFE70F98006E00F01F0185
:106F500002208840089948609DF83100000600280A
:106F600018D5FFE79DF83200C00748B9FFE70F9832
:106F7000806C20B1FFE70F98816C8847FFE708E03D
:106F80000F98006C20B1FFE70F98016C8847FFE76E
:106F9000FFE7AFE09DF830008006002800F1A180F7
:106FA000FFE70F9800681021C4F20201884200F048
:106FB0008180FFE70F9800682821C4F2020188420F
:106FC00078D0FFE70F9800684021C4F202018842A0
:106FD00070D0FFE70F9800685821C4F20201884280
:106FE00068D0FFE70F9800687021C4F20201884260
:106FF00060D0FFE70F9800688821C4F20201884240
:1070000058D0FFE70F980068A021C4F2020188421F
:1070100050D0FFE70F980068B821C4F202018842FF
:1070200048D0FFE70F98006840F21041C4F2020117
:1070300088423FD0FFE70F98006840F22841C4F231
:107040000201884236D0FFE70F98006840F24041C5
:10705000C4F2020188422DD0FFE70F98006840F289
:107060005841C4F20201884224D0FFE70F9800681B
:1070700040F27041C4F2020188421BD0FFE70F9832
:10708000006840F28841C4F20201884212D0FFE752
:107090000F98006840F2A041C4F20201884209D072
:1070A000FFE70F98006840F2B841C4F2020188423D
:1070B00007D1FFE70F980168086820F01400086006
:1070C00006E00F980168086820F00A000860FFE7F2
:1070D0000F9901208863FFE70F9900204863FFE7BD
:1070E000FFE70F98006C20B1FFE70F98016C88470D
:1070F000FFE7FFE7C5E00D980F99096E01F01F014A
:10710000C8400007002840F1BA80FFE79DF8300032
:107110000007002840F1B380FFE70F9800681021B6
:10712000C4F20201884200F08180FFE70F980068F6
:107130002821C4F20201884278D0FFE70F98006846
:107140004021C4F20201884270D0FFE70F98006826
:107150005821C4F20201884268D0FFE70F98006806
:107160007021C4F20201884260D0FFE70F980068E6
:107170008821C4F20201884258D0FFE70F980068C6
:10718000A021C4F20201884250D0FFE70F980068A6
:10719000B821C4F20201884248D0FFE70F98006886
:1071A00040F21041C4F2020188423FD0FFE70F983D
:1071B000006840F22841C4F20201884236D0FFE75D
:1071C0000F98006840F24041C4F2020188422DD07D
:1071D000FFE70F98006840F25841C4F2020188426C
:1071E00024D0FFE70F98006840F27041C4F202011A
:1071F00088421BD0FFE70F98006840F28841C4F234
:107200000201884212D0FFE70F98006840F2A041C7
:10721000C4F20201884209D0FFE70F98006840F2EB
:10722000B841C4F20201884207D1FFE70F98016814
:10723000086820F01C00086006E00F9801680868E4
:1072400020F00E000860FFE70F98006E00F01F01AD
:10725000012000FA01F1089A51600F9988650F9991
:107260008863FFE70F9900204863FFE70F98006DE0
:1072700020B1FFE70F98016D8847FFE700E0FFE7C7
:10728000FFE7FFE700E0FFE7FFE710B080BD00BFCA
:1072900086B004900391029200200190049818B9DE
:1072A000FFE70120059043E0FFE70498406B0128C9
:1072B00003D1FFE7022005903AE0049901204863DA
:1072C000FFE7FFE70498806B012826D1FFE70398CA
:1072D000009005281DD80099DFE801F003070B0F87
:1072E000131702980499086416E0029804994864F8
:1072F00012E00298049988640EE002980499C86428
:107300000AE002980499086506E002980499486525
:1073100002E001200190FFE702E001200190FFE779
:10732000FFE7049900204863FFE701980590FFE715
:10733000059806B0704700BF85B003900291002009
:107340000190039818B9FFE70120049052E0FFE78D
:107350000398406B012803D1FFE70220049049E025
:10736000039901204863FFE7FFE70398806B01283A
:1073700035D1FFE70298009006282CD80099DFE865
:1073800001F004080C1014181C0003990020086474
:1073900024E003990020486420E0039900208864D9
:1073A0001CE003990020C86418E0039900200865D8
:1073B00014E003990020486510E003990020086458
:1073C00003994864039988640399C864039908651C
:1073D0000399486502E001200190FFE702E00120E7
:1073E0000190FFE7FFE7039900204863FFE701985A
:1073F0000490FFE7049805B0704700BF00BF00BFCE
:1074000081B000900098806B01B0704700BF00BF52
:1074100081B000900098806D01B0704700000000BE
:1074200090B00F900E9100200D908020C5F60000C6
:107430000A90FFE70E9800680D99C840002800F0F8
:10744000CF81FFE70E9800680D9A01219140084016
:107450000C900C98002800F0BF81FFE70E98406860
:1074600000F00300012807D0FFE70E98406800F005
:10747000030002282FD1FFE70F9880680B900D982A
:107480004100032000FA01F10B9888430B900E98FD
:10749000C0680D99490000FA01F10B9808430B9060
:1074A0000B980F9988600F9840680B900D990120F8
:1074B00000FA01F10B9888430B900E984068C0F3D6
:1074C00000100D9900FA01F10B9808430B900B98EE
:1074D0000F994860FFE70E98406800F0030003280A
:1074E00018D0FFE70F98C0680B900D98410003205B
:1074F00000FA01F10B9888430B900E9880680D9963
:10750000490000FA01F10B9808430B900B980F9972
:10751000C860FFE70E98406800F00300022826D1FB
:10752000FFE70F980D996FF0030202EA510108443A
:10753000006A0B900D9800F0070081000F2000FA00
:1075400001F10B9888430B900E9800690D9901F09A
:107550000701890000FA01F10B9808430B900B9882
:107560000F990D9B02EA530211440862FFE70F983E
:1075700000680B900D984100032000FA01F10B9870
:1075800088430B900E98406800F003000D99490065
:1075900000FA01F10B9808430B900B980F990860C3
:1075A0000E9880798007002800F01581FFE7FFE73B
:1075B00044F2F440C5F60200016841F002010160A6
:1075C000006800F0020009900998FFE70D9820F08C
:1075D000030040F20841C5F6000140580B900D9899
:1075E00000F0030081000F2000FA01F10B9888439E
:1075F0000B900F980021C5F60201884203D1FFE7E6
:10760000002008907AE00F9840F20041C5F6020190
:10761000884203D1FFE7012007906CE00F9840F605
:107620000001C5F60201884203D1FFE7022006905F
:107630005EE00F9840F60041C5F60201884203D192
:10764000FFE70320059050E00F9841F20001C5F6D6
:107650000201884203D1FFE70420049042E00F9822
:1076600041F20041C5F60201884203D1FFE705203F
:10767000039034E00F9841F60001C5F602018842FC
:1076800003D1FFE70620029026E00F9841F6004163
:10769000C5F60201884203D1FFE70720019018E0F8
:1076A0000F9842F20001C5F60201884203D1FFE7BC
:1076B000082000900AE00F9942F20042C5F602024B
:1076C0000A20914208BF09200090FFE7009801902E
:1076D000FFE701980290FFE702980390FFE7039805
:1076E0000490FFE704980590FFE705980690FFE7F0
:1076F00006980790FFE707980890FFE708980D990C
:1077000001F00301890000FA01F10B9808430B9086
:107710000B980D9921F0030140F20842C5F60002D2
:1077200088504FF0B04000680B900C990B9888433C
:107730000B900E988079C006002805D5FFE70C99BC
:107740000B9808430B90FFE70B984FF0B04108608F
:107750000420C5F6000000680B900C990B98884334
:107760000B900E9880798006002805D5FFE70C99CC
:107770000B9808430B90FFE70B980421C5F6000116
:1077800008600A9840680B900C990B9888430B90FE
:107790000E9880798007002805D5FFE70C990B9893
:1077A00008430B90FFE70B980A9948600A98006815
:1077B0000B900C990B9888430B900E988079C0071A
:1077C00028B1FFE70C990B9808430B90FFE70B9843
:1077D0000A990860FFE7FFE70D9801300D9029E650
:1077E00010B0704700BF00BF90B00F900E91002006
:1077F0000D908020C5F600000A90FFE70E980D99C5
:10780000C840002800F01181FFE70E980D9A012171
:10781000914008400C900C98002800F00281FFE78E
:107820000D9820F0030040F20841C5F600014058D1
:107830000B900D9800F0030081000F2000FA01F179
:107840000B9808400B900B9809900F980021C5F6F3
:107850000201884203D1FFE7002008907AE00F98E8
:1078600040F20041C5F60201884203D1FFE7012042
:1078700007906CE00F9840F60001C5F602018842BF
:1078800003D1FFE7022006905EE00F9840F600412A
:10789000C5F60201884203D1FFE70320059050E0BE
:1078A0000F9841F20001C5F60201884203D1FFE7BB
:1078B0000420049042E00F9841F20041C5F6020115
:1078C000884203D1FFE70520039034E00F9841F68A
:1078D0000001C5F60201884203D1FFE706200290AD
:1078E00026E00F9841F60041C5F60201884203D117
:1078F000FFE70720019018E00F9842F20001C5F65B
:107900000201884203D1FFE7082000900AE00F99A6
:1079100042F20042C5F602020A20914208BF092045
:107920000090FFE700980190FFE701980290FFE7C1
:1079300002980390FFE703980490FFE704980590EE
:10794000FFE705980690FFE706980790FFE707987E
:107950000890FFE7099808990D9A02F00302920037
:10796000914088422AD1FFE70C9A0A99086890430F
:1079700008600C9A0A994868904348600C9A042160
:10798000C5F600010868904308600C9A4FF0B041BA
:107990000868904308600D9800F0030081000F20F4
:1079A00088400B900B9B0D9820F0030140F2084299
:1079B000C5F60002885898438850FFE70D984100AB
:1079C000032000FA01F30F9A116819431160DDF8E2
:1079D00034C00CF007018A000F2101FA02F30F995D
:1079E0006FF0030202EA5C020A44116A99431162D1
:1079F0000D99490000FA01F30F9AD1689943D160BB
:107A00000D9A012101FA02F30F9A516899435160CE
:107A10000D99490000FA01F20F9988689043886037
:107A2000FFE70D9801300D90E8E610B0704700BFF9
:107A300083B00290ADF8061002980069BDF80610F8
:107A4000084203D0FFE70120009002E000200090F0
:107A5000FFE7009803B0704783B00290ADF80610BE
:107A60000092009828B1FFE7BDF8060002998861EE
:107A700005E0BDF80600000402998861FFE703B045
:107A8000704700BF00BF00BF83B00290ADF8061082
:107A9000029840690090009ABDF8060002EA0001D1
:107AA000904340EA01400299886103B0704700BFEB
:107AB00084B00290ADF806104FF480300090BDF80D
:107AC000061000980843009000980299C861BDF81C
:107AD00006000299C86100980299C8610298C069BD
:107AE00000900298C069C003002803D5FFE700207A
:107AF000039002E001200390FFE7039804B0704771
:107B000080B582B0ADF806008820C5F60000006898
:107B1000BDF8061008420BD0FFE7BDF8060088212B
:107B2000C5F600010860BDF8060000F005F8FFE7A3
:107B300002B080BD00BF00BF81B0ADF8020001B04F
:107B40007047000000000000704700BF00BF00BF8A
:107B500044F60001C5F60201086840F48070086030
:107B6000704700BF00BF00BF44F60001C5F6020128
:107B7000086820F480700860704700BF00BF00BF35
:107B800081B00090009808B9FFE75AE044F6000180
:107B9000C5F60201086820F0E000009A1268104360
:107BA00008608421C5F60001086820F48030086070
:107BB0008021C5F60001086820F4803008604FF08D
:107BC000B041086820F4803008600421C5F6000147
:107BD000086820F48030086000988079C00740B1C0
:107BE000FFE78021C5F60001086840F48030086096
:107BF000FFE7009880798007002808D5FFE78421F7
:107C0000C5F60001086840F480300860FFE700987E
:107C10000079C00738B1FFE74FF0B041086840F481
:107C200080300860FFE7009800798007002808D5B9
:107C3000FFE70421C5F60001086840F480300860C1
:107C4000FFE701B0704700BF44F60001C5F602012E
:107C5000086840F010000860704700BF00BF00BF18
:107C600044F60001C5F60201086820F01000086023
:107C7000704700BF00BF00BF81B0009044F62801EC
:107C8000C5F6020108684CF2C002CFF200021040B3
:107C9000009A1043086001B0704700BF00BF00BFEA
:107CA00081B0009000996FF03F0060EA010244F655
:107CB0002801C5F6020108681040086001B070474D
:107CC00082B001908DF803104EF61051CEF20001F3
:107CD000086820F0040008609DF80300012802D124
:107CE000FFE730BF01E020BFFFE702B0704700BFF1
:107CF00082B001908DF8031044F60001C5F6020130
:107D0000086820F00100019A1043086044F6100151
:107D1000C5F60201086820F005000860086820F038
:107D2000020008604EF61051CEF20001086840F0E3
:107D300004000860BFF34F8FBFF36F8F9DF80300FF
:107D4000012802D1FFE730BF01E020BFFFE74EF678
:107D50001051CEF20001086820F00400086002B063
:107D6000704700BF00BF00BF44F61001C5F6020116
:107D7000086840F005000860086840F002000860EC
:107D80004EF61051CEF20001086840F00400086081
:107D9000BFF34F8FBFF36F8F30BF704700BF00BF7F
:107DA0004EF61051CEF20001086840F00200086063
:107DB000704700BF00BF00BF4EF61051CEF2000169
:107DC000086820F002000860704700BF00BF00BFD5
:107DD0004EF61051CEF20001086840F01000086025
:107DE000704700BF00BF00BF4EF61051CEF2000139
:107DF000086820F010000860704700BF00BF00BF97
:107E000080B58820C5F60000006800F480310020AD
:107E1000B0EB114F0AD0FFE78821C5F600010868D2
:107E200040F48030086000F003F8FFE780BD00BF39
:107E3000704700000000000080B584B0029044F656
:107E40000C00C5F60200006800F004010020B0EB51
:107E5000910F11D1FFE744F60C00C5F6020000684F
:107E600000F007000299884203D0FFE70120039049
:107E70002BE00020039028E044F60C01C5F6020137
:107E8000086820F00700029A10430860F9F7C0FC68
:107E90000190FFE744F60400C5F60200006800F414
:107EA00000510020B0EB513F0CD1FFE7F9F7B0FCD7
:107EB0000199401AB0F57A7F03D9FFE701200390BA
:107EC00003E0E7E700200390FFE7039804B080BDDC
:107ED00044F60C00C5F60200006800F00700704789
:107EE00080B584B0029044F60400C5F60200006834
:107EF00000F440400299884203D1FFE7002003903C
:107F00009FE00298D0BBFFE744F60C00C5F60200E4
:107F10000068800700282DD5FFE744F61801C5F654
:107F20000201086840F440400860F9F771FC0190D4
:107F3000FFE744F60400C5F60200006800F40051B3
:107F40000020B0EB513F0CD1FFE7F9F761FC01993C
:107F5000401AB0F57A7F03D9FFE70120039070E063
:107F6000E7E740F22C41C5F60001086840F0010047
:107F7000086002E00120039063E043E044F604005F
:107F8000C5F60200006800F44040B0F5404F2ED125
:107F9000FFE740F22C40C5F600000068C00728B398
:107FA000FFE740F22C41C5F60001086820F001000F
:107FB0000860F9F72DFC0190FFE744F60400C5F6D0
:107FC0000200006800F400510020B0EB513F0CD1DA
:107FD000FFE7F9F71DFC0199401AB0F57A7F03D944
:107FE000FFE7012003902CE0E7E7FFE7FFE744F617
:107FF0001801C5F60201086820F44040029A1043B7
:108000000860FFE7F9F704FC0190FFE744F604007D
:10801000C5F60200006800F400510020B0EB513FAB
:108020000CD1FFE7F9F7F4FB0199401AB0F57A7F1C
:1080300003D9FFE70120039003E0E7E70020039066
:10804000FFE7039804B080BD44F60400C5F60200C3
:10805000006800F44040704781B0009044F6000191
:10806000C5F60201086820F44040009A10430860F9
:10807000002001B0704700BF44F60000C5F60200C2
:10808000006800F44040704783B002908DF80710FC
:10809000009244F60001C5F60201086820F00100D4
:1080A000029A10430860009830BBFFE744F61001C5
:1080B000C5F60201086820F0010008604EF6105174
:1080C000CEF20001086840F004000860BFF34F8F53
:1080D000BFF36F8F9DF80700012802D1FFE730BF83
:1080E00001E020BFFFE74EF61051CEF20001086814
:1080F00020F00400086016E00098012809D1FFE78D
:1081000044F61001C5F60201086820F0020008607C
:1081100008E044F61001C5F60201086820F00400EA
:108120000860FFE7FFE703B0704700BF00BF00BF74
:1081300020BF704700BF00BF81B00090009890B989
:10814000FFE744F61001C5F60201086840F001009F
:1081500008604EF61051CEF20001086840F00400AD
:10816000086030BF16E00098012809D1FFE744F607
:108170001001C5F60201086840F00200086008E03E
:1081800044F61001C5F60201086840F004000860DA
:10819000FFE7FFE701B0704781B0009044F610019F
:1081A000C5F60201086820F40060009A10430860D8
:1081B00001B0704700BF00BF44F60001C5F60201E0
:1081C000086840F400700860704700BF00BF00BF3F
:1081D00044F60001C5F60201086820F4007008604A
:1081E000704700BF00BF00BF92B009904FF440300D
:1081F00006900999086804904968059190FAA0F0E2
:108200001090109820B9FFE720208DF8470005E076
:108210001098B0FA80F08DF84700FFE704980599B0
:108220009DF84720083202F01F0291400843029057
:10823000099908688968039190FAA0F00E900E9849
:1082400020B9FFE720208DF83F0005E00E98B0FA36
:1082500080F08DF83F00FFE7029803999DF83F30CA
:10826000102202EB430202F01E02914008430890E4
:1082700009980068019090FAA0F00C900C9820B931
:10828000FFE720208DF8370005E00C98B0FA80F069
:108290008DF83700FFE701989DF8371001F01F02B5
:1082A0004FF480719140084300900998006890FA5B
:1082B000A0F00A900A9820B9FFE720208DF82F003F
:1082C00005E00A98B0FA80F08DF82F00FFE70098DB
:1082D0009DF82F201E2101EA42024FF440319140C7
:1082E0000843079044F62801C5F602010868079A7A
:1082F0009043089A104308609021C5F60001086871
:1083000020F0FC50099A126840EAC250086012B08E
:10831000704700BF00BF00BF81B00090009A44F6D4
:108320002801C5F6020108689043086001B0704753
:1083300081B0009044F62400C5F602000068009960
:10834000084001B0704700BF82B00090009A44F628
:108350002001C5F6020108681043086044F62400B5
:10836000C5F6020000680099084203D0FFE701202B
:10837000019002E000200190FFE7019802B07047F1
:1083800080B544F62400C5F602000068C00758B165
:10839000FFE744F62001C5F60201086840F001003D
:1083A000086000F061F85EE044F62400C5F60200C3
:1083B0000068800700280BD5FFE744F62001C5F6CA
:1083C0000201086840F00200086000F051F849E03E
:1083D00044F62400C5F602000068400700280BD5CB
:1083E000FFE744F62001C5F60201086840F00400EA
:1083F000086000F041F834E044F62400C5F60200BD
:108400000068000700280BD5FFE744F62001C5F6F9
:108410000201086840F00800086000F031F81FE031
:1084200044F62400C5F602000068C00600280BD5FB
:10843000FFE744F62001C5F60201086840F010008D
:10844000086000F021F80AE044F62001C5F60201B8
:10845000086840F02000086000F01AF8FFE7FFE726
:10846000FFE7FFE7FFE780BD704700BF00BF00BF29
:10847000704700BF00BF00BF704700BF00BF00BF14
:10848000704700BF00BF00BF704700BF00BF00BF04
:10849000704700BF00BF00BF80B582B044F608013E
:1084A000C5F60201086840F001000860F9F7B0F96C
:1084B0000090FFE744F60800C5F60200006800F4EB
:1084C00080310020B0EB114F0CD1FFE7F9F7A0F994
:1084D0000099401AB0F57A7F03D9FFE70120019097
:1084E00003E0E7E700200190FFE7019802B080BDBC
:1084F00080B582B044F60801C5F60201086820F094
:1085000001000860F9F784F90090FFE744F60800DD
:10851000C5F60200006800F480310020B0EB114F76
:108520000CD0FFE7F9F774F90099401AB0F57A7F9B
:1085300003D9FFE70120019003E0E7E70020019065
:10854000FFE7019802B080BD80B582B044F60C010F
:10855000C5F60201086840F000700860F9F758F9A4
:108560000090FFE744F60C00C5F60200006800F03A
:1085700080610020B0EB916F0CD1FFE7F9F748F96B
:108580000099401AB0F57A7F03D9FFE701200190E6
:1085900003E0E7E700200190FFE7019802B080BD0B
:1085A00080B582B044F60C01C5F60201086820F0DF
:1085B00000700860F9F72CF90090FFE744F60C0012
:1085C000C5F60200006800F080610020B0EB916FFA
:1085D0000CD0FFE7F9F71CF90099401AB0F57A7F43
:1085E00003D9FFE70120019003E0E7E700200190B5
:1085F000FFE7019802B080BD44F60C01C5F6020108
:10860000086840F080700860704700BF00BF00BF7E
:1086100044F60C01C5F60201086820F0807008607D
:10862000704700BF00BF00BF81B0009044F60C014E
:10863000C5F60201086820F40070009A1043086033
:10864000086840F48070086001B0704700BF00BF48
:1086500044F60C01C5F60201086820F48070086039
:10866000704700BF00BF00BF44F60801C5F6020115
:10867000086840F010000860704700BF00BF00BFEE
:1086800044F60801C5F60201086820F010000860F1
:10869000704700BF00BF00BF82B044F60800C5F6B7
:1086A0000200006800F4400000900098B0F5800FD0
:1086B00004D1FFE74FF4800001900CE00098B0F582
:1086C000000F04D1FFE74FF40000019002E000200A
:1086D0000190FFE7FFE7019802B0704700BF00BFBD
:1086E00082B044F60800C5F60200006800F44010AD
:1086F00000900098B0F5801F04D1FFE74FF4801080
:1087000001900CE00098B0F5001F04D1FFE74FF492
:108710000010019002E000200190FFE7FFE70198C0
:1087200002B0704700BF00BF81B0009044F6000166
:10873000C5F60201086820F4C020009A12681043B0
:1087400008608421C5F60001086820F480300860C4
:108750008021C5F60001086820F4803008604FF0E1
:10876000B041086820F4803008600421C5F600019B
:10877000086820F48030086000988079C00740B114
:10878000FFE78021C5F60001086840F480300860EA
:10879000FFE7009880798007002808D5FFE784214B
:1087A000C5F60001086840F480300860FFE70098D3
:1087B0000079C00738B1FFE74FF0B041086840F4D6
:1087C00080300860FFE7009800798007002808D50E
:1087D000FFE70421C5F60001086840F48030086016
:1087E000FFE701B0704700BF44F60001C5F6020183
:1087F000086840F480300860704700BF00BF00BFC9
:1088000044F60001C5F60201086820F480300860D3
:10881000704700BF00BF00BF80B544F60000C5F63A
:1088200002000068C006002823D5FFE78820C5F6AF
:108830000000006800F480310020B0EB114F17D029
:10884000FFE7FFF7F5FA44F60400C5F602000068FA
:1088500000F480310020B0EB114F08D1FFE78821F0
:10886000C5F60001086840F480300860FFE7FFE7C4
:10887000FFE744F60000C5F602000068C0030028C8
:1088800023D5FFE78820C5F60000006800F480319A
:108890000020B0EB114F17D0FFE700F019F844F6B5
:1088A0000400C5F60200006800F010010020B0EBE3
:1088B000111F08D1FFE78821C5F60001086840F4C0
:1088C00080300860FFE7FFE7FFE780BD00BF00BF23
:1088D000704700000000000080B582B042F2000046
:1088E000C5F20020006800F00F00062813D8FFE74B
:1088F00042F20000C5F200200168072262F3030182
:108900000160006800F00F00072803D0FFE7012096
:10891000019064E1FFE7F8F77BFF009044F200412B
:10892000C5F60201086840F001000860FFE744F264
:108930000040C5F602000068400700280BD4FFE79E
:10894000F8F766FF0099401A032803D3FFE70320D6
:10895000019044E1EBE744F20441C5F602010868E6
:1089600040F08040086044F21041C5F6020100204A
:10897000086040F20001C2F2004149F20000C0F27A
:10898000D030086040F20401C2F20041086040F2B9
:108990000C00C2F200400068F8F786FE18B1FFE74D
:1089A000012001901BE1F8F733FF0090FFE744F24C
:1089B0001040C5F60200006810F0380F0DD0FFE738
:1089C000F8F726FF0099401A41F28931884203D313
:1089D000FFE70320019002E1E9E7F8F719FF0090B3
:1089E00044F20041C5F6020108684EF64552CFF642
:1089F000F67210400860FFE744F20040C5F602003E
:108A00000068800300280BD5FFE7F8F701FF009905
:108A1000401A652803D3FFE703200190DFE0EBE76E
:108A2000F8F7F6FE009044F20041C5F6020108682E
:108A300020F080700860FFE744F20040C5F60200B5
:108A40000068800100280BD5FFE7F8F7E1FE0099E8
:108A5000401A032803D3FFE703200190BFE0EBE7B0
:108A6000F8F7D6FE009044F20041C5F6020108680E
:108A700020F080600860FFE744F20040C5F6020085
:108A80000068000100280BD5FFE7F8F7C1FE009948
:108A9000401A032803D3FFE7032001909FE0EBE790
:108AA000F8F7B6FE009044F20041C5F602010868EE
:108AB00020F080500860FFE744F20040C5F6020055
:108AC0000068800000280BD5FFE7F8F7A1FE0099A9
:108AD000401A032803D3FFE7032001907FE0EBE770
:108AE00044F21841C5F602010020086044F21C411E
:108AF000C5F60201086044F22041C5F60201086093
:108B000044F22842C5F6020240F20021C0F20221DE
:108B1000116044F22C42C5F602020021C0F2FF119E
:108B2000116044F23042C5F6020240F28021C0F2E8
:108B30000111116044F23442C5F60202106044F2A1
:108B40003842C5F60202116044F23C42C5F6020208
:108B5000106044F24042C5F60202116044F2444102
:108B6000C5F60201086044F20042C5F6020211682F
:108B700021F48021116044F26041C5F602010860D1
:108B800044F26841C5F602014FF0FF30086044F23C
:108B9000D041C5F60201086840F48030086042F216
:108BA0000000C5F20020006800F00F00082813D371
:108BB000FFE742F20000C5F200200168072262F3DD
:108BC00003010160006800F00F00072803D0FFE7F1
:108BD0000120019003E0FFE700200190FFE70198EA
:108BE00002B080BD00BF00BF80B58CB00A900A986B
:108BF00020B9FFE701200B9000F087BD0A980078AC
:108C0000C007002800F0B680FFE744F21040C5F628
:108C10000200006800F03800069044F22840C5F6D3
:108C2000020000680590069810280AD0FFE7069811
:108C300018281BD1FFE7059800F00300022815D182
:108C4000FFE744F20040C5F60200006800F400317E
:108C50000020B0EB514F08D0FFE70A98406820B9D8
:108C6000FFE701200B9000F050BD82E0FFE70A987B
:108C70004068B0F5803F09D1FFE744F20041C5F6F6
:108C80000201086840F48030086032E00A984068C9
:108C900068B9FFE744F20041C5F60201086820F414
:108CA00080300860086820F48020086020E00A987E
:108CB0004068B0F5A02F0DD1FFE744F20041C5F6A2
:108CC0000201086840F480200860086840F48030A1
:108CD00008600CE044F20041C5F60201086820F487
:108CE00080300860086820F480200860FFE7FFE714
:108CF000FFE7FFE70A984068E8B1FFE7F8F788FD6B
:108D00000990FFE744F20040C5F60200006800F455
:108D100000310020B0EB514F0CD1FFE7F8F778FDA0
:108D20000999401A652804D3FFE703200B9000F04F
:108D3000ECBCE7E71CE0F8F76BFD0990FFE744F2B5
:108D40000040C5F60200006800F400310020B0EBDE
:108D5000514F0CD0FFE7F8F75BFD0999401A6528E1
:108D600004D3FFE703200B9000F0CFBCE7E7FFE759
:108D7000FFE7FFE70A9800788007002840F112819A
:108D8000FFE744F21040C5F60200006800F038002A
:108D9000049044F22840C5F602000068039004984D
:108DA00050B1FFE70498182876D1FFE79DF80C0032
:108DB0008007002870D1FFE744F20040C5F60200AA
:108DC000006800F004010020B0EB910F08D0FFE72D
:108DD0000A98C06820B9FFE701200B9000F095BC0D
:108DE00044F20041C5F60201086820F019000A9A11
:108DF000D26810430860F8F70BFD0990FFE744F2D2
:108E00000040C5F60200006800F004010020B0EB4D
:108E1000910F0CD1FFE7F8F7FBFC0999401A0328E2
:108E200004D3FFE703200B9000F06FBCE7E7FFE7F8
:108E3000F8F776FD41F2030188421DD8FFE70A9852
:108E4000006940280AD1FFE744F20441C5F6020157
:108E50000868202262F3113008600CE044F20441FB
:108E6000C5F60201086820F47C300A9A126940EACB
:108E700002300860FFE70CE044F20441C5F602014D
:108E8000086820F0FE400A9A126940EA0260086011
:108E9000FFE7FFE7FFE784E00A98C06800285BD09F
:108EA000FFE744F20041C5F60201086820F019000E
:108EB0000A9AD26810430860F8F7AAFC0990FFE705
:108EC00044F20040C5F60200006800F004010020F2
:108ED000B0EB910F0CD1FFE7F8F79AFC0999401A13
:108EE000032804D3FFE703200B9000F00EBCE7E754
:108EF000FFE7F8F715FD41F2030188421DD8FFE7AF
:108F00000A98006940280AD1FFE744F20441C5F6F7
:108F100002010868202262F3113008600CE044F27C
:108F20000441C5F60201086820F47C300A9A1269EF
:108F300040EA02300860FFE70CE044F20441C5F665
:108F40000201086820F0FE400A9A126940EA0260B5
:108F50000860FFE7FFE723E044F20041C5F60201A5
:108F6000086820F001000860F8F752FC0990FFE75C
:108F700044F20040C5F60200006800F00401002041
:108F8000B0EB910F0BD0FFE7F8F742FC0999401ABC
:108F9000032803D3FFE703200B90B6E3E8E7FFE7DE
:108FA000FFE7FFE70A980078C006002840F1E88054
:108FB000FFE744F21040C5F60200006800F03800F8
:108FC000029044F22840C5F6020000680190029821
:108FD00008280AD0FFE7029818284FD1FFE7019828
:108FE00000F00300012849D1FFE744F20040C5F634
:108FF0000200006800F480710020B0EB112F08D04F
:10900000FFE70A98C069802803D0FFE701200B9092
:109010007BE3FFE7F8F784FC41F2030188421DD8A7
:10902000FFE70A98006A20280AD1FFE744F20441CA
:10903000C5F602010868102262F39E6008600CE029
:1090400044F20441C5F60201086820F0F8400A9A8B
:10905000126A40EA82600860FFE70CE044F20C41CB
:10906000C5F60201086820F07C500A9A126A40EAAC
:1090700002600860FFE7FFE7FFE780E00A98C06949
:10908000002857D0FFE744F20041C5F60201086806
:1090900040F080000860F8F7BBFB0990FFE744F25E
:1090A0000040C5F60200006800F480710020B0EBBB
:1090B000112F0BD1FFE7F8F7ABFB0999401A0328F2
:1090C00003D3FFE703200B901FE3E8E7FFE7F8F780
:1090D00027FC41F2030188421DD8FFE70A98006A85
:1090E00020280AD1FFE744F20441C5F602010868CE
:1090F000102262F39E6008600CE044F20441C5F661
:109100000201086820F0F8400A9A126A40EA826078
:109110000860FFE70CE044F20C41C5F60201086864
:1091200020F07C500A9A126A40EA02600860FFE769
:10913000FFE723E044F20041C5F60201086820F091
:1091400080000860F8F764FB0990FFE744F20040F4
:10915000C5F60200006800F480710020B0EB112F0A
:109160000BD0FFE7F8F754FB0999401A032803D303
:10917000FFE703200B90C8E2E8E7FFE7FFE7FFE720
:109180000A980078000700284DD5FFE70A98406943
:1091900020B3FFE744F27441C5F60201086840F0CD
:1091A00001000860F8F734FB0990FFE744F27440CF
:1091B000C5F60200006800F002010020B0EB510F7C
:1091C0000BD1FFE7F8F724FB0999401A032803D3D2
:1091D000FFE703200B9098E2E8E723E044F27441B4
:1091E000C5F60201086820F001000860F8F710FBDE
:1091F0000990FFE744F27440C5F60200006800F0F1
:1092000002010020B0EB510F0BD0FFE7F8F700FB95
:109210000999401A032803D3FFE703200B9074E257
:10922000E8E7FFE7FFE70A980078800600284DD5B9
:10923000FFE70A98806920B3FFE744F20041C5F6D2
:109240000201086840F480500860F8F7E1FA0990DC
:10925000FFE744F20040C5F60200006800F4005148
:109260000020B0EB513F0BD1FFE7F8F7D1FA099995
:10927000401A032803D3FFE703200B9045E2E8E7F9
:1092800023E044F20041C5F60201086820F4805052
:109290000860F8F7BDFA0990FFE744F20040C5F610
:1092A0000200006800F400510020B0EB513F0BD0E9
:1092B000FFE7F8F7ADFA0999401A032803D3FFE74F
:1092C00003200B9021E2E8E7FFE7FFE70A98007828
:1092D0004007002840F1A480FFE744F60001C5F6EE
:1092E0000201086840F480700860F8F791FA09906C
:1092F000FFE744F60000C5F602000068C00500283C
:109300000BD4FFE7F8F784FA0999401A652803D3CC
:10931000FFE703200B90F8E1EBE7FFE70A9880688E
:10932000012809D1FFE744F27041C5F6020108683F
:1093300040F00100086031E00A98806868B9FFE7F2
:1093400044F27041C5F60201086820F0010008608F
:10935000086820F0040008601FE00A98806805286B
:109360000DD1FFE744F27041C5F60201086840F0F4
:1093700004000860086840F0010008600CE044F256
:109380007041C5F60201086820F001000860086815
:1093900020F004000860FFE7FFE7FFE7FFE70A9817
:1093A0008068F0B1FFE7F8F733FA0990FFE744F27D
:1093B0007040C5F60200006800F002010020B0EB2A
:1093C000510F0DD1FFE7F8F723FA0999401A41F23E
:1093D0008931884203D3FFE703200B9095E1E6E74C
:1093E0001DE0F8F715FA0990FFE744F27040C5F662
:1093F0000200006800F002010020B0EB510F0DD018
:10940000FFE7F8F705FA0999401A41F289318842D5
:1094100003D3FFE703200B9077E1E6E7FFE7FFE7E1
:109420000A98406A002800F06D81FFE744F210407E
:10943000C5F60200006800F03800182800F0DD8052
:10944000FFE70A98406A022840F0B280FFE744F242
:109450000041C5F60201086820F080700860F8F746
:10946000D7F90990FFE744F20040C5F60200006812
:1094700000F000710020B0EB516F0BD0FFE7F8F760
:10948000C7F90999401A032803D3FFE703200B907B
:109490003BE1E8E7FFE744F22841C5F6020108682E
:1094A00040F2F33290430A9B9A6ADB6A42EA031263
:1094B000104308600A99086BD1F834C08B6BCA6BF3
:1094C00001386FF35F204FF60061CFF6FF7101EBBB
:1094D0004C2189B208440021CFF6FF7101EB034112
:1094E00001F4FE0108444FF07F4101EB026101F0FD
:1094F000FE41084444F23041C5F602010860FFE72E
:1095000044F22C41C5F602010091086820F00100E8
:10951000086044F23442C5F6020210684FF6F87350
:1095200098430A9B9B6C40EAC3001060086820F0D7
:109530000C000A9A126C10430860086820F00200C0
:109540000A9A526C10430860086840F48030086042
:10955000086840F400300860086840F48020086023
:10956000086840F00100086044F20041C5F60201BD
:10957000086840F080700860F8F74AF90990FFE742
:1095800044F20040C5F60200006800F000710020BF
:10959000B0EB516F0BD1FFE7F8F73AF90999401A90
:1095A000032803D3FFE703200B90AEE0E8E723E0B6
:1095B00044F20041C5F60201086820F0807008609E
:1095C000F8F726F90990FFE744F20040C5F60200DB
:1095D000006800F000710020B0EB516F0BD0FFE786
:1095E000F8F716F90999401A032803D3FFE7032077
:1095F0000B908AE0E8E7FFE783E044F22840C5F6F5
:1096000002000068089044F23040C5F6020000688D
:1096100007900A98406A012837D0FFE7089800F0C1
:1096200003000A99896A88422FD1FFE7089800F45D
:109630007C710A98C06AB0EB111F26D1FFE707982A
:109640006FF35F200A99096B013988421DD1FFE74A
:10965000BDF81C100A98406B0138B0EB512F14D1A3
:10966000FFE7079800F4FE010A98806B0138B0EB21
:10967000114F0AD1FFE7079800F0FE410A98C06B2E
:109680000138B0EB116F03D0FFE701200B903CE0F5
:1096900044F23440C5F60200006880B2C008089069
:1096A0000A98806C0899884229D0FFE744F22C413F
:1096B000C5F60201086820F001000860F8F7A8F874
:1096C0000990FFE7F8F7A4F80999401A08B9FFE7ED
:1096D000F8E744F23441C5F6020108684FF6F87223
:1096E00090430A9A926C40EAC200086044F22C410E
:1096F000C5F60201086840F001000860FFE7FFE7D7
:10970000FFE7FFE700200B90FFE70B980CB080BD50
:1097100080B586B004900391049818B9FFE7012042
:10972000059032E2039842F20001C5F20021096877
:1097300001F00F01884215D9FFE742F20000C5F29F
:109740000020016821F00F01039A114301600068B5
:1097500000F00F000399884203D0FFE70120059035
:1097600013E2FFE7049800784007002819D5FFE7C7
:109770000498006944F21841C5F60201096801F035
:10978000700188420CD9FFE744F21841C5F6020186
:10979000086820F07000049A126910430860FFE71F
:1097A000FFE7049800780007002819D5FFE7049820
:1097B000406944F21C41C5F60201096801F07001DC
:1097C00088420CD9FFE744F21C41C5F60201086843
:1097D00020F07000049A526910430860FFE7FFE729
:1097E00004980078C006002819D5FFE7049880691E
:1097F00044F21C41C5F60201096801F4E0618842A7
:109800000CD9FFE744F21C41C5F60201086820F4B8
:10981000E060049A926910430860FFE7FFE704984C
:1098200000788006002819D5FFE70498C06944F243
:109830002041C5F60201096801F0700188420CD987
:10984000FFE744F22041C5F60201086820F07000ED
:10985000049AD26910430860FFE7FFE70498007894
:109860008007002819D5FFE70498C06844F2184122
:10987000C5F60201096801F00F0188420CD9FFE723
:1098800044F21841C5F60201086820F00F00049A5E
:10989000D26810430860FFE7FFE704980078C0072C
:1098A000002800F08780FFE744F21841C5F6020166
:1098B000086820F47060049A926810430860049865
:1098C0004068022810D1FFE744F20040C5F60200CC
:1098D000006800F400310020B0EB514F03D1FFE7E6
:1098E0000120059051E13BE004984068032810D125
:1098F000FFE744F20040C5F60200006800F0007186
:109900000020B0EB516F03D1FFE7012005903CE14F
:1099100025E004984068012810D1FFE744F2004098
:10992000C5F60200006800F480710020B0EB112F32
:1099300003D1FFE70120059027E10FE044F200404A
:10994000C5F60200006800F004010020B0EB910FA2
:1099500003D1FFE70120059017E1FFE7FFE7FFE7ED
:1099600044F21041C5F60201086820F00700049A8D
:10997000526810430860F7F74BFF0190FFE744F28D
:109980001040C5F60200006800F0380004994968EC
:10999000B0EBC10F0DD0FFE7F7F73AFF0199401A7E
:1099A00041F28931884203D3FFE703200590ECE0C0
:1099B000E5E7FFE7049800788007002819D5FFE75E
:1099C0000498C06844F21841C5F60201096801F024
:1099D0000F0188420CD2FFE744F21841C5F602019C
:1099E000086820F00F00049AD26810430860FFE76F
:1099F000FFE7039842F20001C5F20021096801F077
:109A00000F01884215D2FFE742F20000C5F20020A4
:109A1000016821F00F01039A11430160006800F012
:109A20000F000399884203D0FFE701200590ACE0C6
:109A3000FFE7049800784007002819D5FFE704984D
:109A4000006944F21841C5F60201096801F070018D
:109A500088420CD2FFE744F21841C5F602010868BB
:109A600020F07000049A126910430860FFE7FFE7D6
:109A7000049800780007002819D5FFE7049840698A
:109A800044F21C41C5F60201096801F070018842E8
:109A90000CD2FFE744F21C41C5F60201086820F031
:109AA0007000049A526910430860FFE7FFE70498CA
:109AB0000078C006002819D5FFE70498806944F2B1
:109AC0001C41C5F60201096801F4E06188420CD22C
:109AD000FFE744F21C41C5F60201086820F4E0608B
:109AE000049A926910430860FFE7FFE70498007842
:109AF0008006002819D5FFE70498C06944F2204188
:109B0000C5F60201096801F0700188420CD2FFE736
:109B100044F22041C5F60201086820F07000049A62
:109B2000D26910430860FFE7FFE700F031F844F224
:109B30001842C5F602021168C1F3032349F21A6103
:109B4000C0F60101CB5C03F01F03D84000900098E1
:109B5000126802F00F02895C01F01F01C84040F258
:109B60000401C2F200410860009840F20001C2F214
:109B70000041086040F20C00C2F200400068F7F7B4
:109B800093FD029002980590FFE7059806B080BD0E
:109B90008AB044F21040C5F60200006800F03800B8
:109BA00001460191182800F269810199DFE811F05E
:109BB00019006601660166016601660166016601BB
:109BC0003A0066016601660166016601660166018A
:109BD0004000660166016601660166016601660174
:109BE000460044F20040C5F60200006800F0200183
:109BF0000020B0EB511F0ED0FFE744F20040C5F645
:109C000002000068C0F3C10149F20000C0F2D03088
:109C1000C840029005E049F20000C0F2D030029046
:109C2000FFE731E140F60010C0F23D0002902BE169
:109C300047F64000C0F27D10029025E144F2284032
:109C4000C5F60200016801F0030108910068C0F345
:109C50000510079044F22C40C5F60200006800F0A1
:109C600001000690069844F23441C5F602010968E5
:109C700089B2C908484300EE100AB8EE400A8DEDDB
:109C8000040A0798002800F0F580FFE70898009084
:109C900048B1FFE70098012869D0FFE70098022843
:109CA00000F08980ABE044F20040C5F60200006895
:109CB00000F020010020B0EB511F33D0FFE744F249
:109CC0000040C5F602000068C0F3C10149F200007F
:109CD000C0F2D030C84005909DED050AB8EE400AAC
:109CE0009DED071AB8EE411A80EE010A44F23040A9
:109CF000C5F6020000686FF35F2001EE100AB8EEAF
:109D0000411A9DED042A9FED633A82EE032A31EE5B
:109D1000021AB7EE002A31EE021A20EE010A8DED8A
:109D2000030A23E09DED070AB8EE401A9FED5B0A97
:109D300080EE010A44F23040C5F6020000686FF37D
:109D40005F2001EE100AB8EE411A9DED042A9FED46
:109D5000513A82EE032A31EE021AB7EE002A31EEB2
:109D6000021A20EE010A8DED030AFFE76BE09DED7C
:109D7000070AB8EE401A9FED480A80EE010A44F245
:109D80003040C5F6020000686FF35F2001EE100A54
:109D9000B8EE411A9DED042A9FED3E3A82EE032A69
:109DA00031EE021AB7EE002A31EE021A20EE010A55
:109DB0008DED030A47E09DED070AB8EE401A9FEDCE
:109DC000340A80EE010A44F23040C5F60200006811
:109DD0006FF35F2001EE100AB8EE411A9DED042AE0
:109DE0009FED2C3A82EE032A31EE021AB7EE002ADA
:109DF00031EE021A20EE010A8DED030A23E09DEDFB
:109E0000070AB8EE401A9FED240A80EE010A44F2D8
:109E10003040C5F6020000686FF35F2001EE100AC3
:109E2000B8EE411A9DED042A9FED1A3A82EE032AFC
:109E300031EE021AB7EE002A31EE021A20EE010AC4
:109E40008DED030AFFE744F23040C5F602000068DA
:109E500081B2012000EB512009909DED030A9DED98
:109E6000091AB8EE411A80EE010ABCEEC00A8DED67
:109E7000020A02E000200290FFE705E040F6001031
:109E8000C0F23D000290FFE702980AB0704700BFA1
:109E900020BCBE4B000000460024744A0024744CD1
:109EA00080B58AB0099008910792099860BBFFE7D6
:109EB000FFE744F2E040C5F60200016841F001010D
:109EC0000160006800F0010001900198FFE74FF485
:109ED00080700290022003900320059000200490DF
:109EE00006900020C5F6020002A9FDF799FA44F297
:109EF0001041C5F60201086820F0FE70089A079B21
:109F00001A43104308602DE0FFE744F2E040C5F635
:109F10000200016841F004010160006800F00400E3
:109F200000900098FFE74FF4007002900220039029
:109F30000320059000200490069040F60000C5F62E
:109F4000020002A9FDF76CFA44F21041C5F60201C5
:109F5000086820F07E40089A079B42EAC31210432B
:109F60000860FFE70AB080BD44F20041C5F6020177
:109F7000086840F400200860704700BF00BF00BFC1
:109F800044F20041C5F60201086820F40020086090
:109F9000704700BF00BF00BF80B582B0FFF7F8FD7B
:109FA00044F21842C5F602021168C1F3032349F2D4
:109FB0001A61C0F60101CB5C03F01F03D840019089
:109FC0000198126802F00F02895C01F01F0120FA6B
:109FD00001F140F20400C2F200400160019940F238
:109FE0000002C2F200421160006802B080BD00BFF2
:109FF00080B5FFF7D1FF44F21C41C5F602010968A4
:10A00000C1F3021249F21A61C0F60101895C01F044
:10A010001F01C84080BD00BF80B5FFF7BDFF44F2FF
:10A020001C41C5F602010968C1F3022249F21A6116
:10A03000C0F60101895C01F01F01C84080BD00BF6E
:10A0400080B582B0019001993F20086044F2004041
:10A05000C5F6020000684003002805D5FFE7019916
:10A060004FF4A020486012E044F20040C5F6020020
:10A070000068C003002805D5FFE701994FF4803040
:10A08000486003E0019900204860FFE7FFE744F2E1
:10A090000040C5F6020000680006002804D5FFE76E
:10A0A00001998020C86103E001990020C861FFE7A1
:10A0B000F7F736FC41F2030188420AD8FFE744F281
:10A0C0000440C5F602000068C0F38460019908628C
:10A0D00009E044F20C40C5F602000068C0F30560D8
:10A0E00001990862FFE744F20040C5F602000068EB
:10A0F000C00720B1FFE701990120C86003E0019982
:10A100000020C860FFE7F7F70BFC41F2030188422B
:10A110000AD8FFE744F20440C5F602000068C0F325
:10A1200005300199086109E044F20440C5F60200D7
:10A130000068C0F3066001990861FFE744F27040CF
:10A14000C5F6020000684007002804D5FFE7019922
:10A150000520886010E044F27040C5F602000068F7
:10A16000C00720B1FFE701990120886003E0019951
:10A1700000208860FFE7FFE744F27440C5F6020064
:10A180000068C00720B1FFE701990120486103E0A2
:10A19000019900204861FFE744F20040C5F6020043
:10A1A0000068C004002804D5FFE7019901208861F8
:10A1B00003E0019900208861FFE744F20040C5F602
:10A1C00002000068C001002804D5FFE701990220C1
:10A1D000486203E0019901204862FFE744F2284009
:10A1E000C5F60200016801F00301019A916200685E
:10A1F000C0F305100199C86244F23041C5F602016E
:10A2000008686FF35F200130019A1063086800F05E
:10A21000FE42012000EB1262019BDA630A6892B2EF
:10A2200000EB5222019B5A63096801F4FE0100EB26
:10A2300011400199886344F22C40C5F60200016880
:10A2400001F00C01019A11640068C0F3400001990B
:10A25000486444F23440C5F60200006880B2C00889
:10A260000199886402B080BD82B00190009101998B
:10A270003F20086044F21040C5F60200006800F07C
:10A2800007000199486044F21840C5F602000168D1
:10A2900001F47061019A9160016801F00F01019A67
:10A2A000D160006800F070000199086144F21C4020
:10A2B000C5F60200016801F07001019A5161006861
:10A2C00000F4E0600199886144F22040C5F6020084
:10A2D000006800F070000199C86142F20000C5F208
:10A2E0000020006800F00F000099086002B070477D
:10A2F00080B544F26440C5F60200006840050028BD
:10A300000AD5FFE700F00CF844F26841C5F60201F7
:10A310004FF480600860FFE780BD00BF00BF00BF52
:10A32000704700000000000080B59CB01A9000202B
:10A33000179016901A98C0780007002842D5FFE7BA
:10A340001A98806E159078B1FFE71598B0F5801FC8
:10A3500013D0FFE71598B0F5001F15D0FFE715984B
:10A36000B0F5401F17D017E044F22C41C5F60201AA
:10A37000086840F40030086011E01A9808300221A3
:10A3800000F082FF17900AE01A982830022101F0AD
:10A390005BF8179003E002E001201790FFE71798A1
:10A3A00060B9FFE744F25041C5F60201086820F4A5
:10A3B00040101A9A926E1043086002E017981690A7
:10A3C000FFE7FFE71A984078C00700283AD0FFE778
:10A3D0001A98806D149004281ED81499DFE801F0B3
:10A3E000030C131A1B0044F22C41C5F60201086845
:10A3F00040F40030086012E01A980830002100F0A4
:10A4000043FF17900BE01A982830002101F01CF848
:10A41000179004E003E002E001201790FFE717988F
:10A4200060B9FFE744F25041C5F60201086820F028
:10A4300007001A9A926D1043086002E01798169070
:10A44000FFE7FFE71A9840788007002845D5FFE727
:10A450001A98C06D139088B1FFE71398402816D062
:10A46000FFE71398802819D0FFE71398C0281CD065
:10A47000FFE71398B0F5807F18D018E044F22C4124
:10A48000C5F60201086840F40030086012E01A982E
:10A490000830002100F0F8FE17900BE01A982830E1
:10A4A000002100F0D1FF179004E003E002E001205A
:10A4B0001790FFE7179860B9FFE744F25041C5F6DF
:10A4C0000201086820F4E0701A9AD26D1043086007
:10A4D00002E017981690FFE7FFE71A9840784007C8
:10A4E00000284AD5FFE71A98D0F8A8001290A0B12A
:10A4F000FFE71298B0F5001F18D0FFE71298B0F5EB
:10A50000800F1AD0FFE71298B0F5C00F1CD0FFE7FC
:10A510001298B0F5000F18D018E044F22C41C5F69F
:10A520000201086840F40030086012E01A98083010
:10A53000002100F0A9FE17900BE01A9828300021A6
:10A5400000F082FF179004E003E002E00120179082
:10A55000FFE7179868B9FFE744F25841C5F60201D2
:10A56000086820F460001A9AD2F8A8201043086006
:10A5700002E017981690FFE7FFE71A984078000767
:10A5800000284AD5FFE71A98D0F8AC001190A0B186
:10A59000FFE71198B0F1807F18D0FFE71198B0F174
:10A5A000007F1AD0FFE71198B0F1407F1CD0FFE781
:10A5B0001198B0F1806F18D018E044F22C41C5F624
:10A5C0000201086840F40030086012E01A98083070
:10A5D000002100F059FE17900BE01A982830002156
:10A5E00000F032FF179004E003E002E00120179032
:10A5F000FFE7179868B9FFE744F25841C5F6020132
:10A60000086820F0E0601A9AD2F8AC201043086085
:10A6100002E017981690FFE7FFE71A98C0788007C6
:10A62000002839D5FFE71A98C06C1090E8B1FFE711
:10A630001098102808D0FFE7109820280DD0FFE7C9
:10A640001098302810D011E044F22C41C5F60201D8
:10A65000086840F4003008600BE01A9808300221C6
:10A6600000F012FE179004E003E002E001201790D2
:10A67000FFE7179860B9FFE744F24C41C5F60201C5
:10A68000086820F030001A9AD26C1043086002E08B
:10A6900017981690FFE7FFE71A984078C006002841
:10A6A00048D5FFE71A98006E0F90A0B1FFE70F980A
:10A6B000B0F5805F18D0FFE70F98B0F5005F1AD0B3
:10A6C000FFE70F98B0F5405F1CD0FFE70F98B0F59B
:10A6D000804F18D018E044F22C41C5F602010868FA
:10A6E00040F40030086012E01A980830002100F0B1
:10A6F000CBFD17900BE01A982830002100F0A4FE43
:10A70000179004E003E002E001201790FFE717989C
:10A7100060B9FFE744F25041C5F60201086820F431
:10A72000E0401A9A126E1043086002E017981690E3
:10A73000FFE7FFE71A9840788006002846D5FFE734
:10A740001A98406E0E90C8B1FFE70E98B0F5803FA2
:10A7500015D0FFE70E98B0F5003F17D0FFE70E9831
:10A76000B0F5403F19D0FFE70E98B0F5802F15D017
:10A77000FFE70E98B0F5A02F11D011E013E01A9862
:10A780000830012100F080FD17900CE01A98283065
:10A79000012100F059FE179005E004E003E002E01B
:10A7A00001201790FFE7179860B9FFE744F2504186
:10A7B000C5F60201086820F4E0201A9A526E104390
:10A7C000086002E017981690FFE7FFE71A984078B4
:10A7D0004006002848D5FFE71A98D0F8B0000D9041
:10A7E000C8B1FFE70D98B0F1805F15D0FFE70D9875
:10A7F000B0F1005F17D0FFE70D98B0F1405F19D0BE
:10A80000FFE70D98B0F1804F15D0FFE70D98B0F13C
:10A81000A04F11D011E013E01A980830012100F088
:10A8200033FD17900CE01A982830012100F00CFE3F
:10A83000179005E004E003E002E001201790FFE735
:10A84000179868B9FFE744F25841C5F60201086855
:10A8500020F0E0401A9AD2F8B0201043086002E0DD
:10A8600017981690FFE7FFE71A984078000600282F
:10A8700036D5FFE71A98006F0C90D0B1FFE70C981F
:10A88000B0F1805F05D0FFE70C98B0F1005F09D010
:10A8900010E044F22C41C5F60201086840F4003093
:10A8A00008600AE01A980830012100F0EDFC1790CA
:10A8B00003E002E001201790FFE7179860B9FFE777
:10A8C00044F25041C5F60201086820F040501A9A3F
:10A8D000126F1043086002E017981690FFE7FFE739
:10A8E0001A98C078C00790B3FFE71A98806C0B9055
:10A8F000032816D80B99DFE801F013020B1244F27B
:10A900002C41C5F60201086840F4003008600BE0F5
:10A910001A980830022100F0B7FC179004E003E019
:10A9200002E001201790FFE7179860B9FFE744F2B3
:10A930004C41C5F60201086820F003001A9A926C97
:10A940001043086002E017981690FFE7FFE71A9897
:10A9500080784006002840F1AC80FFE744F6000113
:10A96000C5F60201086840F480700860F6F750FFF1
:10A970001890FFE744F60000C5F602000068C00525
:10A9800000280BD4FFE7F6F743FF1899401A652813
:10A9900003D3FFE70320179000E0EBE717980028A8
:10A9A00040F08380FFE744F27040C5F60200006883
:10A9B00000F440701A99D1F8B41001F44071884243
:10A9C00013D0FFE744F27041C5F60201086820F495
:10A9D00040701990086840F480300860086820F4DE
:10A9E0008030086019980860FFE71A98D0F8B40022
:10A9F000B0F5807F1ED1FFE7F6F70AFF1890FFE75A
:10AA000044F27040C5F60200006800F00201002028
:10AA1000B0EB510F0DD1FFE7F6F7FAFE1899401A87
:10AA200041F28931884203D3FFE70320179000E009
:10AA3000E6E7FFE71798A0BBFFE7FFE71A98D0F813
:10AA4000B40000F44070B0F5407F13D1FFE744F24A
:10AA50001041C5F60201086820F47C501A9AD2F819
:10AA6000B4204FF6F043C0F6FF731A4040EA1210CC
:10AA7000086008E044F21041C5F60201086820F4BD
:10AA80007C500860FFE71A98D0F8B4206FF31F32AB
:10AA900044F27041C5F60201086810430860FFE700
:10AAA00002E017981690FFE702E017981690FFE76C
:10AAB000FFE71A980068C007002800F04680FFE70B
:10AAC0001A98C06F0A90282829D80A99DFE801F05F
:10AAD0001527272727272727162727272727272729
:10AAE0001D27272727272727242727272727272703
:10AAF0002527272727272727260013E01A9808301D
:10AB0000012100F0C1FB17900CE01A9828300121B8
:10AB100000F09AFC179005E004E003E002E0012059
:10AB20001790FFE7179860B9FFE744F25441C5F664
:10AB30000201086820F038001A9AD26F10430860AA
:10AB400002E017981690FFE7FFE71A980078800751
:10AB5000002833D5FFE71A98806F0990052817D889
:10AB60000999DFE801F003040B12131413E01A989B
:10AB70000830012100F088FB17900CE01A9828306B
:10AB8000012100F061FC179005E004E003E002E021
:10AB900001201790FFE7179860B9FFE744F254418E
:10ABA000C5F60201086820F007001A9A926F104358
:10ABB000086002E017981690FFE7FFE71A98007800
:10ABC0004007002835D5FFE71A98D0F89400089080
:10ABD000052817D80899DFE801F003040B121314B5
:10ABE00013E01A980830012100F04EFB17900CE09A
:10ABF0001A982830012100F027FC179005E004E0A6
:10AC000003E002E001201790FFE7179868B9FFE71B
:10AC100044F25841C5F60201086820F007001A9A6C
:10AC2000D2F894201043086002E017981690FFE7CE
:10AC3000FFE71A9800788006002848D5FFE71A98A1
:10AC4000D0F890000790C8B1FFE70798B0F1805F97
:10AC500015D0FFE70798B0F1005F17D0FFE707981E
:10AC6000B0F1405F19D0FFE70798B0F1804F15D0E1
:10AC7000FFE70798B0F1A04F11D011E013E01A9848
:10AC80000830002100F000FB17900CE01A982830E3
:10AC9000022100F0D9FB179005E004E003E002E098
:10ACA00001201790FFE7179868B9FFE744F2544175
:10ACB000C5F60201086820F0E0401A9AD2F8902008
:10ACC0001043086002E017981690FFE7FFE71A9814
:10ACD00000784006002848D5FFE71A98D0F89C0075
:10ACE0000690C8B1FFE70698B0F5806F15D0FFE772
:10ACF0000698B0F5006F17D0FFE70698B0F5406FE3
:10AD000019D0FFE70698B0F5805F15D0FFE70698E9
:10AD1000B0F5A05F11D011E013E01A9808300021BF
:10AD200000F0B2FA17900CE01A982830022100F0D7
:10AD30008BFB179005E004E003E002E00120179090
:10AD4000FFE7179868B9FFE744F25841C5F60201DA
:10AD5000086820F4E0501A9AD2F89C20104308604A
:10AD600002E017981690FFE7FFE71A9800780006B0
:10AD7000002848D5FFE71A98D0F8A0000590C8B180
:10AD8000FFE70598B0F5005F15D0FFE70598B0F52F
:10AD9000804F17D0FFE70598B0F5C04F19D0FFE7F7
:10ADA0000598B0F5004F15D0FFE70598B0F5204F96
:10ADB00011D011E013E01A980830002100F064FA75
:10ADC00017900CE01A982830022100F03DFB1790F4
:10ADD00005E004E003E002E001201790FFE7179888
:10ADE00068B9FFE744F25841C5F60201086820F44B
:10ADF00060401A9AD2F8A0201043086002E0179829
:10AE00001690FFE7FFE71A980078000700281FD583
:10AE1000FFE71A98D0F88400B0F5805F0BD1FFE708
:10AE20001A982830022100F00FFB18B1FFE701202B
:10AE30001690FFE7FFE744F25441C5F602010868A7
:10AE400020F440501A9AD2F8842010430860FFE79B
:10AE50001A980078C00600281FD5FFE71A98D0F886
:10AE60009800B0F5807F0BD1FFE71A9828300221B7
:10AE700000F0EAFA18B1FFE701201690FFE7FFE7BC
:10AE800044F25841C5F60201086820F440701A9A4D
:10AE9000D2F8982010430860FFE71A9880780007DE
:10AEA000002836D5FFE71A98D0F8A400049050B1D6
:10AEB000FFE70498B0F5803F0CD0FFE70498B0F5A9
:10AEC000003F0ED00EE01A980830002100F0DCF9A7
:10AED00017900AE01A982830022100F0B5FA17906E
:10AEE00003E002E001201790FFE7179868B9FFE739
:10AEF00044F25841C5F60201086820F440301A9A1D
:10AF0000D2F8A4201043086002E017981690FFE7DB
:10AF1000FFE71A988078400700283AD5FFE71A988B
:10AF2000D0F888000390B0F5801F0AD0FFE703989F
:10AF3000B0F5001F0ED0FFE70398B0F5401F10D00A
:10AF400010E044F22C41C5F60201086840F40030DC
:10AF500008600AE01A982830012100F075FA17906D
:10AF600003E002E001201790FFE7179868B9FFE7B8
:10AF700044F25441C5F60201086820F440101A9AC0
:10AF8000D2F888201043086002E017981690FFE777
:10AF9000FFE71A988078C00780B3FFE71A98006D22
:10AFA000029028B1FFE70298B0F5803F09D00FE08A
:10AFB00044F22C41C5F60201086840F400300860F4
:10AFC00009E01A980830022100F05EF9179002E0BB
:10AFD00001201790FFE7179860B9FFE744F24C4152
:10AFE000C5F60201086820F480301A9A126D1043E9
:10AFF000086002E017981690FFE7FFE71A98C078FC
:10B00000800600280BD5FFE71A982830022100F0AF
:10B010001BFA18B1FFE701201690FFE7FFE71A9827
:10B0200080788007002838D5FFE71A98D0F880008C
:10B030000190D0B1FFE70198B0F5807F0AD0FFE71B
:10B040000198B0F5007F0ED0FFE70198B0F5407F82
:10B050000AD00BE044F22C41C5F60201086840F426
:10B060000030086005E004E003E002E001201790F2
:10B07000FFE7179868B9FFE744F25441C5F60201AB
:10B08000086820F440701A9AD2F8802010430860B3
:10B0900002E017981690FFE7FFE71A988078C0063D
:10B0A00000280CD5FFE744F25041C5F602010868BC
:10B0B00020F000401A9A526F10430860FFE71A9878
:10B0C000C078C00600280DD5FFE744F21041C5F650
:10B0D0000201086820F480401A9AD2F8B820104380
:10B0E0000860FFE71A988078800600280CD5FFE7F3
:10B0F00044F25041C5F60201086820F080701A9AA7
:10B10000D26E10430860FFE71A98C0784006002806
:10B1100011D5FFE7FFE744F21041C5F602010868C8
:10B1200020F4004008601A98D0F8BC20086810434A
:10B130000860FFE7FFE71A98C078000600280CD5E2
:10B14000FFE744F24C41C5F60201086820F0405088
:10B150001A9A526D10430860FFE71A98807800062B
:10B1600000280DD5FFE744F25441C5F602010868F6
:10B1700020F440001A9AD2F88C2010430860FFE7B0
:10B180001A980079C00770B1FFE71A9808300021BB
:10B1900000F07AF81790179808B9FFE702E01798BF
:10B1A0001690FFE7FFE71A980079800700280ED570
:10B1B000FFE71A980830012100F066F817901798F9
:10B1C00008B9FFE702E017981690FFE7FFE71A9823
:10B1D0000079400700280ED5FFE71A9808300221B1
:10B1E00000F052F81790179808B9FFE702E0179897
:10B1F0001690FFE7FFE71A980079000700280ED5A0
:10B20000FFE71A982830002100F01EF917901798D0
:10B2100008B9FFE702E017981690FFE7FFE71A98D2
:10B220000079C00600280ED5FFE71A9828300121C2
:10B2300000F00AF91790179808B9FFE702E017988D
:10B240001690FFE7FFE71A980079800600280ED5D0
:10B25000FFE71A982830022100F0F6F817901798A7
:10B2600008B9FFE702E017981690FFE7FFE7169886
:10B2700018B9FFE700201B9002E001201B90FFE7B8
:10B280001B981CB080BD00BF80B586B004900391B0
:10B290000020019044F22840C5F60200006800F04A
:10B2A0000300032803D1FFE701200590C7E044F223
:10B2B0000041C5F60201086820F080600860F6F7DA
:10B2C000A7FA0290FFE744F20040C5F602000068CA
:10B2D00000F000610020B0EBD16F0BD0FFE7F6F774
:10B2E00097FA0299401A032803D3FFE70320059039
:10B2F000A5E0E8E7FFE744F22841C5F60201086847
:10B3000020F47C30049A126840EA02300860049904
:10B310004868D1F808C0CB680A6901386FF35F202C
:10B320004FF60061CFF6FF7101EB4C2189B2084462
:10B330000021CFF6FF7101EB034101F4FE01084447
:10B340004FF07F4101EB026101F0FE41084444F2FD
:10B350003841C5F602010860FFE744F22C41C5F60A
:10B3600002010091086820F0C000049A526910435D
:10B370000860086820F02000049A92691043086071
:10B38000086820F01000086044F23C42C5F6020252
:10B3900010684FF6F8739843049BDB6940EAC300DA
:10B3A0001060086840F010000860039848B9FFE793
:10B3B00044F22C41C5F60201086840F40020086000
:10B3C00016E00398012809D1FFE744F22C41C5F6A5
:10B3D0000201086840F48010086008E044F22C4143
:10B3E000C5F60201086840F400100860FFE7FFE7B7
:10B3F00044F20041C5F60201086840F08060086030
:10B40000F6F706FA0290FFE744F20040C5F60200A4
:10B41000006800F000610020B0EBD16F0BD1FFE7B6
:10B42000F6F7F6F90299401A032803D3FFE7032041
:10B43000059004E0E8E7FFE701980590FFE705982D
:10B4400006B080BD00BF00BF80B586B004900391F8
:10B450000020019044F22840C5F60200006800F088
:10B460000300032803D1FFE701200590C7E044F261
:10B470000041C5F60201086820F080500860F6F728
:10B48000C7F90290FFE744F20040C5F602000068E9
:10B4900000F000510020B0EB517F0BD0FFE7F6F732
:10B4A000B7F90299401A032803D3FFE70320059058
:10B4B000A5E0E8E7FFE744F22841C5F60201086885
:10B4C00020F07C70049A126840EA025008600499E7
:10B4D0004868D1F808C0CB680A6901386FF35F206B
:10B4E0004FF60061CFF6FF7101EB4C2189B20844A1
:10B4F0000021CFF6FF7101EB034101F4FE01084486
:10B500004FF07F4101EB026101F0FE41084444F23B
:10B510004041C5F602010860FFE744F22C41C5F640
:10B5200002010091086820F44060049A52691043B7
:10B530000860086820F40070049A9269104308605B
:10B54000086820F48070086044F24442C5F60202A4
:10B5500010684FF6F8739843049BDB6940EAC30018
:10B560001060086840F480700860039848B9FFE7ED
:10B5700044F22C41C5F60201086840F480000860DE
:10B5800016E00398012809D1FFE744F22C41C5F6E3
:10B590000201086840F40000086008E044F22C4111
:10B5A000C5F60201086840F080700860FFE7FFE719
:10B5B00044F20041C5F60201086840F0805008607E
:10B5C000F6F726F90290FFE744F20040C5F60200C4
:10B5D000006800F000510020B0EB517F0BD1FFE775
:10B5E000F6F716F90299401A032803D3FFE7032060
:10B5F000059004E0E8E7FFE701980590FFE705986C
:10B6000006B080BD00BF00BF10B582B001900199A7
:10B61000002048604FF2F710CCF6FF100860019947
:10B6200008684A6840F008004A60086001990868A4
:10B630004A6840F400704A600860019908684A68E6
:10B6400040F480604A600860019908684A6840F4E4
:10B6500000604A600860019908684A6840F000701C
:10B660004A600860019908684A6840F080504A6062
:10B670000860019908684A6840F000504A60086014
:10B6800044F22842C5F602021068C0F30550019941
:10B69000886244F24040C5F6020001686FF35F2102
:10B6A0000131019BD962016801F0FE43012101EBE8
:10B6B0001363DDF804C0CCF8383003689BB201EBAB
:10B6C0005323DDF804C0CCF83030006800F4FE00ED
:10B6D00001EB1040019B586344F22C40C5F6020078
:10B6E0000368C3F38123DDF804C0CCF83C30036861
:10B6F000C3F34023DDF804C0CCF840301268C2F335
:10B700000532019B9A6044F23842C5F60202136882
:10B710006FF35F230133DDF804C0CCF80C301368FD
:10B7200003F0FE4301EB1363DDF804C0CCF81830DE
:10B7300013689BB201EB5323DDF804C0CCF8103042
:10B74000126802F4FE0201EB1241019A5161016894
:10B75000C9B28909019AD1610068C0F3401001990A
:10B76000086244F25442C5F60202106800F0380044
:10B770000199C867106800F007000199886744F2D2
:10B78000584CC5F6020CDCF8000000F007000199E7
:10B79000C1F89400106800F440500199C1F8840089
:10B7A000106800F0E0400199C1F89000DCF800005A
:10B7B00000F4E0500199C1F89C00DCF8000000F4AE
:10B7C00060400199C1F8A00044F25043C5F602035D
:10B7D0000093186800F0070001998865186800F464
:10B7E000E0700199C865DCF8000000F46000019980
:10B7F000C1F8A800DCF8000000F0E0600199C1F891
:10B80000AC0044F27040C5F60200006800F44070DD
:10B810000199C1F8B400106800F440100199C1F812
:10B82000880044F24C41C5F60201086800F48030FB
:10B83000DDF804E0CEF85000106800F44070DDF848
:10B8400004E0CEF8800044F21040C5F60200D0F8C3
:10B8500000E00EF4804E019CC4F8B8E0DCF800E093
:10B860000EF4403E019CC4F8A4E0D3F800E00EF0D2
:10B87000004E019CC4F874E0D3F800E00EF0807E26
:10B88000019CC4F86CE0D3F800E00EF4401E019C6B
:10B89000C4F868E0D3F800E00EF4E04E019CC4F870
:10B8A00060E0D3F800E00EF4E02E019CC4F864E000
:10B8B000DCF800C00CF0E04CDDF804E0CEF8B0C0DD
:10B8C0001B6803F04053DDF804C0CCF870301268F8
:10B8D00002F44002019BC3F88C200A6802F00302C4
:10B8E000019B9A640A6802F03002019BDA640968DD
:10B8F00001F04051019A516500680004002805D408
:10B90000FFE701990020C1F8BC0005E001994FF460
:10B910000040C1F8BC00FFE702B010BD00BF00BF8F
:10B9200080B59AB0199118901898199980F4807080
:10B930000843002840F0A880FFE744F25040C5F6D5
:10B940000200006800F007000D900D980A9004288E
:10B9500000F295800A99DFE801F00316298C3C007B
:10B9600044F20040C5F6020000688001002806D5B8
:10B97000FFE715A800F0FCFD16980E9002E00020ED
:10B980000E90FFE77EE044F20040C5F6020000683A
:10B990000001002806D5FFE712A800F041FF129829
:10B9A0000E9002E000200E90FFE76BE044F20040B2
:10B9B000C5F6020000688000002806D5FFE70FA842
:10B9C00001F086F80F980E9002E000200E90FFE73D
:10B9D00058E044F24C40C5F60200006800F04050C8
:10B9E0000C9044F20040C5F60200006840070028B1
:10B9F00011D5FFE70C9870B9FFE744F20040C5F697
:10BA000002000068C0F3C10149F20000C0F2D0306A
:10BA1000C8400E902CE044F20040C5F602000068D9
:10BA2000C00500280BD5FFE70C98B0F1805F06D168
:10BA3000FFE740F60010C0F23D000E9017E044F220
:10BA40000040C5F602000068800300280BD5FFE720
:10BA50000C98B0F1005F06D1FFE747F64000C0F256
:10BA60007D100E9002E000200E90FFE7FFE7FFE759
:10BA700008E048F20000C0F2BB000E9002E0002097
:10BA80000E90FFE700F06EBD1898199980F40070D1
:10BA90000843002840F0B380FFE744F25040C5F669
:10BAA0000200006800F4E0700D900D98099090B1CC
:10BAB000FFE70998402821D0FFE70998802830D077
:10BAC000FFE70998C02800F08F80FFE70998B0F5DC
:10BAD000807F39D08EE044F20040C5F60200006855
:10BAE0008001002806D5FFE715A800F041FD169853
:10BAF0000E9002E000200E90FFE77EE044F200404E
:10BB0000C5F6020000680001002806D5FFE712A86C
:10BB100000F086FE12980E9002E000200E90FFE7E3
:10BB20006BE044F20040C5F6020000688000002887
:10BB300006D5FFE70FA800F0CBFF0F980E9002E0AC
:10BB400000200E90FFE758E044F24C40C5F602009A
:10BB5000006800F040500C9044F20040C5F602002E
:10BB600000684007002811D5FFE70C9870B9FFE77F
:10BB700044F20040C5F602000068C0F3C10149F27A
:10BB80000000C0F2D030C8400E902CE044F20040DB
:10BB9000C5F602000068C00500280BD5FFE70C9829
:10BBA000B0F1805F06D1FFE740F60010C0F23D0023
:10BBB0000E9017E044F20040C5F6020000688003D2
:10BBC00000280BD5FFE70C98B0F1005F06D1FFE726
:10BBD00047F64000C0F27D100E9002E000200E906B
:10BBE000FFE7FFE7FFE708E048F20000C0F2BB0014
:10BBF0000E9002E000200E90FFE700F0B2BC189813
:10BC0000199980F480600843002840F0B580FFE770
:10BC100044F25840C5F60200006800F460000D9040
:10BC20000D980890A8B1FFE70898B0F5001F23D041
:10BC3000FFE70898B0F5800F31D0FFE70898B0F51E
:10BC4000C00F00F08F80FFE70898B0F5000F39D0E3
:10BC50008EE044F20040C5F6020000688001002832
:10BC600006D5FFE715A800F083FC16980E9002E0B9
:10BC700000200E90FFE77EE044F20040C5F602008F
:10BC800000680001002806D5FFE712A800F0C8FDF3
:10BC900012980E9002E000200E90FFE76BE044F255
:10BCA0000040C5F6020000688000002806D5FFE7C6
:10BCB0000FA800F00DFF0F980E9002E000200E90EC
:10BCC000FFE758E044F24C40C5F60200006800F07F
:10BCD00040500C9044F20040C5F602000068400756
:10BCE000002811D5FFE70C9870B9FFE744F2004037
:10BCF000C5F602000068C0F3C10149F20000C0F2BD
:10BD0000D030C8400E902CE044F20040C5F602004E
:10BD10000068C00500280BD5FFE70C98B0F1805FE4
:10BD200006D1FFE740F60010C0F23D000E9017E08C
:10BD300044F20040C5F602000068800300280BD5DD
:10BD4000FFE70C98B0F1005F06D1FFE747F640002F
:10BD5000C0F27D100E9002E000200E90FFE7FFE79A
:10BD6000FFE708E048F20000C0F2BB000E9002E0DE
:10BD700000200E90FFE7F3E31898199980F4006013
:10BD80000843002840F0B580FFE744F25840C5F66C
:10BD90000200006800F0E0600D900D980790A8B1D7
:10BDA000FFE70798B0F1807F23D0FFE70798B0F155
:10BDB000007F31D0FFE70798B0F1407F00F08F801F
:10BDC000FFE70798B0F1806F39D08EE044F2004071
:10BDD000C5F6020000688001002806D5FFE715A817
:10BDE00000F0C6FB16980E9002E000200E90FFE7D0
:10BDF0007EE044F20040C5F6020000680001002821
:10BE000006D5FFE712A800F00BFD12980E9002E095
:10BE100000200E90FFE76BE044F20040C5F6020000
:10BE200000688000002806D5FFE70FA800F050FE4C
:10BE30000F980E9002E000200E90FFE758E044F2C9
:10BE40004C40C5F60200006800F040500C9044F2EF
:10BE50000040C5F6020000684007002811D5FFE742
:10BE60000C9870B9FFE744F20040C5F60200006884
:10BE7000C0F3C10149F20000C0F2D030C8400E90BA
:10BE80002CE044F20040C5F602000068C00500281E
:10BE90000BD5FFE70C98B0F1805F06D1FFE740F6C5
:10BEA0000010C0F23D000E9017E044F20040C5F6CD
:10BEB00002000068800300280BD5FFE70C98B0F162
:10BEC000005F06D1FFE747F64000C0F27D100E90FC
:10BED00002E000200E90FFE7FFE7FFE708E048F2EE
:10BEE0000000C0F2BB000E9002E000200E90FFE7C1
:10BEF00035E31898199980F480500843002840F0E1
:10BF0000B580FFE744F25040C5F60200006800F437
:10BF1000E0400B900B980690A8B1FFE70698B0F5AB
:10BF2000805F23D0FFE70698B0F5005F31D0FFE7D0
:10BF30000698B0F5405F00F08F80FFE70698B0F5F7
:10BF4000804F39D08EE044F20040C5F60200006810
:10BF50008001002806D5FFE715A800F009FB169818
:10BF60000E9002E000200E90FFE77EE044F20040D9
:10BF7000C5F6020000680001002806D5FFE712A8F8
:10BF800000F04EFC12980E9002E000200E90FFE7A9
:10BF90006BE044F20040C5F6020000688000002813
:10BFA00006D5FFE70FA800F093FD0F980E9002E072
:10BFB00000200E90FFE758E044F24C40C5F6020026
:10BFC000006800F040500C9044F20040C5F60200BA
:10BFD00000684007002811D5FFE70C9870B9FFE70B
:10BFE00044F20040C5F602000068C0F3C10149F206
:10BFF0000000C0F2D030C8400E902CE044F2004067
:10C00000C5F602000068C00500280BD5FFE70C98B4
:10C01000B0F1805F06D1FFE740F60010C0F23D00AE
:10C020000E9017E044F20040C5F60200006880035D
:10C0300000280BD5FFE70C98B0F1005F06D1FFE7B1
:10C0400047F64000C0F27D100E9002E000200E90F6
:10C05000FFE7FFE7FFE708E048F20000C0F2BB009F
:10C060000E9002E000200E90FFE777E218981999F1
:10C0700080F400500843002840F09580FFE744F228
:10C080005040C5F60200006800F4E0200B900B98C9
:10C090000590C8B1FFE70598B0F5803F18D0FFE7DD
:10C0A0000598B0F5003F26D0FFE70598B0F5403F72
:10C0B00034D0FFE70598B0F5802F4AD0FFE7059808
:10C0C000B0F5A02F58D06AE0FDF792FF0E9069E01E
:10C0D00044F20040C5F6020000680001002806D5C1
:10C0E000FFE712A800F09CFB13980E9002E00020DE
:10C0F0000E90FFE756E044F20040C5F602000068EB
:10C100008000002806D5FFE70FA800F0E1FC10989A
:10C110000E9002E000200E90FFE743E044F2004062
:10C12000C5F602000068400700280ED5FFE744F27C
:10C130000040C5F602000068C0F3C10149F20000EA
:10C14000C0F2D030C8400E9002E000200E90FFE711
:10C1500028E044F20040C5F602000068C00500284F
:10C1600006D5FFE740F60010C0F23D000E9002E059
:10C1700000200E90FFE715E044F20040C5F60200F3
:10C1800000688003002806D5FFE747F64000C0F2AC
:10C190007D100E9002E000200E90FFE702E00020EC
:10C1A0000E90FFE7D9E11898199980F40020084310
:10C1B000002840F09180FFE744F25840C5F60200A5
:10C1C000006800F440300B900B98049050B1FFE7EA
:10C1D0000498B0F5803F18D0FFE70498B0F5003F11
:10C1E00026D075E044F20040C5F602000068000168
:10C1F000002806D5FFE712A800F012FB12980E9057
:10C2000002E000200E90FFE765E044F20040C5F632
:10C21000020000688000002806D5FFE70FA800F0A4
:10C2200057FC11980E9002E000200E90FFE752E0BC
:10C2300044F24C40C5F60200006800F040500C90FB
:10C2400044F20040C5F6020000684007002811D5FE
:10C25000FFE70C9870B9FFE744F20040C5F6020012
:10C260000068C0F3C10149F20000C0F2D030C840FC
:10C270000E902CE044F20040C5F602000068C005B4
:10C2800000280BD5FFE70C98B0F1805F06D1FFE7DF
:10C2900040F60010C0F23D000E9017E044F200405E
:10C2A000C5F602000068800300280BD5FFE70C9854
:10C2B000B0F1005F06D1FFE747F64000C0F27D1005
:10C2C0000E9002E000200E90FFE7FFE7FFE702E09C
:10C2D00000200E90FFE73FE11898199980F4803014
:10C2E0000843D8BBFFE744F24C40C5F602000068A3
:10C2F00000F480300B900B98039028B1FFE703986F
:10C30000B0F5803F13D025E044F20040C5F60200AE
:10C3100000688001002806D5FFE715A800F028F97D
:10C3200016980E9002E000200E90FFE715E044F210
:10C330000040C5F6020000680001002806D5FFE7AE
:10C3400012A800F06DFA14980E9002E000200E90F2
:10C35000FFE702E000200E90FFE7FCE01898199933
:10C3600080F480400843002840F09580FFE744F2C5
:10C370005840C5F60200006800F0E0400B900B98B2
:10C380000290C8B1FFE70298B0F1805F18D0FFE7D4
:10C390000298B0F1005F26D0FFE70298B0F1405F4D
:10C3A00034D0FFE70298B0F1804F4AD0FFE70298FF
:10C3B000B0F1A04F58D06AE000F0E2FC0E9069E0C6
:10C3C00044F20040C5F6020000680001002806D5CE
:10C3D000FFE712A800F024FA13980E9002E0002064
:10C3E0000E90FFE756E044F20040C5F602000068F8
:10C3F0008000002806D5FFE70FA800F069FB109821
:10C400000E9002E000200E90FFE743E044F200406F
:10C41000C5F602000068400700280ED5FFE744F289
:10C420000040C5F602000068C0F3C10149F20000F7
:10C43000C0F2D030C8400E9002E000200E90FFE71E
:10C4400028E044F20040C5F602000068C00500285C
:10C4500006D5FFE740F60010C0F23D000E9002E066
:10C4600000200E90FFE715E044F20040C5F6020000
:10C4700000688003002806D5FFE747F64000C0F2B9
:10C480007D100E9002E000200E90FFE702E00020F9
:10C490000E90FFE75EE01898199980F40040084379
:10C4A000002853D1FFE744F25040C5F6020000686F
:10C4B00000F040500B900B98019050B1FFE70198AD
:10C4C000B0F1805F18D0FFE70198B0F1005F26D08F
:10C4D00038E044F20040C5F60200006880030028FE
:10C4E00006D5FFE747F64000C0F27D100E9002E04F
:10C4F00000200E90FFE728E044F20040C5F602005D
:10C5000000688001002806D5FFE715A800F030F884
:10C5100016980E9002E000200E90FFE715E044F21E
:10C520000040C5F6020000680001002806D5FFE7BC
:10C5300012A800F075F913980E9002E000200E90FA
:10C54000FFE702E000200E90FFE702E000200E90DF
:10C55000FFE7FFE7FFE7FFE7FFE7FFE7FFE7FFE7AB
:10C56000FFE7FFE70E981AB080BD00BF00BF00BF15
:10C5700088B0079044F22840C5F60200016801F037
:10C58000030106910068C0F30510059044F22C40A9
:10C59000C5F60200006800F001000490049844F21F
:10C5A0003441C5F60201096889B2C908484300EE62
:10C5B000100AB8EE400A8DED020A0598002800F036
:10C5C0001B81FFE70698009048B1FFE7009801281B
:10C5D00069D0FFE70098022800F08980ABE044F2C0
:10C5E0000040C5F60200006800F020010020B0EB1A
:10C5F000511F33D0FFE744F20040C5F60200006847
:10C60000C0F3C10149F20000C0F2D030C84003902D
:10C610009DED030AB8EE400A9DED051AB8EE411AE9
:10C6200080EE010A44F23040C5F6020000686FF364
:10C630005F2001EE100AB8EE411A9DED022A9FED2F
:10C64000743A82EE032A31EE021AB7EE002A31EE76
:10C65000021A20EE010A8DED010A23E09DED050A84
:10C66000B8EE401A9FED6C0A80EE010A44F23040A9
:10C67000C5F6020000686FF35F2001EE100AB8EE05
:10C68000411A9DED022A9FED623A82EE032A31EEB5
:10C69000021AB7EE002A31EE021A20EE010A8DEDE1
:10C6A000010AFFE76BE09DED050AB8EE401A9FED29
:10C6B000590A80EE010A44F23040C5F602000068D3
:10C6C0006FF35F2001EE100AB8EE411A9DED022AC9
:10C6D0009FED4F3A82EE032A31EE021AB7EE002A9E
:10C6E00031EE021A20EE010A8DED010A47E09DEDC0
:10C6F000050AB8EE401A9FED450A80EE010A44F2A1
:10C700003040C5F6020000686FF35F2001EE100AAA
:10C71000B8EE411A9DED022A9FED3D3A82EE032AC2
:10C7200031EE021AB7EE002A31EE021A20EE010AAB
:10C730008DED010A23E09DED050AB8EE401A9FED4C
:10C74000360A80EE010A44F23040C5F60200006865
:10C750006FF35F2001EE100AB8EE411A9DED022A38
:10C760009FED2B3A82EE032A31EE021AB7EE002A31
:10C7700031EE021A20EE010A8DED010AFFE79DED70
:10C78000010A44F23040C5F60200016889B2490A44
:10C7900001EE101AB8EE411AB7EE002A31EE021A75
:10C7A00080EE010A0799BCEEC00A81ED000A9DEDFA
:10C7B000010A0168C1F3064101EE101AB8EE411AF0
:10C7C00031EE021A80EE010A0799BCEEC00A81ED33
:10C7D000010A9DED010A0068C0F3066001EE100A2F
:10C7E000B8EE411A31EE021A80EE010A0798BCEE4B
:10C7F000C00A80ED020A07E0079900200860079947
:10C80000486007998860FFE708B0704720BCBE4BBE
:10C81000000000460024744A0024744C00BF00BF8E
:10C8200088B0079044F22840C5F60200016801F084
:10C83000030106910068C0F30530059044F22C40D6
:10C84000C5F602000068C0F300100490049844F29A
:10C850003C41C5F60201096889B2C908484300EEA7
:10C86000100AB8EE400A8DED020A0598002800F083
:10C870001B81FFE70698009048B1FFE70098012868
:10C8800069D0FFE70098022800F08980ABE044F20D
:10C890000040C5F60200006800F020010020B0EB67
:10C8A000511F33D0FFE744F20040C5F60200006894
:10C8B000C0F3C10149F20000C0F2D030C84003907B
:10C8C0009DED030AB8EE400A9DED051AB8EE411A37
:10C8D00080EE010A44F23840C5F6020000686FF3AA
:10C8E0005F2001EE100AB8EE411A9DED022A9FED7D
:10C8F000743A82EE032A31EE021AB7EE002A31EEC4
:10C90000021A20EE010A8DED010A23E09DED050AD1
:10C91000B8EE401A9FED6C0A80EE010A44F23840EE
:10C92000C5F6020000686FF35F2001EE100AB8EE52
:10C93000411A9DED022A9FED623A82EE032A31EE02
:10C94000021AB7EE002A31EE021A20EE010A8DED2E
:10C95000010AFFE76BE09DED050AB8EE401A9FED76
:10C96000590A80EE010A44F23840C5F60200006818
:10C970006FF35F2001EE100AB8EE411A9DED022A16
:10C980009FED4F3A82EE032A31EE021AB7EE002AEB
:10C9900031EE021A20EE010A8DED010A47E09DED0D
:10C9A000050AB8EE401A9FED450A80EE010A44F2EE
:10C9B0003840C5F6020000686FF35F2001EE100AF0
:10C9C000B8EE411A9DED022A9FED3D3A82EE032A10
:10C9D00031EE021AB7EE002A31EE021A20EE010AF9
:10C9E0008DED010A23E09DED050AB8EE401A9FED9A
:10C9F000350A80EE010A44F23840C5F602000068AC
:10CA00006FF35F2001EE100AB8EE411A9DED022A85
:10CA10009FED2B3A82EE032A31EE021AB7EE002A7E
:10CA200031EE021A20EE010A8DED010AFFE79DEDBD
:10CA3000010A44F23840C5F60200016889B2490A89
:10CA400001EE101AB8EE411AB7EE002A31EE021AC2
:10CA500080EE010A0799BCEEC00A81ED000A9DED47
:10CA6000010A0168C1F3064101EE101AB8EE411A3D
:10CA700031EE021A80EE010A0799BCEEC00A81ED80
:10CA8000010A9DED010A0068C0F3066001EE100A7C
:10CA9000B8EE411A31EE021A80EE010A0798BCEE98
:10CAA000C00A80ED020A07E0079900200860079994
:10CAB000486007998860FFE708B0704720BCBE4B0C
:10CAC000000000460024744A0024744C00BF00BFDC
:10CAD00088B0079044F22840C5F60200016801F0D2
:10CAE000030106910068C0F30550059044F22C4004
:10CAF000C5F602000068C0F300200490049844F2D8
:10CB00004441C5F60201096889B2C908484300EEEC
:10CB1000100AB8EE400A8DED020A0598002800F0D0
:10CB20001B81FFE70698009048B1FFE700980128B5
:10CB300069D0FFE70098022800F08980ABE044F25A
:10CB40000040C5F60200006800F020010020B0EBB4
:10CB5000511F33D0FFE744F20040C5F602000068E1
:10CB6000C0F3C10149F20000C0F2D030C8400390C8
:10CB70009DED030AB8EE400A9DED051AB8EE411A84
:10CB800080EE010A44F24040C5F6020000686FF3EF
:10CB90005F2001EE100AB8EE411A9DED022A9FEDCA
:10CBA000743A82EE032A31EE021AB7EE002A31EE11
:10CBB000021A20EE010A8DED010A23E09DED050A1F
:10CBC000B8EE401A9FED6C0A80EE010A44F2404034
:10CBD000C5F6020000686FF35F2001EE100AB8EEA0
:10CBE000411A9DED022A9FED623A82EE032A31EE50
:10CBF000021AB7EE002A31EE021A20EE010A8DED7C
:10CC0000010AFFE76BE09DED050AB8EE401A9FEDC3
:10CC1000590A80EE010A44F24040C5F6020000685D
:10CC20006FF35F2001EE100AB8EE411A9DED022A63
:10CC30009FED4F3A82EE032A31EE021AB7EE002A38
:10CC400031EE021A20EE010A8DED010A47E09DED5A
:10CC5000050AB8EE401A9FED450A80EE010A44F23B
:10CC60004040C5F6020000686FF35F2001EE100A35
:10CC7000B8EE411A9DED022A9FED3D3A82EE032A5D
:10CC800031EE021AB7EE002A31EE021A20EE010A46
:10CC90008DED010A23E09DED050AB8EE401A9FEDE7
:10CCA000350A80EE010A44F24040C5F602000068F1
:10CCB0006FF35F2001EE100AB8EE411A9DED022AD3
:10CCC0009FED2B3A82EE032A31EE021AB7EE002ACC
:10CCD00031EE021A20EE010A8DED010AFFE79DED0B
:10CCE000010A44F24040C5F60200016889B2490ACF
:10CCF00001EE101AB8EE411AB7EE002A31EE021A10
:10CD000080EE010A0799BCEEC00A81ED000A9DED94
:10CD1000010A0168C1F3064101EE101AB8EE411A8A
:10CD200031EE021A80EE010A0799BCEEC00A81EDCD
:10CD3000010A9DED010A0068C0F3066001EE100AC9
:10CD4000B8EE411A31EE021A80EE010A0798BCEEE5
:10CD5000C00A80ED020A07E00799002008600799E1
:10CD6000486007998860FFE708B0704720BCBE4B59
:10CD7000000000460024744A0024744C00BF00BF29
:10CD800080B5FDF709F944F22041C5F602010968B2
:10CD9000C1F3021249F21A61C0F60101895C01F087
:10CDA0001F01C84080BD00BF80B5FDF7F5F844F213
:10CDB0001841C5F602010968C1F3021249F21A616D
:10CDC000C0F60101895C01F01F01C84080BD00BFB1
:10CDD00080B582B0FCF7DCFE44F21842C5F60202D0
:10CDE0001168C1F3032349F21A61C0F60101CB5C5B
:10CDF00003F01F03D84001900198126802F00F025F
:10CE0000895C01F01F01C84040F20401C2F20041F8
:10CE10000860019840F20001C2F2004108600198E8
:10CE200002B080BD00BF00BF44F27041C5F60201F0
:10CE3000086840F020000860704700BF00BF00BFD6
:10CE400044F27041C5F60201086820F02000086035
:10CE500044F26041C5F60201086820F400700860E1
:10CE6000704700BF00BF00BF44F27041C5F6020129
:10CE7000086840F02000086044F26041C5F60201F5
:10CE8000086840F4007008608021C5F60001086859
:10CE900040F4802008604FF0B041086840F48020E2
:10CEA0000860704700BF00BF81B0009044F210419D
:10CEB000C5F60201086820F04000009A104308609F
:10CEC00001B0704700BF00BF81B0009044F2104134
:10CED000C5F60201086820F08000009A104308603F
:10CEE00001B0704700BF00BF81B00090009A44F2CB
:10CEF000A041C5F6020108681043086001B0704700
:10CF000080B582B0019044F29441C5F602010868F0
:10CF100040F002000860086820F002000860F4F7A2
:10CF2000FFFC41F2030188420CD8FFE701984068FA
:10CF3000B0F1405F06D1FFE70199086889680843AE
:10CF4000009007E0019908684A688968104308431F
:10CF50000090FFE70198C16800980843009001988D
:10CF60000169009840EA01400090009848F20441AD
:10CF7000C4F20001086048F20041C4F200010868F0
:10CF800020F47C50019A526940EA02200860086847
:10CF900040F06000086002B080BD00BF00BF00BF6D
:10CFA00048F20041C4F20001086840F080000860C7
:10CFB000704700BF00BF00BF81B0009048F204403E
:10CFC000C4F20000006880B20099086048F2004096
:10CFD000C4F200000068C0F305200099486048F2E0
:10CFE0000840C4F200000168090C009A91600068D2
:10CFF00000F400400099C86001B0704700BF00BF56
:10D0000080B584B0039000200290F4F701FC0190F9
:10D01000FFE70398013078B1FFE7F4F7F9FB0199D6
:10D02000401A0399884203D8FFE7039818B9FFE72D
:10D0300001200290FFE7FFE748F20840C4F2000039
:10D040000068C00768B1FFE7029840F00200029054
:10D05000FFE748F20C41C4F2000101200860FFE73D
:10D06000FFE748F20840C4F200000068800700288B
:10D070000DD5FFE7029840F004000290FFE748F268
:10D080000C41C4F2000102200860FFE7FFE748F20C
:10D090000840C4F200000068400500280DD5FFE7F5
:10D0A000029840F020000290FFE748F20C41C4F2E1
:10D0B000000104200860FFE7FFE748F20840C4F2DF
:10D0C00000000068C00500280DD5FFE7029840F079
:10D0D00008000290FFE748F20C41C4F2000104206E
:10D0E0000860FFE7FFE748F20840C4F2000000686C
:10D0F000800500280DD5FFE7029840F0100002904F
:10D10000FFE748F20C41C4F2000104200860FFE789
:10D11000FFE748F20840C4F200000068000700285A
:10D1200009D5FFE7FFE748F20C41C4F200010820EF
:10D130000860FFE7FFE7FFE7029800283FF469AFC8
:10D14000FFE7029804B080BD80B584B00020039052
:10D1500048F20840C4F200000068029048F2004023
:10D16000C4F20000006801909DF80800C00770B18B
:10D17000FFE79DF80400C00748B1FFE748F20C4103
:10D18000C4F200010120086000F066F862E09DF83A
:10D190000800800700280FD5FFE79DF804008007EE
:10D1A000002809D5FFE748F20C41C4F20001022033
:10D1B000086000F055F84CE09DF8080000070028D2
:10D1C0000FD5FFE79DF804000007002809D5FFE709
:10D1D00048F20C41C4F200010820086000F044F855
:10D1E00036E09DF808004007002830D5FFE79DF89D
:10D1F0000400400700282AD5FFE79DF80900C00772
:10D2000028B1FFE7039840F008000390FFE79DF87E
:10D2100009008007002805D5FFE7039840F01000BB
:10D220000390FFE79DF809004007002805D5FFE7B8
:10D23000039840F020000390FFE748F20C41C4F24D
:10D24000000104200860039800F012F8FFE7FFE7F0
:10D25000FFE7FFE704B080BD704700BF00BF00BF1D
:10D26000704700BF00BF00BF704700BF00BF00BFD6
:10D2700081B0009001B0704780B544F26440C5F6BB
:10D2800002000068800500280AD5FFE744F26841E3
:10D29000C5F602014FF40070086000F005F8FFE7E2
:10D2A00080BD00BF00BF00BF70470000000000004D
:10D2B00080B586B00490049818B9FFE70120059066
:10D2C00037E10498406A08B9FFE7FFE704990020B6
:10D2D00088620498006843F20001C4F201018842A8
:10D2E0001AD0FFE70498006843F60001C4F2000179
:10D2F000884211D0FFE70498006843F60041C4F269
:10D300000001884208D0FFE70498C068102803D3C2
:10D31000FFE7012005900CE1049800F00DF9029060
:10D320000498006843F20001C4F20101884216D05B
:10D33000FFE70498006843F60001C4F20001884248
:10D340000DD0FFE70498006843F60041C4F20001E5
:10D35000884204D0FFE7029808281FD8FFE7049806
:10D36000006843F20001C4F20101884212D0FFE7D5
:10D370000498006843F60001C4F20001884209D015
:10D38000FFE70498006843F60041C4F200018842B8
:10D3900007D1FFE70298112803D3FFE7012005908A
:10D3A000C7E00498D0F8840040B9FFE70499002052
:10D3B000C1F880000498F3F793F9FFE7049902207D
:10D3C000C1F8840004980168086820F00100086032
:10D3D00004980068806800F4F8100390049880694D
:10D3E000B0F1806F1BD1FFE704984068B0F5800F63
:10D3F00004D1FFE70498806B50B1FFE704984068C0
:10D4000068B9FFE70498806BB0F1805F07D1FFE750
:10D4100004980168086840F480500860FFE70498A9
:10D4200080794006002810D5FFE70498C0680728D7
:10D430000BD3FFE704980068006820F48070049A1A
:10D440001168126D1043086006E0049801680868CE
:10D4500020F480700860FFE7049B1968DA68D869D7
:10D46000D3F828C040EA0C00DDF80CC040EA0C00FC
:10D47000DB6B184310438860049A0192506B516A29
:10D480000843916B0843916908431168D2F804C0BE
:10D490009368D2F810E040EA0E00D2F814E040EAB7
:10D4A0000E00D2F820E040EA0E0040EA0C00D2F86C
:10D4B0004CC040EA0C001843936C1843926D104323
:10D4C000C8600498406898B9FFE7049800688068CD
:10D4D000012161F3CC2004990968886004980068F0
:10D4E0008068022161F34A20049909688860FFE797
:10D4F00004980168086D20F001000865049880799F
:10D50000400600280BD5FFE704980068C06820F0AB
:10D510000040049A1168526D1043C860FFE70499F7
:10D520000020C1F88800049A0121C2F884100590F7
:10D53000FFE7059806B080BD83B002900298C16BEA
:10D54000012000EB511001900298C068013000905A
:10D5500000980730C008009000980199484303B034
:10D56000704700BF00BF00BF81B0009001B070479E
:10D5700080B582B00090009818B9FFE701200190B3
:10D580001CE000990220C1F8840000980168086836
:10D5900020F0010008600098F3F706F900990020D8
:10D5A000C1F888000099C1F88400FFE700990020C5
:10D5B000C1F88000FFE700200190FFE7019802B06A
:10D5C00080BD00BF00BF00BF81B0009001B07047B8
:10D5D00080B588B006900591ADF8122003930698A7
:10D5E000006820300290F4F713F901900698D0F803
:10D5F0008400012803D0FFE702200790CEE10598C0
:10D6000020B1FFE7BDF8120018B9FFE7012007902D
:10D61000C4E1FFE70698D0F88000012803D1FFE7B6
:10D6200002200790BAE106990120C1F88000FFE7C7
:10D63000FFE706990320C1F8840006990020C1F88D
:10D6400088000599069AD165BDF81210069AA2F8CD
:10D650006010BDF81210069AA2F86210069948668A
:10D660000699A1F868000699A1F86A00069948672A
:10D670000699086706988068B0F5C02F07D1FFE7C4
:10D6800006980168086840F40060086009E00698A0
:10D690000068C068012161F3524006990968C860BA
:10D6A000FFE70698006840684FF6FF718843BDF8B1
:10D6B00012100844069909684860069801680868CD
:10D6C00040F00100086006984068B0F5800F07D16F
:10D6D000FFE706980168086840F400700860FFE7FB
:10D6E0000698C068102847D3FFE7FFE70698B0F810
:10D6F000620000283FD0FFE7069800684069800775
:10D70000002810D5FFE706980168C06D0068086220
:10D710000699C86D0430C8650699B1F862000138F1
:10D72000A1F8620026E0F4F773F80199401A039912
:10D73000884204D3FFE70398013018B9FFE7039844
:10D74000B8B9FFE7069800F02FF90699D1F88800DC
:10D7500040F48070C1F8880006990120C1F8840067
:10D76000FFE706990020C1F88000FFE7032007903B
:10D7700014E1FFE7BAE7E6E00698C068082862D33C
:10D78000FFE7FFE70698B0F8620000285AD0FFE7ED
:10D79000069800684069800700282BD5FFE70698A7
:10D7A000B0F86200022814D3FFE70698C06B80B17E
:10D7B000FFE706980168C06D006808620699C86DA9
:10D7C0000430C8650699B1F862000238A1F8620019
:10D7D0000FE00698C06D0088029908800699C86D10
:10D7E0000230C8650699B1F862000138A1F86200FC
:10D7F000FFE726E0F4F70CF80199401A03998842F4
:10D8000004D3FFE70398013018B9FFE70398B8B9CC
:10D81000FFE7069800F0C8F80699D1F8880040F4B0
:10D820008070C1F8880006990120C1F88400FFE7E4
:10D8300006990020C1F88000FFE703200790ADE0C3
:10D84000FFE79FE77EE0FFE70698B0F86200002858
:10D8500077D0FFE70698006840698007002848D520
:10D86000FFE70698B0F86200042815D3FFE7069892
:10D87000C06B412810D3FFE706980168C06D0068AF
:10D8800008620699C86D0430C8650699B1F862004F
:10D890000438A1F862002BE00698B0F86200022874
:10D8A00014D3FFE70698C06B80B1FFE70698C06D00
:10D8B0000088029908800699C86D0230C8650699EB
:10D8C000B1F862000238A1F8620010E00698016821
:10D8D000C06D007881F820000699C86D0130C865D8
:10D8E0000699B1F862000138A1F86200FFE7FFE78E
:10D8F00026E0F3F78DFF0199401A0399884204D37B
:10D90000FFE70398013018B9FFE70398B8B9FFE7BC
:10D91000069800F049F80699D1F8880040F4807024
:10D92000C1F8880006990120C1F88400FFE7069934
:10D930000020C1F88000FFE7032007902EE0FFE7FA
:10D9400082E7FFE7FFE70698039B01996A461160AB
:10D950000821002200F0B4F840B1FFE70699D1F8A1
:10D96000880040F02000C1F88800FFE7069800F02A
:10D970001BF806990120C1F88400FFE706990020F2
:10D98000C1F88000FFE70698D0F8880018B1FFE7DB
:10D990000120079002E000200790FFE7079808B0F9
:10D9A00080BD00BF00BF00BF82B001900198006839
:10D9B0004069009001980168886940F0080088611A
:10D9C00001980168886940F0100088610198016839
:10D9D000086820F00100086001980168086940F2B9
:10D9E0006F329043086101980168886820F44040D4
:10D9F00088600198D0F88400042815D0FFE79DF8CE
:10DA00000000800600280ED5FFE70199D1F88800B4
:10DA100040F08000C1F8880001980168886940F0F2
:10DA200020008861FFE7FFE70198D0F88400032811
:10DA300015D0FFE79DF80000400600280ED5FFE74F
:10DA40000199D1F8880040F00400C1F888000198DD
:10DA50000168886940F040008861FFE7FFE79DF8B2
:10DA60000100800700280ED5FFE70199D1F8880052
:10DA700040F00100C1F8880001980168886940F40D
:10DA800000708861FFE79DF80100C00770B1FFE7F3
:10DA90000199D1F8880040F00800C1F88800019889
:10DAA0000168886940F480708861FFE7019900206F
:10DAB000A1F862000199A1F86A0002B0704700BFA6
:10DAC00080B586B0DDF820C00490039102920193E6
:10DAD000FFE704980068406903990840401AB0FACB
:10DAE00080F040090299884213D1FFE7F3F790FED6
:10DAF0000899401A0199884204D3FFE70198013040
:10DB000018B9FFE7019818B9FFE70320059003E073
:10DB1000DFE700200590FFE7059806B080BD00BF55
:10DB200080B58AB008900791ADF81A20059308983F
:10DB3000C16B012000EB5110ADF80A000898006895
:10DB400030300190F3F764FE04900898D0F8840018
:10DB5000012803D0FFE7022009903DE2079820B199
:10DB6000FFE7BDF81A0018B9FFE70120099033E27A
:10DB7000FFE70898D0F88000012803D1FFE70220D2
:10DB8000099029E208990120C1F88000FFE7FFE72A
:10DB900008990420C1F8840008990020C1F8880081
:10DBA0000799089A5166BDF81A10089AA2F86810E9
:10DBB000BDF81A10089AA2F86A100899C865089961
:10DBC000A1F860000899A1F862000899086708990F
:10DBD000486708988068B0F5C02F07D1FFE708981C
:10DBE0000168086820F40060086009E0089800688F
:10DBF000C068022161F3524008990968C860FFE7D4
:10DC00000898006840684FF6FF718843BDF81A1005
:10DC1000084408990968486008980168086840F055
:10DC20000100086008984068B0F5800F07D1FFE751
:10DC300008980168086840F400700860FFE70898D9
:10DC4000C06810286BD3FFE7FFE70898B0F86A00B8
:10DC5000002863D0FFE7089800684069039008989F
:10DC600000684069C00788B1FFE708980068006B4A
:10DC70000899496E08600899486E0430486608990A
:10DC8000B1F86A000138A1F86A0046E00898B0F8D7
:10DC90006A00BDF80A10884217DAFFE79DF80D0008
:10DCA0000006002811D5FFE708980068006B089966
:10DCB000496E08600899486E043048660899B1F8C2
:10DCC0006A000138A1F86A0026E0F3F7A1FD049983
:10DCD000401A0599884204D3FFE70598013018B926
:10DCE000FFE70598B8B9FFE70898FFF75DFE0899C8
:10DCF000D1F8880040F48070C1F8880008990120AC
:10DD0000C1F88400FFE708990020C1F88000FFE710
:10DD10000320099060E1FFE7FFE796E744E10898F8
:10DD2000C0680828C0F09180FFE7FFE70898B0F8C6
:10DD30006A00002800F08880FFE7089800684069C2
:10DD40000390089800684069C00780B1FFE7019818
:10DD500000880899496E08800899486E0230486624
:10DD60000899B1F86A000138A1F86A006BE00898D8
:10DD7000B0F86A00BDF80A1088421FDAFFE79DF884
:10DD80000D000006002819D5FFE7019800880899C2
:10DD9000496E08800899486E0230486601980088EC
:10DDA0000899496E08800899486E023048660899BB
:10DDB000B1F86A000238A1F86A0043E00898B0F8A8
:10DDC0006A00012816D1FFE79DF80D0080060028A3
:10DDD00010D5FFE7019800880899496E08800899D6
:10DDE000486E023048660899B1F86A000138A1F817
:10DDF0006A0026E0F3F70CFD0499401A0599884261
:10DE000004D3FFE70598013018B9FFE70598B8B9C2
:10DE1000FFE70898FFF7C8FD0899D1F8880040F49B
:10DE20008070C1F8880008990120C1F88400FFE7DC
:10DE300008990020C1F88000FFE703200990CBE09B
:10DE4000FFE7FFE7FFE771E7ADE0FFE70898B0F80D
:10DE50006A00002800F0A680FFE708980068406983
:10DE60000390089800684069C00790B1FFE70898E0
:10DE7000006890F830000899496E08700899486E5B
:10DE8000013048660899B1F86A000138A1F86A00C3
:10DE900087E00898B0F86A00BDF80A10884239DABD
:10DEA000FFE79DF80D000006002833D5FFE708982E
:10DEB000006890F830000899496E08700899486E1B
:10DEC000013048660898006890F830000899496E5B
:10DED00008700899486E013048660898006890F804
:10DEE00030000899496E08700899486E01304866FC
:10DEF0000898006890F830000899496E08700899F1
:10DF0000486E013048660899B1F86A000438A1F8F3
:10DF10006A0045E00898B0F86A00032818D8FFE7BF
:10DF20009DF80D0010F0600F12D0FFE70898006810
:10DF300090F830000899496E08700899486E0130D1
:10DF400048660899B1F86A000138A1F86A0026E02D
:10DF5000F3F75EFC0499401A0599884204D3FFE761
:10DF60000598013018B9FFE70598B8B9FFE7089898
:10DF7000FFF71AFD0899D1F8880040F48070C1F8C5
:10DF8000880008990120C1F88400FFE70899002063
:10DF9000C1F88000FFE7032009901DE0FFE7FFE7DD
:10DFA000FFE753E7FFE7FFE70898FFF7FDFC089955
:10DFB0000120C1F88400FFE708990020C1F8800023
:10DFC000FFE70898D0F8880018B1FFE70120099012
:10DFD00002E000200990FFE709980AB080BD00BF69
:10DFE00080B590B0DDF848C00E900D910C92ADF860
:10DFF0002E300E98006820300A900E98006830305D
:10E0000009900E98C16B012000EB5110ADF8120081
:10E01000F3F7FEFB0890BDF82E00ADF81600BDF832
:10E020002E00ADF814000E98D0F88400012803D01B
:10E03000FFE702200F9049E30D9838B1FFE70C98F5
:10E0400020B1FFE7BDF82E0018B9FFE701200F90BF
:10E050003CE3FFE70E98D0F88000012803D1FFE7EA
:10E0600002200F9032E30E990120C1F88000FFE7F3
:10E07000FFE70E990520C1F884000E990020C1F831
:10E0800088000C990E9A5166BDF82E100E9AA2F8CF
:10E090006A10BDF82E100E9AA2F868100D990E9A0B
:10E0A000D165BDF82E100E9AA2F86210BDF82E10A0
:10E0B0000E9AA2F860100E9908670E9948670E989C
:10E0C0000068C06820F4C0200E990968C8600E98E6
:10E0D000006843F20001C4F20101884212D0FFE758
:10E0E0000E98006843F60001C4F20001884209D08E
:10E0F000FFE70E98006843F60041C4F20001884231
:10E1000003D1FFE71020079002E008200790FFE707
:10E110000E98006840684FF6FF718843BDF82E10D6
:10E1200008440E99096848600E980168086840F034
:10E13000010008600E984068B0F5800F07D1FFE736
:10E140000E980168086840F400700860FFE70E98B8
:10E15000C0681028C0F0B480FFE7079880080790D7
:10E16000FFE7BDF816100120039039B9FFE7BDF8AD
:10E170001400002818BF01200390FFE70398C00790
:10E18000002800F09C80FFE70E9800684069800737
:10E19000002822D5FFE7BDF81600F0B1FFE7BDF873
:10E1A0001400BDF81610079A1144884215D2FFE7F3
:10E1B0000E980168C06D006808620E99C86D043041
:10E1C000C8650E99B1F862000138A1F862000E9896
:10E1D000B0F86200ADF81600FFE70E9800684069DD
:10E1E0000690BDF81400002868D0FFE70E9800687C
:10E1F0004069C007B0B1FFE70E980068006B0E9948
:10E20000496E08600E99486E043048660E99B1F860
:10E210006A000138A1F86A000E98B0F86A00ADF8FB
:10E2200014004AE0BDF81400BDF8121088421CDA50
:10E23000FFE79DF819000006002816D5FFE70E98A5
:10E240000068006B0E99496E08600E99486E0430A4
:10E2500048660E99B1F86A000138A1F86A000E9874
:10E26000B0F86A00ADF8140026E0F3F7D1FA089987
:10E27000401A1299884204D3FFE71298013018B966
:10E28000FFE71298B8B9FFE70E98FFF78DFB0E99DC
:10E29000D1F8880040F48070C1F888000E99012000
:10E2A000C1F88400FFE70E990020C1F88000FFE765
:10E2B00003200F900AE2FFE7FFE7FFE751E7DAE10B
:10E2C0000E98C0680828C0F0DD80FFE70798400876
:10E2D0000790FFE7BDF816100120029039B9FFE75B
:10E2E000BDF81400002818BF01200290FFE7029833
:10E2F000C007002800F0C580FFE70E98006840695D
:10E300008007002822D5FFE7BDF81600F0B1FFE72F
:10E31000BDF81400BDF81610079A1144884215D2B2
:10E32000FFE70E98C06D00880A9908800E99C86DA5
:10E330000230C8650E99B1F862000138A1F8620098
:10E340000E98B0F86200ADF81600FFE70E9800686E
:10E3500040690690BDF81400002800F09180FFE7A6
:10E360000E9800684069C007A8B1FFE709980088C7
:10E370000E99496E08800E99486E023048660E99D3
:10E38000B1F86A000138A1F86A000E98B0F86A0086
:10E39000ADF8140073E0BDF81400BDF81210884207
:10E3A00024DAFFE79DF81900000600281ED5FFE7D4
:10E3B000099800880E99496E08800E99486E0230BF
:10E3C0004866099800880E99496E08800E99486E33
:10E3D000023048660E99B1F86A000238A1F86A0066
:10E3E0000E98B0F86A00ADF8140047E0BDF81400CC
:10E3F00001281BD1FFE79DF819008006002815D5DC
:10E40000FFE7099800880E99496E08800E99486EBA
:10E41000023048660E99B1F86A000138A1F86A0026
:10E420000E98B0F86A00ADF8140026E0F3F7F0F9A2
:10E430000899401A1299884204D3FFE712980130D4
:10E4400018B9FFE71298B8B9FFE70E98FFF7ACFAD2
:10E450000E99D1F8880040F48070C1F888000E99B8
:10E460000120C1F88400FFE70E990020C1F8800068
:10E47000FFE703200F9029E1FFE7FFE7FFE7FFE752
:10E4800028E7F7E0FFE7BDF816100120019039B941
:10E49000FFE7BDF81400002818BF01200190FFE736
:10E4A0000198C007002800F0E480FFE70E9800689C
:10E4B00040698007002823D5FFE7BDF81600F8B1B2
:10E4C000FFE7BDF81400BDF81610079A1144884202
:10E4D00016D2FFE70E980168C06D007881F8200021
:10E4E0000E99C86D0130C8650E99B1F86200013807
:10E4F000A1F862000E98B0F86200ADF81600FFE7D0
:10E500000E98006840690690BDF81400002800F0DD
:10E51000AF80FFE70E9800684069C007B8B1FFE719
:10E520000E98006890F830000E99496E08700E99A8
:10E53000486E013048660E99B1F86A000138A1F8BA
:10E540006A000E98B0F86A00ADF814008FE0BDF8CC
:10E550001400BDF8121088423EDAFFE79DF819005A
:10E560000006002838D5FFE70E98006890F83000C4
:10E570000E99496E08700E99486E013048660E98E3
:10E58000006890F830000E99496E08700E99486E38
:10E59000013048660E98006890F830000E99496E78
:10E5A00008700E99486E013048660E98006890F821
:10E5B00030000E99496E08700E99486E0130486619
:10E5C0000E99B1F86A000438A1F86A000E98B0F804
:10E5D0006A00ADF8140049E0BDF8140003281DD806
:10E5E000FFE79DF8190010F0600F17D0FFE70E98B5
:10E5F000006890F830000E99496E08700E99486EC8
:10E60000013048660E99B1F86A000138A1F86A0035
:10E610000E98B0F86A00ADF8140026E0F3F7F8F8A9
:10E620000899401A1299884204D3FFE712980130E2
:10E6300018B9FFE71298B8B9FFE70E98FFF7B4F9D9
:10E640000E99D1F8880040F48070C1F888000E99C6
:10E650000120C1F88400FFE70E990020C1F8800076
:10E66000FFE703200F9031E0FFE7FFE7FFE7FFE759
:10E6700009E7FFE7FFE70E98129B08996A461160C9
:10E6800008210022FFF71CFA40B1FFE70E99D1F8EC
:10E69000880040F02000C1F88800FFE70E98FFF7DF
:10E6A00083F90E990120C1F88400FFE70E9900203C
:10E6B000C1F88000FFE70E98D0F8880018B1FFE796
:10E6C00001200F9002E000200F90FFE70F9810B09C
:10E6D00080BD00BF00BF00BF84B002900191ADF8C3
:10E6E0000220019820B1FFE7BDF8020018B9FFE74A
:10E6F000012003909DE00298D0F88400012803D007
:10E70000FFE70220039094E0FFE70298D0F8800032
:10E71000012803D1FFE7022003908AE0029901203B
:10E72000C1F88000FFE7FFE702990320C1F88400E9
:10E7300002990020C1F888000199029AD165BDF8BC
:10E740000210029AA2F86010BDF80210029AA2F814
:10E750006210029948660299A1F868000299A1F82E
:10E760006A00029908670298C068102807D3FFE77B
:10E7700002994EF63900C0F60000486713E002988F
:10E78000C068082807D3FFE702994EF67900C0F663
:10E790000000486706E002994EF6C100C0F600008E
:10E7A0004867FFE7FFE702988068B0F5C02F07D100
:10E7B000FFE702980168086840F40060086009E01B
:10E7C00002980068C068012161F35240029909680B
:10E7D000C860FFE70298006840684FF6FF71884301
:10E7E000BDF802100844029909684860029801685F
:10E7F000086840F001000860FFE702990020C1F8B6
:10E800008000FFE702980168086940F22A7210430D
:10E81000086102984068B0F5800F07D1FFE70298C1
:10E820000168086840F400700860FFE7002003906A
:10E83000FFE7039804B0704781B00090009801682A
:10E84000C06D006808620099C86D0430C865009901
:10E85000B1F862000138A1F862000098B0F86200D7
:10E8600038B9FFE700980168086920F002000861E4
:10E87000FFE701B0704700BF82B0019001980068C7
:10E88000203000900198C06D00880099088001999F
:10E89000C86D0230C8650199B1F862000138A1F86D
:10E8A00062000198B0F8620038B9FFE7019801688A
:10E8B000086920F002000861FFE702B0704700BF5E
:10E8C00081B0009000980168C06D007881F8200048
:10E8D0000099C86D0130C8650099B1F8620001382F
:10E8E000A1F862000098B0F8620038B9FFE700981C
:10E8F0000168086920F002000861FFE701B0704775
:10E9000084B002900191ADF802200298D0F8840002
:10E91000012803D0FFE7022003909EE0019820B178
:10E92000FFE7BDF8020018B9FFE70120039094E06B
:10E93000FFE70298D0F88000012803D1FFE702200A
:10E9400003908AE002990120C1F88000FFE7FFE709
:10E9500002990420C1F8840002990020C1F88800BF
:10E960000199029A5166BDF80210029AA2F8681045
:10E97000BDF80210029AA2F86A100299C8650299BD
:10E98000A1F860000299A1F8620002994867029814
:10E99000C068102807D3FFE702994EF66120C0F641
:10E9A0000000086713E00298C068082807D3FFE753
:10E9B00002994EF6A120C0F60000086706E0029911
:10E9C0004EF6E920C0F600000867FFE7FFE702986F
:10E9D0008068B0F5C02F07D1FFE70298016808688A
:10E9E00020F40060086009E002980068C068022115
:10E9F00061F3524002990968C860FFE70298006815
:10EA000040684FF6FF718843BDF802100844029930
:10EA10000968486002980168086840F001000860D1
:10EA2000FFE702990020C1F88000FFE70298016823
:10EA3000086940F249721043086102984068B0F5D5
:10EA4000800F07D1FFE702980168086840F4007062
:10EA50000860FFE700200390FFE7039804B07047C9
:10EA600081B0009000980068006B0099496E0860C2
:10EA70000099486E043048660099B1F86A00013880
:10EA8000A1F86A000098B0F86A0038B9FFE700986A
:10EA90000168086920F001000861FFE701B07047D4
:10EAA00082B0019001980068303000900098008892
:10EAB0000199496E08800199486E023048660199B3
:10EAC000B1F86A000138A1F86A000198B0F86A004C
:10EAD00038B9FFE701980168086920F00100086172
:10EAE000FFE702B0704700BF81B000900098006857
:10EAF00090F830000099496E08700099486E013016
:10EB000048660099B1F86A000138A1F86A000098D7
:10EB1000B0F86A0038B9FFE700980168086920F08A
:10EB200001000861FFE701B0704700BF00BF00BFF0
:10EB300088B0069005910492ADF80E3006980068F2
:10EB4000203001900698D0F88400012803D0FFE718
:10EB50000220079009E1059838B1FFE7049820B139
:10EB6000FFE7BDF80E0018B9FFE701200790FCE0B1
:10EB7000FFE70698D0F88000012803D1FFE70220C4
:10EB80000790F2E006990120C1F88000FFE7FFE757
:10EB900006990520C1F8840006990020C1F8880074
:10EBA00005980699C865BDF80E000699A1F86000A1
:10EBB000BDF80E000699A1F862000498069948660F
:10EBC000BDF80E000699A1F86800BDF80E00069980
:10EBD000A1F86A000698B0F8620002900698C06832
:10EBE00010280DD3FFE706994EF63900C0F6000055
:10EBF000486706994EF66120C0F6000008671FE0DE
:10EC00000698C06808280DD3FFE706994EF6A120A4
:10EC1000C0F60000086706994EF67900C0F60000BD
:10EC200048670CE006994EF6E920C0F60000086738
:10EC300006994EF6C100C0F600004867FFE7FFE7FF
:10EC400006980068C06820F4C02006990968C8606A
:10EC50000698006840684FF6FF718843BDF80E10B3
:10EC6000084406990968486006980168086840F0F9
:10EC700001000860FFE706980068416900208907E5
:10EC80000029009006D5FFE70298002818BF012050
:10EC90000090FFE70098C007002849D0FFE70698DA
:10ECA000C068102814D3FFE706980168C06D00689B
:10ECB00008620699C86D0430C8650699B1F862000B
:10ECC0000138A1F862000698B0F8620002902EE0C8
:10ECD0000698C068082814D3FFE70698C06D00881E
:10ECE000019908800699C86D0230C8650699B1F887
:10ECF00062000138A1F862000698B0F86200029044
:10ED000014E006980168C06D007881F8200006992B
:10ED1000C86D0130C8650699B1F862000138A1F8E4
:10ED200062000698B0F862000290FFE7FFE7A2E7F2
:10ED3000FFE706990020C1F88000FFE70698016808
:10ED4000086940F26C721043086106984068B0F59B
:10ED5000800F07D1FFE706980168086840F400704B
:10ED60000860FFE700200790FFE7079808B07047AA
:10ED700080B584B002900191ADF802200298D0F8DD
:10ED80008400012803D0FFE7022003903BE10198B3
:10ED900020B1FFE7BDF8020018B9FFE7012003909A
:10EDA00031E1FFE70298D0F88000012803D1FFE7A6
:10EDB0000220039027E102990120C1F88000FFE7BB
:10EDC000FFE702990320C1F8840002990020C1F8EE
:10EDD00088000199029AD165BDF80210029AA2F842
:10EDE0006010BDF80210029AA2F8621002994866FB
:10EDF00002994867029908670299A1F86800029988
:10EE0000A1F86A0002988068B0F5C02F07D1FFE72B
:10EE100002980168086840F40060086009E0029800
:10EE20000068C068012161F3524002990968C86016
:10EE3000FFE70298C068102807D3FFE70298806FA9
:10EE40008069B0F5804F13D1FFE70298C0680828A9
:10EE500017D3FFE70298806F8069B0F5005F10D08C
:10EE6000FFE70298806F8069B0F5804F09D0FFE717
:10EE7000FFE702990020C1F88000FFE7012003901E
:10EE8000C1E00298C068072821D8FFE70298806F88
:10EE90008069B0F5005F09D1FFE70298B0F8620021
:10EEA000013040080299A1F86200FFE70298806FE4
:10EEB0008069B0F5804F09D1FFE70298B0F8620091
:10EEC000033080080299A1F86200FFE717E002987A
:10EED000C0680F2811D8FFE70298806F8069B0F5ED
:10EEE000804F09D1FFE70298B0F862000130400876
:10EEF0000299A1F86200FFE700E0FFE7FFE7029850
:10EF0000816F4FF21100C0F6000048640298816FD3
:10EF10004FF22900C0F6000008640298816F4FF29A
:10EF20007100C0F6000008650298816F00204865F6
:10EF300002980168886820F400408860029B1A6883
:10EF4000D96D986F2032B3F86230F5F709F8A0B1A7
:10EF5000FFE70299D1F8880040F01000C1F888005E
:10EF600002990120C1F88400FFE702990020C1F84E
:10EF70008000FFE70120039045E00298806FC069A0
:10EF8000B0F5807F0AD1FFE70298006840684FF62D
:10EF9000FF7188430299096848600CE00298006894
:10EFA00040684FF6FF718843BDF80210084402998B
:10EFB00009684860FFE702980168886840F40040EB
:10EFC000886002980168086940F4487008610298F6
:10EFD0000168086840F00100086002984068B0F5D8
:10EFE000800F07D1FFE702980168086840F40070BD
:10EFF0000860FFE7FFE702990020C1F88000FFE703
:10F0000000200390FFE7039804B080BD00BF00BF5D
:10F0100080B582B001900198C06B0090009801F01B
:10F020007BF802B080BD00BF80B582B0019001982E
:10F03000C06B00900098D0F88400072813D0FFE739
:10F040000098806FC069B0F5807F04D1FFE7009819
:10F0500001F046F806E000980168086940F00800F1
:10F060000861FFE7FFE702B080BD00BF00BF00BF3F
:10F0700080B582B001900198C06B00900198F8F7BC
:10F08000C7F9022812D0FFE70098FEF78DFC00991F
:10F09000D1F8880040F01000C1F8880000990120E4
:10F0A000C1F88400009801F00FF8FFE702B080BDBE
:10F0B00080B584B002900191ADF802200298D0F89A
:10F0C0008400012809D0FFE7FFE702990020C1F87A
:10F0D0008000FFE7022003903FE1019820B1FFE7A5
:10F0E000BDF8020048B9FFE7FFE702990020C1F828
:10F0F0008000FFE7012003902FE1FFE70298D0F89E
:10F100008000012803D1FFE70220039025E1029946
:10F110000120C1F88000FFE7FFE702990420C1F851
:10F12000840002990020C1F888000199029A516672
:10F13000BDF80210029AA2F86810BDF80210029AF7
:10F14000A2F86A1002990867029948670299A1F823
:10F1500060000299A1F8620002988068B0F5C02FA3
:10F1600007D1FFE702980168086820F40060086092
:10F1700009E002980068C068022161F352400299D8
:10F180000968C860FFE70298C068102807D3FFE746
:10F190000298C06F8069B0F5804F13D1FFE70298E5
:10F1A000C068082817D3FFE70298C06F8069B0F5E0
:10F1B000005F10D0FFE70298C06F8069B0F5804F04
:10F1C00009D0FFE7FFE702990020C1F88000FFE7C0
:10F1D00001200390C1E002980168886820F4804013
:10F1E00088600298C068072821D8FFE70298C06F9E
:10F1F0008069B0F5005F09D1FFE70298B0F86A00B6
:10F20000013040080299A1F86A00FFE70298C06F38
:10F210008069B0F5804F09D1FFE70298B0F86A0025
:10F22000033080080299A1F86A00FFE717E002980E
:10F23000C0680F2811D8FFE70298C06F8069B0F549
:10F24000804F09D1FFE70298B0F86A00013040080A
:10F250000299A1F86A00FFE700E0FFE7FFE70298E4
:10F26000C16F4FF26130C0F6000048640298C16F70
:10F270004FF27930C0F6000008640298C16F4FF277
:10F280007100C0F6000008650298C16F0020486553
:10F29000029B19685A6ED86F3031B3F86A30F4F7B0
:10F2A0005FFEA0B1FFE70299D1F8880040F010009E
:10F2B000C1F8880002990120C1F88400FFE7029993
:10F2C0000020C1F88000FFE70120039045E002988C
:10F2D000C06FC069B0F5807F0AD1FFE7029800686F
:10F2E00040684FF6FF7188430299096848600CE056
:10F2F0000298006840684FF6FF718843BDF802101D
:10F300000844029909684860FFE702980168886824
:10F3100040F48040886002980168086940F45070A9
:10F32000086102980168086840F0010008600298CE
:10F330004068B0F5800F07D1FFE7029801680868C0
:10F3400040F400700860FFE7FFE702990020C1F871
:10F350008000FFE700200390FFE7039804B080BD22
:10F3600080B582B001900198C06B0090009800F0C9
:10F37000D7FE02B080BD00BF80B582B00190019879
:10F38000C06B00900098D0F88400072813D0FFE7E6
:10F390000098C06FC069B0F5807F04D1FFE7009886
:10F3A00000F09AFE06E000980168086940F0080045
:10F3B0000861FFE7FFE702B080BD00BF00BF00BFEC
:10F3C00080B586B0049003910292ADF8063004989F
:10F3D000D0F88400012803D0FFE702200590B3E1B4
:10F3E000039838B1FFE7029820B1FFE7BDF80600A7
:10F3F00018B9FFE701200590A6E1FFE70498D0F8CF
:10F400008000012803D1FFE7022005909CE10499C8
:10F410000120C1F88000FFE7FFE704990520C1F84B
:10F42000840004990020C1F888000399049AD165EA
:10F43000BDF80610049AA2F86010BDF80610049AF0
:10F44000A2F862100299049A5166BDF80610049A57
:10F45000A2F86810BDF80610049AA2F86A10049980
:10F4600008670499486704980068C06820F4C020C1
:10F4700004990968C86004980168886820F44040CD
:10F4800088600498C06810280ED3FFE70498C06F06
:10F490008069B0F5804F28D1FFE70498806F8069BC
:10F4A000B0F5804F21D1FFE70498C068082825D324
:10F4B000FFE70498C06F8069B0F5005F07D0FFE7F1
:10F4C0000498C06F8069B0F5804F0ED1FFE70498B3
:10F4D000806F8069B0F5005F10D0FFE70498806FFF
:10F4E0008069B0F5804F09D0FFE7FFE7049900205D
:10F4F000C1F88000FFE70120059025E10498C0686D
:10F50000072841D8FFE70498806F8069B0F5005F55
:10F5100009D1FFE70498B0F862000130400804996F
:10F52000A1F86200FFE70498806F8069B0F5804F12
:10F5300009D1FFE70498B0F862000330800804990D
:10F54000A1F86200FFE70498C06F8069B0F5005F22
:10F5500009D1FFE70498B0F86A0001304008049927
:10F56000A1F86A00FFE70498C06F8069B0F5804F8A
:10F5700009D1FFE70498B0F86A00033080080499C5
:10F58000A1F86A00FFE727E00498C0680F2821D897
:10F59000FFE70498806F8069B0F5804F09D1FFE7DD
:10F5A0000498B0F86200013040080499A1F86200A4
:10F5B000FFE70498C06F8069B0F5804F09D1FFE77D
:10F5C0000498B0F86A00013040080499A1F86A0074
:10F5D000FFE700E0FFE7FFE70498C16F4FF25170CB
:10F5E000C0F6000048640498C16F4FF26970C0F61D
:10F5F000000008640498C16F4FF27100C0F600006B
:10F6000008650498C16F00204865049B19685A6E0C
:10F61000D86F3031B3F86A30F4F7A2FCA0B1FFE73D
:10F620000499D1F8880040F01000C1F888000499CE
:10F630000120C1F88400FFE704990020C1F8800090
:10F64000FFE7012005907FE004980168886840F496
:10F65000804088600498816F002048640499896F15
:10F6600008640499896F48650498816F4FF27100AE
:10F67000C0F600000865049B1A68D96D986F2032A7
:10F68000B3F86230F4F76CFCC0B1FFE70498C06FC8
:10F69000F4F7DEFF0499D1F8880040F01000C1F8BB
:10F6A000880004990120C1F88400FFE70499002034
:10F6B000C1F88000FFE70120059045E00498806FC5
:10F6C000C069B0F5807F0AD1FFE704980068406800
:10F6D0004FF6FF7188430499096848600CE004986C
:10F6E000006840684FF6FF718843BDF80610084473
:10F6F000049909684860FFE704980168886840F445
:10F700000040886004980168086940F458700861F6
:10F7100004980168086840F0010008600498406897
:10F72000B0F5800F07D1FFE704980168086840F43E
:10F7300000700860FFE7FFE704990020C1F880002F
:10F74000FFE700200590FFE7059806B080BD00BFE9
:10F7500080B582B001900198C06B0090009800F0D5
:10F76000E3FC02B080BD00BF80B582B0019001987B
:10F77000C06B00900098D0F88400072813D0FFE7F2
:10F780000098806FC069B0F5807F04D1FFE70098D2
:10F7900000F09EFC06E000980168086940F008004F
:10F7A0000861FFE7FFE702B080BD00BF00BF00BFF8
:10F7B00080B584B00290FFE70298D0F8800001285D
:10F7C00003D1FFE702200390ECE002990120C1F889
:10F7D0008000FFE7FFE702990720C1F884000020BE
:10F7E000019040F20000C2F2004000684AF6AB21EE
:10F7F000CAF6AA21A0FB0110000944F6D351C1F2B8
:10F800006201A0FB01108009642148430090029826
:10F8100000680068800500285DD5FFE70298016850
:10F82000086920F008000861FFE70098013800909F
:10F83000009840B9FFE70299D1F8880040F04000F5
:10F84000C1F8880008E0FFE702980068006900F04E
:10F8500008000828E9D0FFE702980168086840F42A
:10F8600080600860FFE7009801380090009840B978
:10F87000FFE70299D1F8880040F04000C1F8880005
:10F8800009E0FFE702980068006800F40070B0F536
:10F89000007FE8D0FFE702980168886940F40060C3
:10F8A0008861FFE7009801380090009840B9FFE7B1
:10F8B0000299D1F8880040F04000C1F8880009E0C2
:10F8C000FFE702980068406900F40060B0F5006F3F
:10F8D000E8D0FFE7FFE7029800688068000400288E
:10F8E0001DD5FFE70298806FC0B1FFE70298816FD6
:10F8F000002048650298806FF4F7AAFE68B1FFE720
:10F900000298806FF7F784FD202805D1FFE7029960
:10F910004020C1F88800FFE7FFE7FFE7FFE7029814
:10F9200000688068400400281DD5FFE70298C06F7A
:10F93000C0B1FFE70298C16F002048650298C06F10
:10F94000F4F786FE68B1FFE70298C06FF7F760FD35
:10F95000202805D1FFE702994020C1F88800FFE781
:10F96000FFE7FFE7FFE7029800F022F80298D0F8DF
:10F9700088004006002803D5FFE70120019004E03D
:10F9800002990020C1F88800FFE702990120C1F820
:10F990008400FFE702990020C1F88000FFE701988A
:10F9A0000390FFE7039804B080BD00BF00BF00BF15
:10F9B00081B0009000980168086820F0010008609C
:10F9C00000980168086940F26F329043086100981E
:10F9D0000168886940F008008861009801688869BA
:10F9E00040F01000886100980168886820F4404069
:10F9F000886000980168886940F04000886100983C
:10FA00000168886940F02000886100980168886971
:10FA100040F48070886100980168886940F4007043
:10FA2000886100980168886940F4006088610099E5
:10FA30000020A1F862000099A1F86A0001B07047A7
:10FA400080B586B0059001200290019005990720AD
:10FA5000C1F884000020049040F20000C2F200408F
:10FA600000684AF6AB21CAF6AA21A0FB01100009E2
:10FA700044F6D351C1F26201A0FB01108009642158
:10FA800048430390059800680068800500285DD50C
:10FA9000FFE705980168086920F008000861FFE7A2
:10FAA000039801380390039840B9FFE70599D1F80E
:10FAB000880040F04000C1F8880008E0FFE70598A2
:10FAC0000068006900F008000828E9D0FFE7059801
:10FAD0000168086840F480600860FFE70398013817
:10FAE0000390039840B9FFE70599D1F8880040F0EA
:10FAF0004000C1F8880009E0FFE705980068006849
:10FB000000F40070B0F5007FE8D0FFE705980168C9
:10FB1000886940F400608861FFE70398013803902A
:10FB2000039840B9FFE70599D1F8880040F04000FC
:10FB3000C1F8880009E0FFE705980068406900F413
:10FB40000060B0F5006FE8D0FFE7FFE70598806F31
:10FB500060B3FFE7059800688068000400281FD59F
:10FB6000FFE70598816F4FF65940C0F600004865E1
:10FB7000002002900598806FF5F71EFA78B1FFE734
:10FB80000598806FF7F744FC802807D1FFE7012034
:10FB900002900598816F00204865FFE7FFE704E0C9
:10FBA0000598816F00204865FFE7FFE70598C06F63
:10FBB00060B3FFE7059800688068400400281FD5FF
:10FBC000FFE70598C16F4FF6A140C0F600004865F9
:10FBD000002001900598C06FF5F7EEF978B1FFE7C6
:10FBE0000598C06FF7F714FC802807D1FFE70120C4
:10FBF00001900598C16F00204865FFE7FFE704E02A
:10FC00000598C16F00204865FFE7FFE702980128CB
:10FC10001ED1FFE7019801281AD1FFE70598FFF7E9
:10FC2000C7FE0598D0F888004006002803D5FFE7F6
:10FC30000120049004E005990020C1F88800FFE746
:10FC400005990120C1F88400059800F04DF8FFE700
:10FC5000049806B080BD00BF80B582B001900198C5
:10FC6000C06B00900098816F002048650098C06FBD
:10FC700038B1FFE70098C06F406D08B1FFE70BE0B7
:10FC8000FFE70098FFF794FE00990120C1F8840077
:10FC9000009800F029F8FFE702B080BD00BF00BF68
:10FCA00080B582B001900198C06B00900098C16F40
:10FCB000002048650098806F38B1FFE70098806F9A
:10FCC000406D08B1FFE70BE0FFE70098FFF770FE1B
:10FCD00000990120C1F88400009800F005F8FFE7C2
:10FCE00002B080BD00BF00BF81B0009001B070477E
:10FCF00081B000900099D1F8880040F48060C1F88C
:10FD00008800012001B0704781B000900099D1F8BF
:10FD1000880040F48060C1F88800012001B070477D
:10FD200081B000900099D1F8880040F48060C1F85B
:10FD30008800012001B0704780B588B0079007980F
:10FD40000068006906900798006840690590069869
:10FD50000599084004900798006880680390002087
:10FD600002900798D0F8840001900798006830301E
:10FD700000909DF815000007002810D5FFE79DF8BA
:10FD80001800000700280AD5FFE70798016888696E
:10FD900040F400608861079800F092F98EE19DF8C8
:10FDA00010004006002815D4FFE79DF810008006DB
:10FDB00000280FD4FFE79DF810004007002809D560
:10FDC000FFE70798416F88470798016F8847012030
:10FDD0000290FFE79DF810004006002811D4FFE7CD
:10FDE0009DF81000C00760B1FFE79DF810004007C4
:10FDF000002806D4FFE70798016F8847012002908A
:10FE0000FFE79DF810008006002812D4FFE79DF858
:10FE10001000800700280CD5FFE79DF81000400770
:10FE2000002806D4FFE70798416F88470120029019
:10FE3000FFE7029808B1FFE740E19DF810000007D6
:10FE4000002840F18680FFE707980168886940F044
:10FE50000800886107980168886940F0100088618F
:10FE600007980168886940F4006088610798016814
:10FE7000086920F00800086107980068806810F49D
:10FE8000404F3AD1FFE7FFE70798B0F86A0098B310
:10FE9000FFE70798C06810280BD3FFE707980068B2
:10FEA000006B0799496E08600799486E04304866F0
:10FEB0001BE00798C06808280AD3FFE7009800886D
:10FEC0000799496E08800799486E023048660BE032
:10FED0000798006890F830000799496E08700799F4
:10FEE000486E01304866FFE7FFE70799B1F86A00FE
:10FEF0000138A1F86A00C7E7FFE70798FDF754FD4E
:10FF000007990120C1F884000798D0F8880020B133
:10FF1000FFE7079800F0D8F8D0E00198052804D151
:10FF2000FFE7079800F0D4F812E00198042804D104
:10FF3000FFE7079800F0D0F809E00198032804D102
:10FF4000FFE7079800F0CCF800E0FFE7FFE7FFE7E6
:10FF5000B4E0BDF8100010F4587F00F0AF80FFE768
:10FF60009DF81000400600280ED5FFE70799D1F84C
:10FF7000880040F00400C1F888000798016888698B
:10FF800040F040008861FFE79DF8110080070028DD
:10FF90000ED5FFE70799D1F8880040F00100C1F8BD
:10FFA000880007980168886940F400708861FFE75D
:10FFB0009DF81100C00770B1FFE70799D1F88800DC
:10FFC00040F00800C1F8880007980168886940F48B
:10FFD00080708861FFE79DF81000800600280ED52C
:10FFE000FFE70799D1F8880040F08000C1F8880049
:10FFF00007980168886940F020008861FFE707984A
:020000040801F1
:10000000D0F88800002858D0FFE7079801680868F2
:1000100020F00100086007980168086940F26B321F
:1000200090430861039800F44040B0F5404F3BD145
:10003000FFE707980168886820F4404088600798C7
:10004000C06FB0B1FFE70798C16F40F2E900C0F69A
:10005000010048650798C06FF4F7AEFF40B1FFE7B5
:100060000799D1F8880040F04000C1F88800FFE708
:10007000FFE70798806FB0B1FFE70798816F40F204
:10008000E900C0F6010048650798806FF4F794FF17
:1000900040B1FFE70799D1F8880040F04000C1F86F
:1000A0008800FFE7FFE707E007990120C1F8840017
:1000B000079800F009F8FFE7FFE7FFE708B080BD09
:1000C00081B0009001B0704781B0009001B07047DE
:1000D00081B0009001B0704781B0009001B07047CE
:1000E00081B0009001B0704780B582B00190019856
:1000F000C06B009000990020A1F86A000099A1F857
:10010000620000990120C1F884000098FFF7DCFF2D
:1001100002B080BD00BF00BF81B0009001B0704749
:1001200081B0009001B0704781B0009001B070477D
:1001300081B000900098D0F8840001B0704700BFF3
:1001400081B000900098D0F8880001B0704700009E
:1001500080B582B00090009818B9FFE701200190A7
:1001600035E00098006C38B9FFE700990020C863BB
:10017000009800F031F8FFE7009902200864009928
:1001800051F8040B00F02CF800990120C866FFE735
:10019000009901204864009988640099C864009916
:1001A00008650099486500998865FFE7FFE70099B1
:1001B0000120C8650099086600994866009988661C
:1001C000FFE700990120086400200190FFE70198F3
:1001D00002B080BD00BF00BF81B0009001B0704789
:1001E00083B002900191029800680090029800216B
:1001F000C4F20101884225D0FFE70298B0F1804F98
:1002000020D0FFE7029840F20041C4F2000188428A
:1002100018D0FFE7029840F60001C4F200018842BE
:1002200010D0FFE7029840F60041C4F20001884276
:1002300008D0FFE7029840F20041C4F20101884271
:100240000AD1FFE7009820F0700000900198416803
:10025000009808430090FFE702980021C4F20101D2
:1002600088423DD0FFE70298B0F1804F38D0FFE7D9
:10027000029840F20041C4F20001884230D0FFE70A
:10028000029840F60001C4F20001884228D0FFE73E
:10029000029840F60041C4F20001884220D0FFE7F6
:1002A000029840F20041C4F20101884218D0FFE7F1
:1002B000029844F20001C4F20101884210D0FFE725
:1002C000029844F20041C4F20101884208D0FFE7DD
:1002D000029844F60001C4F2010188420AD1FFE706
:1002E000009820F4407000900198C168009808437D
:1002F0000090FFE7009820F08000019949690843C9
:100300000090019880680299C8620198006802997B
:10031000886202980021C4F20101884220D0FFE7E0
:10032000029840F20041C4F20101884218D0FFE770
:10033000029844F20001C4F20101884210D0FFE7A4
:10034000029844F20041C4F20101884208D0FFE75C
:10035000029844F60001C4F20101884205D1FFE78A
:100360000198006902990863FFE70299086840F064
:100370000400086002990120486100980299086011
:1003800003B0704700BF00BF80B582B001900199F3
:1003900002200864FFE701980068006A41F2111129
:1003A000084210D1FFE701980068006A40F244411A
:1003B000084207D1FFE701980168086820F00100B2
:1003C0000860FFE7FFE7FFE7019800F029F80199CF
:1003D0000020C866FFE701990020486401998864FD
:1003E0000199C86401990865019948650199886572
:1003F000FFE7FFE701990020C865019908660199A8
:10040000486601998866FFE7019900200864FFE7C4
:1004100001990020C863FFE7002002B080BD00BF43
:1004200081B0009001B0704783B001900198006CDA
:10043000012803D0FFE70120029069E00199022022
:100440000864019800680021C4F2010188423CD090
:10045000FFE701980068B0F1804F36D0FFE70198C0
:10046000006840F20041C4F2000188422DD0FFE74D
:100470000198006840F60001C4F20001884224D0CF
:10048000FFE70198006840F60041C4F2000188428D
:100490001BD0FFE70198006840F20041C4F201015F
:1004A000884212D0FFE70198006841F60001C4F2CB
:1004B0000001884209D0FFE70198006844F200017A
:1004C000C4F20101884219D1FFE7019800688068F1
:1004D0000721C0F2010108400090009806280CD0C6
:1004E000FFE70098B0F5803F07D0FFE7019801686B
:1004F000086840F001000860FFE706E00198016825
:10050000086840F001000860FFE700200290FFE764
:10051000029803B0704700BF81B00090FFE70098D9
:100520000068006A41F21111084210D1FFE70098FB
:100530000068006A40F24441084207D1FFE7009892
:100540000168086820F001000860FFE7FFE7FFE7A7
:10055000009901200864002001B0704700BF00BF6F
:1005600083B001900198006C012803D0FFE70120BF
:1005700002906FE001990220086401980168C86840
:1005800040F00100C860019800680021C4F2010138
:1005900088423CD0FFE701980068B0F1804F36D028
:1005A000FFE70198006840F20041C4F20001884270
:1005B0002DD0FFE70198006840F60001C4F2000169
:1005C000884224D0FFE70198006840F60041C4F259
:1005D000000188421BD0FFE70198006840F200410B
:1005E000C4F20101884212D0FFE70198006841F689
:1005F0000001C4F20001884209D0FFE701980068B9
:1006000044F20001C4F20101884219D1FFE70198C8
:10061000006880680721C0F201010840009000983E
:1006200006280CD0FFE70098B0F5803F07D0FFE721
:1006300001980168086840F001000860FFE706E0E3
:1006400001980168086840F001000860FFE7002099
:100650000290FFE7029803B0704700BF00BF00BFE1
:1006600081B0009000980168C86820F00100C8605F
:10067000FFE700980068006A41F21111084210D1AA
:10068000FFE700980068006A40F24441084207D141
:10069000FFE700980168086820F001000860FFE7A4
:1006A000FFE7FFE7009901200864002001B07047D0
:1006B00080B586B004900391ADF80A200498006CD0
:1006C000022803D1FFE702200590A7E00498006C00
:1006D00001280FD1FFE7039820B1FFE7BDF80A001A
:1006E00018B9FFE70120059098E0049902200864FA
:1006F000FFE702E00120059090E0FFE70498016A1F
:1007000040F62900C0F6010008640498016A40F62A
:100710005100C0F6010048640498016A40F669007F
:10072000C0F60100086504980268006A03992C323B
:10073000BDF80A30F3F714FC18B1FFE7012005906B
:100740006CE004980168C86840F48070C860049840
:1007500000680021C4F2010188423CD0FFE7049800
:100760000068B0F1804F36D0FFE70498006840F28F
:100770000041C4F2000188422DD0FFE704980068D0
:1007800040F60001C4F20001884224D0FFE704983B
:10079000006840F60041C4F2000188421BD0FFE728
:1007A0000498006840F20041C4F20101884212D06E
:1007B000FFE70498006841F60001C4F20001884296
:1007C00009D0FFE70498006844F20001C4F2010177
:1007D000884219D1FFE70498006880680721C0F2B9
:1007E000010108400190019806280CD0FFE701980C
:1007F000B0F5803F07D0FFE704980168086840F033
:1008000001000860FFE706E004980168086840F00E
:1008100001000860FFE700200590FFE7059806B09B
:1008200080BD00BF00BF00BF80B582B001900198BD
:10083000C06B00900098006AC06920B9FFE700997A
:1008400001200864FFE7009804F056FB02B080BD69
:1008500080B582B001900198C06B0090009806F0BE
:100860004FFA02B080BD00BF80B582B00190019800
:10087000C06B009001980099496A884206D1FFE751
:1008800000990120C861009948642DE00198009901
:10089000896A884207D1FFE700990220C861009960
:1008A000012088641FE001980099C96A884207D135
:1008B000FFE700990420C86100990120C86411E095
:1008C00001980099096B884207D1FFE70099082039
:1008D000C86100990120086503E0009901200864BF
:1008E000FFE7FFE7FFE7FFE7009806F019FA009936
:1008F0000020C86102B080BD80B582B0019001982F
:100900000168C86820F48070C8600198006AF4F734
:1009100053FBFFE701980068006A41F21111084299
:1009200010D1FFE701980068006A40F24441084294
:1009300007D1FFE701980168086820F0010008600E
:10094000FFE7FFE7FFE7019901200864002002B0FC
:1009500080BD00BF00BF00BF80B582B0009000988E
:1009600018B9FFE70120019035E00098006C38B914
:10097000FFE700990020C863009800F031F8FFE716
:10098000009902200864009951F8040BFFF728FC35
:1009900000990120C866FFE700990120486400998A
:1009A00088640099C86400990865009948650099B1
:1009B0008865FFE7FFE700990120C8650099086690
:1009C0000099486600998866FFE70099012008644D
:1009D00000200190FFE7019802B080BD00BF00BF7A
:1009E00081B0009001B0704780B582B0019001994C
:1009F00002200864FFE701980068006A41F21111C3
:100A0000084210D1FFE701980068006A40F24441B3
:100A1000084207D1FFE701980168086820F001004B
:100A20000860FFE7FFE7FFE7019800F029F8019968
:100A30000020C866FFE70199002048640199886496
:100A40000199C8640199086501994865019988650B
:100A5000FFE7FFE701990020C86501990866019941
:100A6000486601998866FFE7019900200864FFE75E
:100A700001990020C863FFE7002002B080BD00BFDD
:100A800081B0009001B0704780B590B00E900D918C
:100A90000D9820B9FFE70E98406C0B902FE00D9851
:100AA000042804D1FFE70E98806C0A9024E00D988A
:100AB000082804D1FFE70E98C06C099019E00D9842
:100AC0000C2804D1FFE70E98006D08900EE00D98F9
:100AD000102804D1FFE70E98406D079003E00E98B0
:100AE000806D0790FFE707980890FFE70898099046
:100AF000FFE709980A90FFE70A980B90FFE70B9829
:100B0000012803D0FFE701200F90EAE00D9820B9FB
:100B1000FFE70E990220486433E00D98042805D1C0
:100B2000FFE70E9902208864069028E00D980828B7
:100B300005D1FFE70E990220C86405901CE00D98CE
:100B40000C2805D1FFE70E9902200865049010E0FB
:100B50000D98102805D1FFE70E99022048650390F3
:100B600004E00E99022088650390FFE70398049043
:100B7000FFE704980590FFE705980690FFE70698C1
:100B8000FFE70E9800680D990122019200F0ACF881
:100B900001980E9909680022C4F201029142029064
:100BA0002DD0FFE70E980168012040F20042C4F208
:100BB00001029142029022D0FFE70E9801680120C5
:100BC00044F20002C4F201029142029017D0FFE702
:100BD0000E980168012044F20042C4F201029142E1
:100BE00002900CD0FFE70E9800684BF60001CBF6A0
:100BF000FE710844B0FA80F040090290FFE70298C5
:100C0000C00738B1FFE70E980168486C40F4004017
:100C10004864FFE70E9800680021C4F20101884291
:100C20003CD0FFE70E980068B0F1804F36D0FFE768
:100C30000E98006840F20041C4F2000188422DD0B5
:100C4000FFE70E98006840F60001C4F200018842F8
:100C500024D0FFE70E98006840F60041C4F200017E
:100C600088421BD0FFE70E98006840F20041C4F2B2
:100C70000101884212D0FFE70E98006841F600019A
:100C8000C4F20001884209D0FFE70E98006844F2E0
:100C90000001C4F20101884219D1FFE70E980068F3
:100CA00080680721C0F2010108400C900C980628CA
:100CB0000CD0FFE70C98B0F5803F07D0FFE70E9807
:100CC0000168086840F001000860FFE706E00E9840
:100CD0000168086840F001000860FFE700200F90FD
:100CE000FFE70F9810B080BD84B00390029101928D
:100CF000029800F01F01012088400090009A03999B
:100D0000086A904308620198029901F01F0100FAF5
:100D100001F20399086A1043086204B0704700BFEB
:100D200080B588B007900691079800680699002260
:100D3000FFF7DAFF0798016801200022C4F20102E0
:100D4000914205902DD0FFE707980168012040F2FD
:100D50000042C4F201029142059022D0FFE70798B9
:100D60000168012044F20002C4F2010291420590A0
:100D700017D0FFE707980168012044F20042C4F24F
:100D80000102914205900CD0FFE7079800684BF6EE
:100D90000001CBF6FE710844B0FA80F040090590DE
:100DA000FFE70598C007D8B1FFE7FFE7079800689D
:100DB000006A41F21111084210D1FFE7079800685C
:100DC000006A40F24441084207D1FFE707980168F2
:100DD000486C20F400404864FFE7FFE7FFE7FFE7C7
:100DE000FFE707980068006A41F21111084210D12C
:100DF000FFE707980068006A40F24441084207D1C3
:100E0000FFE707980168086820F001000860FFE725
:100E1000FFE7FFE7069820B9FFE70799012048643C
:100E200033E00698042805D1FFE70799012088647C
:100E3000049028E00698082805D1FFE707990120CB
:100E4000C86403901CE006980C2805D1FFE70799B9
:100E500001200865029010E00698102805D1FFE7F0
:100E6000079901204865019004E0079901208865F1
:100E70000190FFE701980290FFE702980390FFE7D7
:100E800003980490FFE70498FFE7002008B080BDB6
:100E900080B592B010900F9100200E900F9820B95D
:100EA000FFE71098406C0C902FE00F98042804D1B5
:100EB000FFE71098806C0B9024E00F98082804D16D
:100EC000FFE71098C06C0A9019E00F980C2804D125
:100ED000FFE71098006D09900EE00F98102804D1DC
:100EE000FFE71098406D089003E01098806D08901F
:100EF000FFE708980990FFE709980A90FFE70A982A
:100F00000B90FFE70B980C90FFE70C98012803D09B
:100F1000FFE7012011901DE10F9820B9FFE710991C
:100F20000220486433E00F98042805D1FFE71099A8
:100F300002208864079028E00F98082805D1FFE771
:100F400010990220C86406901CE00F980C2805D167
:100F5000FFE7109902200865059010E00F9810280F
:100F600005D1FFE7109902204865049004E010992C
:100F7000022088650490FFE704980590FFE7059834
:100F80000690FFE706980790FFE70798FFE70F989E
:100F900003900C2825D80399DFE801F007232323C9
:100FA0000E232323152323231C0010980168C868EF
:100FB00040F00200C86017E010980168C86840F06F
:100FC0000400C86010E010980168C86840F008008C
:100FD000C86009E010980168C86840F01000C86057
:100FE00002E001200E90FFE70E98002840F0AF804D
:100FF000FFE7109800680F9901220192FFF774FE35
:101000000198109909680022C4F2010291420290ED
:101010002DD0FFE710980168012040F20042C4F291
:1010200001029142029022D0FFE71098016801204E
:1010300044F20002C4F201029142029017D0FFE78D
:1010400010980168012044F20042C4F2010291426A
:1010500002900CD0FFE7109800684BF60001CBF629
:10106000FE710844B0FA80F040090290FFE7029850
:10107000C00738B1FFE710980168486C40F40040A1
:101080004864FFE7109800680021C4F2010188421B
:101090003CD0FFE710980068B0F1804F36D0FFE7F2
:1010A0001098006840F20041C4F2000188422DD03F
:1010B000FFE71098006840F60001C4F20001884282
:1010C00024D0FFE71098006840F60041C4F2000108
:1010D00088421BD0FFE71098006840F20041C4F23C
:1010E0000101884212D0FFE71098006841F6000124
:1010F000C4F20001884209D0FFE71098006844F26A
:101100000001C4F20101884219D1FFE7109800687C
:1011100080680721C0F2010108400D900D98062853
:101120000CD0FFE70D98B0F5803F07D0FFE710988F
:101130000168086840F001000860FFE706E01098C9
:101140000168086840F001000860FFE7FFE70E98BB
:101150001190FFE7119812B080BD00BF00BF00BF23
:1011600080B58AB0099008910020079008980690F1
:101170000C2825D80699DFE801F0072323230E2346
:101180002323152323231C0009980168C86820F035
:101190000200C86017E009980168C86820F00400E0
:1011A000C86010E009980168C86820F00800C860AD
:1011B00009E009980168C86820F01000C86002E0E2
:1011C00001200790FFE70798002840F0B380FFE771
:1011D0000998006808990022FFF786FD09980168C0
:1011E00001200022C4F20102914205902DD0FFE7B8
:1011F00009980168012040F20042C4F201029142C4
:10120000059022D0FFE709980168012044F200020E
:10121000C4F201029142059017D0FFE709980168D6
:10122000012044F20042C4F20102914205900CD028
:10123000FFE7099800684BF60001CBF6FE71084401
:10124000B0FA80F040090590FFE70598C007D8B1D3
:10125000FFE7FFE709980068006A41F211110842B0
:1012600010D1FFE709980068006A40F24441084243
:1012700007D1FFE709980168486C20F400404864F2
:10128000FFE7FFE7FFE7FFE7FFE709980068006A6D
:1012900041F21111084210D1FFE709980068006A75
:1012A00040F24441084207D1FFE709980168086805
:1012B00020F001000860FFE7FFE7FFE7089820B98A
:1012C000FFE709990120486433E00898042805D114
:1012D000FFE7099901208864049028E0089808280D
:1012E00005D1FFE709990120C86403901CE0089824
:1012F0000C2805D1FFE7099901200865029010E04C
:101300000898102805D1FFE7099901204865019048
:1013100004E00999012088650190FFE70198029097
:10132000FFE702980390FFE703980490FFE7049813
:10133000FFE7FFE707980AB080BD00BF00BF00BF0E
:1013400080B598B0169015911492ADF84E300020EB
:101350001290159820B9FFE71698406C10902FE076
:101360001598042804D1FFE71698806C0F9024E0AC
:101370001598082804D1FFE71698C06C0E9019E064
:1013800015980C2804D1FFE71698006D0D900EE01B
:101390001598102804D1FFE71698406D0C9003E0D3
:1013A0001698806D0C90FFE70C980D90FFE70D9854
:1013B0000E90FFE70E980F90FFE70F981090FFE751
:1013C0001098022803D1FFE702201790F5E1159845
:1013D00020B9FFE71698406C0B902FE01598042871
:1013E00004D1FFE71698806C0A9024E0159808282D
:1013F00004D1FFE71698C06C099019E015980C28E5
:1014000004D1FFE71698006D08900EE0159810289B
:1014100004D1FFE71698406D079003E01698806DA1
:101420000790FFE707980890FFE708980990FFE703
:1014300009980A90FFE70A980B90FFE70B9801289C
:1014400047D1FFE7149820B1FFE7BDF84E0018B967
:10145000FFE701201790B0E1159820B9FFE7169932
:101460000220486433E01598042805D1FFE7169957
:1014700002208864069028E01598082805D1FFE727
:1014800016990220C86405901CE015980C2805D117
:10149000FFE7169902200865049010E015981028BF
:1014A00005D1FFE7169902204865039004E01699DC
:1014B000022088650390FFE703980490FFE70498F3
:1014C0000590FFE705980690FFE70698FFE7FFE71E
:1014D00002E00120179070E1FFE7159802900C28B8
:1014E00000F2B2800299DFE801F007AFAFAF31AF91
:1014F000AFAF5BAFAFAF85001698416A41F2C170E4
:10150000C0F6010008641698416A41F67900C0F6F9
:10151000010048641698416A40F66900C0F601006F
:10152000086516980268406A14993432BDF84E3046
:10153000F2F716FD18B1FFE7012017903DE116986C
:101540000168C86840F40070C86080E01698816A3D
:1015500041F2C170C0F6010008641698816A41F634
:101560007900C0F6010048641698816A40F6690067
:10157000C0F60100086516980268806A149938322E
:10158000BDF84E30F2F7ECFC18B1FFE701201790E0
:1015900013E116980168C86840F48060C86056E09E
:1015A0001698C16A41F2C170C0F60100086416982D
:1015B000C16A41F67900C0F6010048641698C16A14
:1015C00040F66900C0F60100086516980268C06A16
:1015D00014993C32BDF84E30F2F7C2FC18B1FFE767
:1015E00001201790E9E016980168C86840F400608F
:1015F000C8602CE01698016B41F2C170C0F6010082
:1016000008641698016B41F67900C0F60100486441
:101610001698016B40F66900C0F60100086516983F
:101620000268006B14994032BDF84E30F2F798FC16
:1016300018B1FFE701201790BFE016980168C8684D
:1016400040F48050C86002E001201290FFE7129839
:10165000002840F0AF80FFE7169800681599012236
:101660000092FFF741FB0098169909680022C4F226
:101670000102914201902DD0FFE7169801680120E8
:1016800040F20042C4F201029142019022D0FFE7F1
:1016900016980168012044F20002C4F2010291424E
:1016A000019017D0FFE716980168012044F200422C
:1016B000C4F20102914201900CD0FFE71698006835
:1016C0004BF60001CBF6FE710844B0FA80F04009F9
:1016D0000190FFE70198C00738B1FFE7169801684D
:1016E000486C40F400404864FFE716980068002109
:1016F000C4F2010188423CD0FFE716980068B0F1BF
:10170000804F36D0FFE71698006840F20041C4F2DF
:10171000000188422DD0FFE71698006840F60001CE
:10172000C4F20001884224D0FFE71698006840F612
:101730000041C4F2000188421BD0FFE71698006800
:1017400040F20041C4F20101884212D0FFE716982E
:10175000006841F60001C4F20001884209D0FFE7A9
:101760001698006844F20001C4F20101884219D1C0
:10177000FFE71698006880680721C0F20101084061
:101780001190119806280CD0FFE71198B0F5803F12
:1017900007D0FFE716980168086840F0010008606C
:1017A000FFE706E016980168086840F0010008604D
:1017B000FFE7FFE712981790FFE7179818B080BD72
:1017C00080B582B001900198C06B0090019800999B
:1017D000496A88420CD1FFE700990120C86101984D
:1017E000C06920B9FFE7009901204864FFE739E0AC
:1017F00001980099896A88420CD1FFE7009902207C
:10180000C8610198C06920B9FFE700990120886488
:10181000FFE726E001980099C96A88420CD1FFE7EA
:1018200000990420C8610198C06920B9FFE70099B8
:101830000120C864FFE713E001980099096B884212
:101840000CD1FFE700990820C8610198C06920B950
:10185000FFE7009901200865FFE700E0FFE7FFE7E9
:10186000FFE7FFE7009803F043FB00990020C86101
:1018700002B080BD00BF00BF80B582B0019001986A
:10188000C06B009001980099496A884204D1FFE733
:1018900000990120C86121E001980099896A884275
:1018A00004D1FFE700990220C86116E00198009971
:1018B000C96A884204D1FFE700990420C8610BE09F
:1018C00001980099096B884204D1FFE7009908202C
:1018D000C86100E0FFE7FFE7FFE7FFE7009805F0DA
:1018E00017FA00990020C86102B080BD00BF00BF98
:1018F00080B58AB00990089100200790089806905A
:101900000C2835D80699DFE801F00733333312335A
:1019100033331D333333280009980168C86820F435
:101920000070C8600998406AF3F746FB23E0099805
:101930000168C86820F48060C8600998806AF3F77D
:101940003BFB18E009980168C86820F40060C86093
:101950000998C06AF3F730FB0DE009980168C86880
:1019600020F48050C8600998006BF3F725FB02E073
:1019700001200790FFE70798002840F0B380FFE7B9
:101980000998006808990022FFF7AEF909980168E4
:1019900001200022C4F20102914205902DD0FFE700
:1019A00009980168012040F20042C4F2010291420C
:1019B000059022D0FFE709980168012044F2000257
:1019C000C4F201029142059017D0FFE7099801681F
:1019D000012044F20042C4F20102914205900CD071
:1019E000FFE7099800684BF60001CBF6FE7108444A
:1019F000B0FA80F040090590FFE70598C007D8B11C
:101A0000FFE7FFE709980068006A41F211110842F8
:101A100010D1FFE709980068006A40F2444108428B
:101A200007D1FFE709980168486C20F4004048643A
:101A3000FFE7FFE7FFE7FFE7FFE709980068006AB5
:101A400041F21111084210D1FFE709980068006ABD
:101A500040F24441084207D1FFE70998016808684D
:101A600020F001000860FFE7FFE7FFE7089820B9D2
:101A7000FFE709990120486433E00898042805D15C
:101A8000FFE7099901208864049028E00898082855
:101A900005D1FFE709990120C86403901CE008986C
:101AA0000C2805D1FFE7099901200865029010E094
:101AB0000898102805D1FFE7099901204865019091
:101AC00004E00999012088650190FFE701980290E0
:101AD000FFE702980390FFE703980490FFE704985C
:101AE000FFE7FFE707980AB080BD00BF00BF00BF57
:101AF00080B582B00090009818B9FFE701200190EE
:101B000035E00098006C38B9FFE700990020C86301
:101B1000009800F031F8FFE700990220086400996E
:101B200051F8040BFEF75CFB00990120C866FFE743
:101B3000009901204864009988640099C86400995C
:101B400008650099486500998865FFE7FFE70099F7
:101B50000120C86500990866009948660099886662
:101B6000FFE700990120086400200190FFE7019839
:101B700002B080BD00BF00BF81B0009001B07047CF
:101B800080B582B00190019902200864FFE70198B6
:101B90000068006A41F21111084210D1FFE7019874
:101BA0000068006A40F24441084207D1FFE701980B
:101BB0000168086820F001000860FFE7FFE7FFE721
:101BC000019800F029F801990020C866FFE7019903
:101BD00000204864019988640199C86401990865E6
:101BE0000199486501998865FFE7FFE701990020A1
:101BF000C865019908660199486601998866FFE7FA
:101C0000019900200864FFE701990020C863FFE7FD
:101C1000002002B080BD00BF81B0009001B07047CD
:101C200080B590B00E900D910D9820B9FFE70E98F9
:101C3000406C0B902FE00D98042804D1FFE70E981C
:101C4000806C0A9024E00D98082804D1FFE70E98D4
:101C5000C06C099019E00D980C2804D1FFE70E988C
:101C6000006D08900EE00D98102804D1FFE70E9843
:101C7000406D079003E00E98806D0790FFE707988E
:101C80000890FFE708980990FFE709980A90FFE796
:101C90000A980B90FFE70B98012803D0FFE701207B
:101CA0000F90EAE00D9820B9FFE70E9902204864F2
:101CB00033E00D98042805D1FFE70E9902208864CF
:101CC000069028E00D98082805D1FFE70E9902201C
:101CD000C86405901CE00D980C2805D1FFE70E990B
:101CE00002200865049010E00D98102805D1FFE748
:101CF0000E9902204865039004E00E990220886541
:101D00000390FFE703980490FFE704980590FFE72E
:101D100005980690FFE70698FFE70E9800680D9972
:101D200001220192FEF7E0FF01980E990968002256
:101D3000C4F20102914202902DD0FFE70E98016893
:101D4000012040F20042C4F201029142029022D0EE
:101D5000FFE70E980168012044F20002C4F201027C
:101D60009142029017D0FFE70E980168012044F2DB
:101D70000042C4F20102914202900CD0FFE70E989B
:101D800000684BF60001CBF6FE710844B0FA80F013
:101D900040090290FFE70298C00738B1FFE70E98AC
:101DA0000168486C40F400404864FFE70E98006802
:101DB0000021C4F2010188423CD0FFE70E98006880
:101DC000B0F1804F36D0FFE70E98006840F2004136
:101DD000C4F2000188422DD0FFE70E98006840F65B
:101DE0000001C4F20001884224D0FFE70E98006889
:101DF00040F60041C4F2000188421BD0FFE70E9874
:101E0000006840F20041C4F20101884212D0FFE7AD
:101E10000E98006841F60001C4F20001884209D022
:101E2000FFE70E98006844F20001C4F20101884205
:101E300019D1FFE70E98006880680721C0F2010100
:101E400008400C900C9806280CD0FFE70C98B0F5D1
:101E5000803F07D0FFE70E980168086840F0010056
:101E60000860FFE706E00E980168086840F001008E
:101E70000860FFE700200F90FFE70F9810B080BDCB
:101E800080B588B0079006910798006806990022EF
:101E9000FEF72AFF0798016801200022C4F2010220
:101EA000914205902DD0FFE707980168012040F28C
:101EB0000042C4F201029142059022D0FFE7079848
:101EC0000168012044F20002C4F20102914205902F
:101ED00017D0FFE707980168012044F20042C4F2DE
:101EE0000102914205900CD0FFE7079800684BF67D
:101EF0000001CBF6FE710844B0FA80F0400905906D
:101F0000FFE70598C007D8B1FFE7FFE7079800682B
:101F1000006A41F21111084210D1FFE707980068EA
:101F2000006A40F24441084207D1FFE70798016880
:101F3000486C20F400404864FFE7FFE7FFE7FFE755
:101F4000FFE707980068006A41F21111084210D1BA
:101F5000FFE707980068006A40F24441084207D151
:101F6000FFE707980168086820F001000860FFE7B4
:101F7000FFE7FFE7069820B9FFE7079901204864CB
:101F800033E00698042805D1FFE70799012088640B
:101F9000049028E00698082805D1FFE7079901205A
:101FA000C86403901CE006980C2805D1FFE7079948
:101FB00001200865029010E00698102805D1FFE77F
:101FC000079901204865019004E007990120886580
:101FD0000190FFE701980290FFE702980390FFE766
:101FE00003980490FFE70498FFE7002008B080BD45
:101FF00080B592B010900F9100200E900F9820B9EC
:10200000FFE71098406C0C902FE00F98042804D143
:10201000FFE71098806C0B9024E00F98082804D1FB
:10202000FFE71098C06C0A9019E00F980C2804D1B3
:10203000FFE71098006D09900EE00F98102804D16A
:10204000FFE71098406D089003E01098806D0890AD
:10205000FFE708980990FFE709980A90FFE70A98B8
:102060000B90FFE70B980C90FFE70C98012803D02A
:10207000FFE7012011901DE10F9820B9FFE71099AB
:102080000220486433E00F98042805D1FFE7109937
:1020900002208864079028E00F98082805D1FFE700
:1020A00010990220C86406901CE00F980C2805D1F6
:1020B000FFE7109902200865059010E00F9810289E
:1020C00005D1FFE7109902204865049004E01099BB
:1020D000022088650490FFE704980590FFE70598C3
:1020E0000690FFE706980790FFE70798FFE70F982D
:1020F00003900C2825D80399DFE801F00723232358
:102100000E232323152323231C0010980168C8687D
:1021100040F00200C86017E010980168C86840F0FD
:102120000400C86010E010980168C86840F008001A
:10213000C86009E010980168C86840F01000C860E5
:1021400002E001200E90FFE70E98002840F0AF80DB
:10215000FFE7109800680F9901220192FEF7C4FD75
:102160000198109909680022C4F20102914202907C
:102170002DD0FFE710980168012040F20042C4F220
:1021800001029142029022D0FFE7109801680120DD
:1021900044F20002C4F201029142029017D0FFE71C
:1021A00010980168012044F20042C4F201029142F9
:1021B00002900CD0FFE7109800684BF60001CBF6B8
:1021C000FE710844B0FA80F040090290FFE70298DF
:1021D000C00738B1FFE710980168486C40F4004030
:1021E0004864FFE7109800680021C4F201018842AA
:1021F0003CD0FFE710980068B0F1804F36D0FFE781
:102200001098006840F20041C4F2000188422DD0CD
:10221000FFE71098006840F60001C4F20001884210
:1022200024D0FFE71098006840F60041C4F2000196
:1022300088421BD0FFE71098006840F20041C4F2CA
:102240000101884212D0FFE71098006841F60001B2
:10225000C4F20001884209D0FFE71098006844F2F8
:102260000001C4F20101884219D1FFE7109800680B
:1022700080680721C0F2010108400D900D980628E2
:102280000CD0FFE70D98B0F5803F07D0FFE710981E
:102290000168086840F001000860FFE706E0109858
:1022A0000168086840F001000860FFE7FFE70E984A
:1022B0001190FFE7119812B080BD00BF00BF00BFB2
:1022C00080B58AB009900891002007900898069080
:1022D0000C2825D80699DFE801F0072323230E23D5
:1022E0002323152323231C0009980168C86820F0C4
:1022F0000200C86017E009980168C86820F004006F
:10230000C86010E009980168C86820F00800C8603B
:1023100009E009980168C86820F01000C86002E070
:1023200001200790FFE70798002840F0B380FFE7FF
:102330000998006808990022FEF7D6FC0998016800
:1023400001200022C4F20102914205902DD0FFE746
:1023500009980168012040F20042C4F20102914252
:10236000059022D0FFE709980168012044F200029D
:10237000C4F201029142059017D0FFE70998016865
:10238000012044F20042C4F20102914205900CD0B7
:10239000FFE7099800684BF60001CBF6FE71084490
:1023A000B0FA80F040090590FFE70598C007D8B162
:1023B000FFE7FFE709980068006A41F2111108423F
:1023C00010D1FFE709980068006A40F244410842D2
:1023D00007D1FFE709980168486C20F40040486481
:1023E000FFE7FFE7FFE7FFE7FFE709980068006AFC
:1023F00041F21111084210D1FFE709980068006A04
:1024000040F24441084207D1FFE709980168086893
:1024100020F001000860FFE7FFE7FFE7089820B918
:10242000FFE709990120486433E00898042805D1A2
:10243000FFE7099901208864049028E0089808289B
:1024400005D1FFE709990120C86403901CE00898B2
:102450000C2805D1FFE7099901200865029010E0DA
:102460000898102805D1FFE70999012048650190D7
:1024700004E00999012088650190FFE70198029026
:10248000FFE702980390FFE703980490FFE70498A2
:10249000FFE7FFE707980AB080BD00BF00BF00BF9D
:1024A00080B598B0169015911492ADF84E3000207A
:1024B0001290159820B9FFE71698406C10902FE005
:1024C0001598042804D1FFE71698806C0F9024E03B
:1024D0001598082804D1FFE71698C06C0E9019E0F3
:1024E00015980C2804D1FFE71698006D0D900EE0AA
:1024F0001598102804D1FFE71698406D0C9003E062
:102500001698806D0C90FFE70C980D90FFE70D98E2
:102510000E90FFE70E980F90FFE70F981090FFE7DF
:102520001098022803D1FFE702201790F5E11598D3
:1025300020B9FFE71698406C0B902FE015980428FF
:1025400004D1FFE71698806C0A9024E015980828BB
:1025500004D1FFE71698C06C099019E015980C2873
:1025600004D1FFE71698006D08900EE0159810282A
:1025700004D1FFE71698406D079003E01698806D30
:102580000790FFE707980890FFE708980990FFE792
:1025900009980A90FFE70A980B90FFE70B9801282B
:1025A00047D1FFE7149820B1FFE7BDF84E0018B9F6
:1025B000FFE701201790B0E1159820B9FFE71699C1
:1025C0000220486433E01598042805D1FFE71699E6
:1025D00002208864069028E01598082805D1FFE7B6
:1025E00016990220C86405901CE015980C2805D1A6
:1025F000FFE7169902200865049010E0159810284E
:1026000005D1FFE7169902204865039004E016996A
:10261000022088650390FFE703980490FFE7049881
:102620000590FFE705980690FFE70698FFE7FFE7AC
:1026300002E00120179070E1FFE7159802900C2846
:1026400000F2B2800299DFE801F007AFAFAF31AF1F
:10265000AFAF5BAFAFAF85001698416A41F2C17072
:10266000C0F6010008641698416A41F67900C0F688
:10267000010048641698416A40F66900C0F60100FE
:10268000086516980268406A14993432BDF84E30D5
:10269000F1F766FC18B1FFE7012017903DE11698AD
:1026A0000168C86840F40070C86080E01698816ACC
:1026B00041F2C170C0F6010008641698816A41F6C3
:1026C0007900C0F6010048641698816A40F66900F6
:1026D000C0F60100086516980268806A14993832BD
:1026E000BDF84E30F1F73CFC18B1FFE70120179020
:1026F00013E116980168C86840F48060C86056E02D
:102700001698C16A41F2C170C0F6010008641698BB
:10271000C16A41F67900C0F6010048641698C16AA2
:1027200040F66900C0F60100086516980268C06AA4
:1027300014993C32BDF84E30F1F712FC18B1FFE7A6
:1027400001201790E9E016980168C86840F400601D
:10275000C8602CE01698016B41F2C170C0F6010010
:1027600008641698016B41F67900C0F601004864D0
:102770001698016B40F66900C0F6010008651698CE
:102780000268006B14994032BDF84E30F1F7E8FB57
:1027900018B1FFE701201790BFE016980168C868DC
:1027A00040F48050C86002E001201290FFE71298C8
:1027B000002840F0AF80FFE71698006815990122C5
:1027C0000092FEF791FA0098169909680022C4F267
:1027D0000102914201902DD0FFE716980168012077
:1027E00040F20042C4F201029142019022D0FFE780
:1027F00016980168012044F20002C4F201029142DD
:10280000019017D0FFE716980168012044F20042BA
:10281000C4F20102914201900CD0FFE716980068C3
:102820004BF60001CBF6FE710844B0FA80F0400987
:102830000190FFE70198C00738B1FFE716980168DB
:10284000486C40F400404864FFE716980068002197
:10285000C4F2010188423CD0FFE716980068B0F14D
:10286000804F36D0FFE71698006840F20041C4F26E
:10287000000188422DD0FFE71698006840F600015D
:10288000C4F20001884224D0FFE71698006840F6A1
:102890000041C4F2000188421BD0FFE7169800688F
:1028A00040F20041C4F20101884212D0FFE71698BD
:1028B000006841F60001C4F20001884209D0FFE738
:1028C0001698006844F20001C4F20101884219D14F
:1028D000FFE71698006880680721C0F201010840F0
:1028E0001190119806280CD0FFE71198B0F5803FA1
:1028F00007D0FFE716980168086840F001000860FB
:10290000FFE706E016980168086840F001000860DB
:10291000FFE7FFE712981790FFE7179818B080BD00
:1029200080B58AB009900891002007900898069019
:102930000C2835D80699DFE801F00733333312331A
:1029400033331D333333280009980168C86820F4F5
:102950000070C8600998406AF2F72EFB23E00998DE
:102960000168C86820F48060C8600998806AF2F73E
:1029700023FB18E009980168C86820F40060C8606B
:102980000998C06AF2F718FB0DE009980168C86859
:1029900020F48050C8600998006BF2F70DFB02E04C
:1029A00001200790FFE70798002840F0B380FFE779
:1029B0000998006808990022FEF796F909980168BD
:1029C00001200022C4F20102914205902DD0FFE7C0
:1029D00009980168012040F20042C4F201029142CC
:1029E000059022D0FFE709980168012044F2000217
:1029F000C4F201029142059017D0FFE709980168DF
:102A0000012044F20042C4F20102914205900CD030
:102A1000FFE7099800684BF60001CBF6FE71084409
:102A2000B0FA80F040090590FFE70598C007D8B1DB
:102A3000FFE7FFE709980068006A41F211110842B8
:102A400010D1FFE709980068006A40F2444108424B
:102A500007D1FFE709980168486C20F400404864FA
:102A6000FFE7FFE7FFE7FFE7FFE709980068006A75
:102A700041F21111084210D1FFE709980068006A7D
:102A800040F24441084207D1FFE70998016808680D
:102A900020F001000860FFE7FFE7FFE7089820B992
:102AA000FFE709990120486433E00898042805D11C
:102AB000FFE7099901208864049028E00898082815
:102AC00005D1FFE709990120C86403901CE008982C
:102AD0000C2805D1FFE7099901200865029010E054
:102AE0000898102805D1FFE7099901204865019051
:102AF00004E00999012088650190FFE701980290A0
:102B0000FFE702980390FFE703980490FFE704981B
:102B1000FFE7FFE707980AB080BD00BF00BF00BF16
:102B200080B582B00090009818B9FFE701200190AD
:102B300035E00098006C38B9FFE700990020C863C1
:102B4000009800F031F8FFE700990220086400992E
:102B500051F8040BFDF744FB00990120C866FFE71C
:102B6000009901204864009988640099C86400991C
:102B700008650099486500998865FFE7FFE70099B7
:102B80000120C86500990866009948660099886622
:102B9000FFE700990120086400200190FFE70198F9
:102BA00002B080BD00BF00BF81B0009001B070478F
:102BB00080B582B00190019902200864FFE7019876
:102BC0000068006A41F21111084210D1FFE7019834
:102BD0000068006A40F24441084207D1FFE70198CB
:102BE0000168086820F001000860FFE7FFE7FFE7E1
:102BF000019800F029F801990020C866FFE70199C3
:102C000000204864019988640199C86401990865A5
:102C10000199486501998865FFE7FFE70199002060
:102C2000C865019908660199486601998866FFE7B9
:102C3000019900200864FFE701990020C863FFE7BD
:102C4000002002B080BD00BF81B0009001B070478D
:102C500080B594B012901191119820B9FFE71298A5
:102C6000406C0D902FE01198042804D1FFE71298D2
:102C7000806C0C9024E01198082804D1FFE712988A
:102C8000C06C0B9019E011980C2804D1FFE7129842
:102C9000006D0A900EE01198102804D1FFE71298F9
:102CA000406D099003E01298806D0990FFE7099844
:102CB0000A90FFE70A980B90FFE70B980C90FFE74C
:102CC0000C980D90FFE70D980F90119820B9FFE731
:102CD0001298C06D089019E01198042804D1FFE7FC
:102CE0001298006E07900EE01198082804D1FFE7B3
:102CF0001298406E069003E01298806E0690FFE7EF
:102D000006980790FFE707980890FFE708980E904D
:102D10000F98012804D1FFE70E98012803D0FFE7A0
:102D200001201390CAE0119820B9FFE71299022000
:102D3000486433E01198042805D1FFE71299022076
:102D40008864059028E01198082805D1FFE71299BA
:102D50000220C86404901CE011980C2805D1FFE7FC
:102D6000129902200865039010E01198102805D1EF
:102D7000FFE7129902204865029004E012990220B0
:102D800088650290FFE702980390FFE7039804909C
:102D9000FFE704980590FFE70598FFE7119820B931
:102DA000FFE712990220C8651BE01198042805D19D
:102DB000FFE7129902200866019010E01198082898
:102DC00005D1FFE7129902204866009004E01299AD
:102DD000022088660090FFE700980190FFE70198C5
:102DE000FFE71298006811990122FDF77DFF129804
:102DF00000680021C4F2010188423CD0FFE712982C
:102E00000068B0F1804F36D0FFE71298006840F2BA
:102E10000041C4F2000188422DD0FFE712980068FB
:102E200040F60001C4F20001884224D0FFE7129866
:102E3000006840F60041C4F2000188421BD0FFE761
:102E40001298006840F20041C4F20101884212D099
:102E5000FFE71298006841F60001C4F200018842C1
:102E600009D0FFE71298006844F20001C4F20101A2
:102E7000884219D1FFE71298006880680721C0F2E4
:102E8000010108401090109806280CD0FFE7109818
:102E9000B0F5803F07D0FFE712980168086840F05E
:102EA00001000860FFE706E012980168086840F03A
:102EB00001000860FFE700201390FFE7139814B0AB
:102EC00080BD00BF00BF00BF80B588B007900691ED
:102ED0000798006806990022FDF706FFFFE70798AC
:102EE0000068006A41F21111084210D1FFE707980B
:102EF0000068006A40F24441084207D1FFE70798A2
:102F00000168086820F001000860FFE7FFE7FFE7BD
:102F1000069820B9FFE707990120486433E0069836
:102F2000042805D1FFE7079901208864059028E06F
:102F30000698082805D1FFE707990120C864049086
:102F40001CE006980C2805D1FFE7079901200865C9
:102F5000039010E00698102805D1FFE7079901209B
:102F60004865029004E00799012088650290FFE718
:102F700002980390FFE703980490FFE704980590F8
:102F8000FFE70598FFE7069820B9FFE707990120BA
:102F9000C8651BE00698042805D1FFE707990120C2
:102FA0000866019010E00698082805D1FFE7079908
:102FB00001204866009004E007990120886600908F
:102FC000FFE700980190FFE70198FFE7002008B0B5
:102FD00080BD00BF00BF00BF80B596B014901391B4
:102FE00000201290139820B9FFE71498406C0E90BF
:102FF0002FE01398042804D1FFE71498806C0D90FB
:1030000024E01398082804D1FFE71498C06C0C90B2
:1030100019E013980C2804D1FFE71498006D0B9069
:103020000EE01398102804D1FFE71498406D0A9021
:1030300003E01498806D0A90FFE70A980B90FFE771
:103040000B980C90FFE70C980D90FFE70D980E90F1
:10305000FFE70E981090139820B9FFE71498C06D01
:10306000099019E01398042804D1FFE71498006E22
:1030700008900EE01398082804D1FFE71498406EDA
:10308000079003E01498806E0790FFE70798089078
:10309000FFE708980990FFE709980F90109801281A
:1030A00004D1FFE70F98012803D0FFE70120159016
:1030B000FCE0139820B9FFE714990220486433E03C
:1030C0001398042805D1FFE714990220886406901C
:1030D00028E01398082805D1FFE714990220C86456
:1030E00005901CE013980C2805D1FFE714990220E5
:1030F0000865049010E01398102805D1FFE7149993
:1031000002204865039004E014990220886503902A
:10311000FFE703980490FFE704980590FFE7059800
:103120000690FFE70698FFE7139820B9FFE7149988
:103130000220C8651BE01398042805D1FFE7149905
:1031400002200866029010E01398082805D1FFE7D6
:10315000149902204866019004E0149902208866C0
:103160000190FFE701980290FFE70298FFE71398AC
:1031700000900C2825D80099DFE801F007232323CD
:103180000E232323152323231C0014980168C868E9
:1031900040F00200C86017E014980168C86840F069
:1031A0000400C86010E014980168C86840F0080086
:1031B000C86009E014980168C86840F01000C86051
:1031C00002E001201290FFE7129800286BD1FFE780
:1031D0001498006813990122FDF786FD1498006881
:1031E0000021C4F2010188423CD0FFE71498006836
:1031F000B0F1804F36D0FFE71498006840F20041EC
:10320000C4F2000188422DD0FFE71498006840F610
:103210000001C4F20001884224D0FFE7149800683E
:1032200040F60041C4F2000188421BD0FFE7149829
:10323000006840F20041C4F20101884212D0FFE769
:103240001498006841F60001C4F20001884209D0D8
:10325000FFE71498006844F20001C4F201018842BB
:1032600019D1FFE71498006880680721C0F20101B6
:1032700008401190119806280CD0FFE71198B0F57E
:10328000803F07D0FFE714980168086840F001000C
:103290000860FFE706E014980168086840F0010044
:1032A0000860FFE7FFE712981590FFE7159816B042
:1032B00080BD00BF00BF00BF80B58AB009900891F3
:1032C00000200790089806900C2825D80699DFE87A
:1032D00001F0072323230E232323152323231C007C
:1032E00009980168C86820F00200C86017E00998D2
:1032F0000168C86820F00400C86010E009980168FF
:10330000C86820F00800C86009E009980168C8682A
:1033100020F01000C86002E001200790FFE7079846
:10332000002840F08080FFE7099800680899002293
:10333000FDF7DAFCFFE709980068006A41F2111115
:10334000084210D1FFE709980068006A40F2444142
:10335000084207D1FFE709980168086820F00100DA
:103360000860FFE7FFE7FFE7089820B9FFE7099942
:103370000120486433E00898042805D1FFE7099943
:1033800001208864059028E00898082805D1FFE707
:1033900009990120C86404901CE008980C2805D104
:1033A000FFE7099901200865039010E008981028AC
:1033B00005D1FFE7099901204865029004E00999C9
:1033C000012088650290FFE702980390FFE70398C9
:1033D0000490FFE704980590FFE70598FFE7089839
:1033E00020B9FFE709990120C8651BE00898042867
:1033F00005D1FFE7099901200866019010E00898BF
:10340000082805D1FFE7099901204866009004E0EB
:103410000999012088660090FFE700980190FFE776
:103420000198FFE7FFE707980AB080BD00BF00BF23
:1034300080B598B0169015911492ADF84E300020DA
:103440001290159820B9FFE71698406C0E902FE067
:103450001598042804D1FFE71698806C0D9024E09D
:103460001598082804D1FFE71698C06C0C9019E055
:1034700015980C2804D1FFE71698006D0B900EE00C
:103480001598102804D1FFE71698406D0A9003E0C4
:103490001698806D0A90FFE70A980B90FFE70B984B
:1034A0000C90FFE70C980D90FFE70D980E90FFE74A
:1034B0000E981090159820B9FFE71698C06D0990E6
:1034C00019E01598042804D1FFE71698006E0890BB
:1034D0000EE01598082804D1FFE71698406E079073
:1034E00003E01698806E0790FFE707980890FFE7C3
:1034F00008980990FFE709980F901098022804D0C7
:10350000FFE70F98022803D1FFE7022017909CE104
:10351000109801286ED1FFE70F9801286AD1FFE7C4
:10352000149820B1FFE7BDF84E0018B9FFE701205D
:1035300017908AE1159820B9FFE716990220486490
:1035400033E01598042805D1FFE716990220886416
:10355000069028E01598082805D1FFE71699022063
:10356000C86405901CE015980C2805D1FFE7169952
:1035700002200865049010E01598102805D1FFE797
:10358000169902204865039004E016990220886588
:103590000390FFE703980490FFE704980590FFE786
:1035A00005980690FFE70698FFE7159820B9FFE712
:1035B00016990220C8651BE01598042805D1FFE77D
:1035C000169902200866029010E01598082805D187
:1035D000FFE7169902204866019004E01699022040
:1035E00088660190FFE701980290FFE70298FFE7E5
:1035F000FFE702E00120179027E1FFE71698006837
:1036000015990122FDF770FB159800900C2800F227
:10361000B2800099DFE801F007AFAFAF31AFAFAFD5
:103620005BAFAFAF85001698416A43F65100C0F614
:10363000010008641698416A43F61910C0F60100AB
:1036400048641698416A40F66900C0F601000865B2
:1036500016980168406A3431149ABDF84E30F0F77C
:103660007FFC18B1FFE701201790EEE01698016883
:10367000C86840F40070C86080E01698816A43F61C
:103680005100C0F6010008641698816A43F61910CB
:10369000C0F6010048641698816A40F66900C0F6D9
:1036A0000100086516980168806A3831149ABDF8DF
:1036B0004E30F0F755FC18B1FFE701201790C4E039
:1036C00016980168C86840F48060C86056E0169893
:1036D000C16A43F65100C0F6010008641698C16A39
:1036E00043F61910C0F6010048641698C16A40F606
:1036F0006900C0F60100086516980168C06A3C318F
:10370000149ABDF84E30F0F72BFC18B1FFE70120FA
:1037100017909AE016980168C86840F40060C86085
:103720002CE01698016B43F65100C0F601000864C6
:103730001698016B43F61910C0F6010048641698FC
:10374000016B40F66900C0F6010008651698016833
:10375000006B4031149ABDF84E30F0F701FC18B1FF
:10376000FFE70120179070E016980168C86840F4E0
:103770008050C86002E001201290FFE716980068B0
:103780000021C4F2010188423CD0FFE7169800688E
:10379000B0F1804F36D0FFE71698006840F2004144
:1037A000C4F2000188422DD0FFE71698006840F669
:1037B0000001C4F20001884224D0FFE71698006897
:1037C00040F60041C4F2000188421BD0FFE7169882
:1037D000006840F20041C4F20101884212D0FFE7C4
:1037E0001698006841F60001C4F20001884209D031
:1037F000FFE71698006844F20001C4F20101884214
:1038000019D1FFE71698006880680721C0F201010E
:1038100008401190119806280CD0FFE71198B0F5D8
:10382000803F07D0FFE716980168086840F0010064
:103830000860FFE706E016980168086840F001009C
:103840000860FFE712981790FFE7179818B080BD3F
:1038500080B582B001900198C06B009001980099EA
:10386000496A88420ED1FFE700990120C86101989A
:10387000C06930B9FFE70099012048640099C86524
:10388000FFE73FE001980099896A88420ED1FFE77F
:1038900000990220C8610198C06930B9FFE700991A
:1038A0000120886400990866FFE72AE001980099E2
:1038B000C96A88420ED1FFE700990420C8610198C7
:1038C000C06930B9FFE700990120C86400994866D3
:1038D000FFE715E001980099096B88420ED1FFE7D8
:1038E00000990820C8610198C06930B9FFE70099C4
:1038F0000120086500998866FFE700E0FFE7FFE721
:10390000FFE7FFE7009801F0EBFA00990020C8619B
:1039100002B080BD00BF00BF80B582B001900198A9
:10392000C06B009001980099496A884204D1FFE772
:1039300000990120C86121E001980099896A8842B4
:1039400004D1FFE700990220C86116E001980099B0
:10395000C96A884204D1FFE700990420C8610BE0DE
:1039600001980099096B884204D1FFE7009908206B
:10397000C86100E0FFE7FFE7FFE7FFE7009803F01B
:10398000C3F900990020C86102B080BD00BF00BF2C
:1039900080B58AB0099008910022079209980068C2
:1039A0000899FDF7A1F9089806900C2835D80699D2
:1039B000DFE801F007333333123333331D3333334E
:1039C000280009980168C86820F40070C860099848
:1039D000406AF1F7F1FA23E009980168C86820F419
:1039E0008060C8600998806AF1F7E6FA18E00998E3
:1039F0000168C86820F40060C8600998C06AF1F7DF
:103A0000DBFA0DE009980168C86820F48050C860AE
:103A10000998006BF1F7D0FA02E001200790FFE768
:103A20000798002879D1FFE7FFE709980068006A46
:103A300041F21111084210D1FFE709980068006AAD
:103A400040F24441084207D1FFE70998016808683D
:103A500020F001000860FFE7FFE7FFE7089820B9C2
:103A6000FFE709990120486433E00898042805D14C
:103A7000FFE7099901208864059028E00898082844
:103A800005D1FFE709990120C86404901CE008985B
:103A90000C2805D1FFE7099901200865039010E083
:103AA0000898102805D1FFE7099901204865029080
:103AB00004E00999012088650290FFE702980390CD
:103AC000FFE703980490FFE704980590FFE7059847
:103AD000FFE7089820B9FFE709990120C8651BE0B6
:103AE0000898042805D1FFE709990120086601908C
:103AF00010E00898082805D1FFE7099901204866D9
:103B0000009004E00999012088660090FFE7009882
:103B10000190FFE70198FFE7FFE707980AB080BD33
:103B200080B584B002900191029818B9FFE7012096
:103B300003902EE00298006C38B9FFE7029900204C
:103B4000C863029800F028F8FFE702990220086491
:103B5000029951F8040BFCF743FB029801680868CE
:103B600020F008000860019A029801680868104374
:103B7000086002990120C866029948640299886425
:103B80000299C865029908660299086400200390AA
:103B9000FFE7039804B080BD81B0009001B070478A
:103BA00080B582B00190019902200864FFE7019876
:103BB0000068006A41F21111084210D1FFE7019834
:103BC0000068006A40F24441084207D1FFE70198CB
:103BD0000168086820F001000860FFE7FFE7FFE7E1
:103BE000019800F015F801990020C8660199486411
:103BF000019988640199C86501990866019908646A
:103C0000FFE701990020C863FFE7002002B080BDF4
:103C100081B0009001B0704780B58AB008900791DC
:103C20000898406C06900898806C05900898C06DC4
:103C300004900898006E0390069801280CD1FFE7C5
:103C40000598012808D1FFE70498012804D1FFE76F
:103C50000398012803D0FFE7012009905AE0089952
:103C600002204864089988640899C865089908661C
:103C700008980068002101220192FDF735F8019AA9
:103C8000089800680421FDF72FF801980899096841
:103C90000022C4F20102914202902DD0FFE7089861
:103CA0000168012040F20042C4F2010291420290F8
:103CB00022D0FFE708980168012044F20002C4F214
:103CC00001029142029017D0FFE708980168012095
:103CD00044F20042C4F20102914202900CD0FFE78C
:103CE000089800684BF60001CBF6FE710844B0FA64
:103CF00080F040090290FFE70298C00738B1FFE763
:103D000008980168486C40F400404864FFE70020D0
:103D10000990FFE709980AB080BD00BF00BF00BF4F
:103D200080B584B00390029103980068002200924D
:103D30001146FCF7D9FF009A039800680421FCF7AC
:103D4000D3FF0398016801200022C4F201029142CE
:103D500001902DD0FFE703980168012040F2004256
:103D6000C4F201029142019022D0FFE7039801685A
:103D7000012044F20002C4F201029142019017D0E6
:103D8000FFE703980168012044F20042C4F20102F7
:103D9000914201900CD0FFE7039800684BF60001B8
:103DA000CBF6FE710844B0FA80F040090190FFE7BD
:103DB0000198C007D8B1FFE7FFE703980068006AE1
:103DC00041F21111084210D1FFE703980068006A20
:103DD00040F24441084207D1FFE703980168486C6C
:103DE00020F400404864FFE7FFE7FFE7FFE7FFE755
:103DF00003980068006A41F21111084210D1FFE7F0
:103E000003980068006A40F24441084207D1FFE786
:103E100003980168086820F001000860FFE7FFE7E9
:103E2000FFE7039901204864039988640399C865F2
:103E300003990866002004B080BD00BF00BF00BF2A
:103E400080B58AB0089007910898406C0690089851
:103E5000806C05900898C06D04900898006E0390DF
:103E6000069801280CD1FFE70598012808D1FFE743
:103E70000498012804D1FFE70398012803D0FFE745
:103E80000120099066E00899022048640899886436
:103E90000899C8650899086608980168C86840F0DC
:103EA0000200C86008980168C86840F00400C86053
:103EB00008980068002101220192FCF715FF019A81
:103EC000089800680421FCF70FFF01980899096819
:103ED0000022C4F20102914202902DD0FFE708981F
:103EE0000168012040F20042C4F2010291420290B6
:103EF00022D0FFE708980168012044F20002C4F2D2
:103F000001029142029017D0FFE708980168012052
:103F100044F20042C4F20102914202900CD0FFE749
:103F2000089800684BF60001CBF6FE710844B0FA21
:103F300080F040090290FFE70298C00738B1FFE720
:103F400008980168486C40F400404864FFE700208E
:103F50000990FFE709980AB080BD00BF00BF00BF0D
:103F600080B584B00390029103980168C86820F07E
:103F70000200C86003980168C86820F00400C860A7
:103F800003980068002200921146FCF7ADFE009AEB
:103F9000039800680421FCF7A7FE0398016801203C
:103FA0000022C4F20102914201902DD0FFE7039854
:103FB0000168012040F20042C4F2010291420190E6
:103FC00022D0FFE703980168012044F20002C4F206
:103FD00001029142019017D0FFE703980168012088
:103FE00044F20042C4F20102914201900CD0FFE77A
:103FF000039800684BF60001CBF6FE710844B0FA56
:1040000080F040090190FFE70198C007D8B1FFE7B1
:10401000FFE703980068006A41F21111084210D1CD
:10402000FFE703980068006A40F24441084207D164
:10403000FFE703980168486C20F400404864FFE7FC
:10404000FFE7FFE7FFE7FFE703980068006A41F238
:104050001111084210D1FFE703980068006A40F28E
:104060004441084207D1FFE703980168086820F03F
:1040700001000860FFE7FFE7FFE7039901204864BC
:10408000039988640399C86503990866002004B001
:1040900080BD00BF00BF00BF80B586B00490039113
:1040A000049818B9FFE70120059080E00498006C9F
:1040B00038B9FFE704990020C8630498ECF738FE8C
:1040C000FFE70499022008640498016888684BF6A9
:1040D000F872CFF6FE7210408860049951F8040B14
:1040E000FCF77EF8049800688068029004980068E5
:1040F0008069019004980068006A00900398016844
:10410000029808430290019840F2033188430190DD
:1041100003998868896940EA012101980843019060
:10412000019840F60C418843019001984FF2F0014C
:10413000884301900399C868C96940EA0121019840
:104140000843019003990869096A000140EA0131B6
:10415000019808430190009820F0220000900098F8
:1041600020F08800009003994868496940EA0111ED
:1041700000980843009002980499096888600198A3
:10418000049909688861009804990968086204998B
:104190000120C86604994864049988640499C86534
:1041A000049908660499086400200590FFE70598C3
:1041B00006B080BD00BF00BF81B0009001B0704765
:1041C00080B582B00190019902200864FFE7019850
:1041D0000068006A41F21111084210D1FFE701980E
:1041E0000068006A40F24441084207D1FFE70198A5
:1041F0000168086820F001000860FFE7FFE7FFE7BB
:104200000198ECF7D5FD01990020C8660199486432
:10421000019988640199C865019908660199086443
:10422000FFE701990020C863FFE7002002B080BDCE
:1042300081B0009001B0704780B58AB008900791B6
:104240000898406C06900898806C05900898C06D9E
:1042500004900898006E0390079890B9FFE70698BD
:10426000012804D1FFE70498012803D0FFE70120CB
:10427000099068E00899022048640899C865FFE73A
:1042800034E00798042812D1FFE70598012804D1EB
:10429000FFE70398012803D0FFE70120099052E0CF
:1042A00008990220886408990866FFE71DE00698CF
:1042B00001280CD1FFE70598012808D1FFE70498F1
:1042C000012804D1FFE70398012803D0FFE701206C
:1042D000099038E008990220486408998864089990
:1042E000C86508990866FFE7FFE7FFE707980290AF
:1042F00020B1FFE70298042807D00DE00898006875
:1043000000210122FCF7F0FC14E008980068042169
:104310000122FCF7E9FC0DE0089800680021012269
:104320000192FCF7E1FC019A089800680421FCF76F
:10433000DBFCFFE708980168086840F001000860AE
:1043400000200990FFE709980AB080BD00BF00BFB8
:1043500080B58AB0099008910898079020B1FFE7CE
:104360000798042807D00DE009980068002211463C
:10437000FCF7BAFC14E00998006804210022FCF75D
:10438000B3FC0DE009980068002206921146FCF784
:10439000ABFC069A099800680421FCF7A5FCFFE72E
:1043A000FFE709980068006A41F21111084210D134
:1043B000FFE709980068006A40F24441084207D1CB
:1043C000FFE709980168086820F001000860FFE72E
:1043D000FFE7FFE7089820B1FFE7089804285FD1BE
:1043E000FFE7089820B9FFE709990120486433E006
:1043F0000898042805D1FFE70999012088640590F1
:1044000028E00898082805D1FFE709990120C86429
:1044100004901CE008980C2805D1FFE709990120B9
:104420000865039010E00898102805D1FFE7099966
:1044300001204865029004E00999012088650290F6
:10444000FFE702980390FFE703980490FFE70498C2
:104450000590FFE70598FFE7089820B9FFE709995D
:104460000120C8651BE00898042805D1FFE70999D9
:1044700001200866019010E00898082805D1FFE7A0
:10448000099901204866009004E009990120886696
:104490000090FFE700980190FFE70198FFE709E02F
:1044A000099901204864099988640999C86509999E
:1044B0000866FFE700200AB080BD00BF00BF00BF54
:1044C00080B58AB0089007910898406C06900898CB
:1044D000806C05900898C06D04900898006E039059
:1044E000079890B9FFE70698012804D1FFE70498E0
:1044F000012803D0FFE70120099080E008990220FD
:1045000048640899C865FFE734E00798042812D189
:10451000FFE70598012804D1FFE70398012803D09D
:10452000FFE7012009906AE0089902208864089951
:104530000866FFE71DE0069801280CD1FFE7059803
:10454000012808D1FFE70498012804D1FFE7039868
:10455000012803D0FFE70120099050E008990220CC
:104560004864089988640899C86508990866FFE74F
:10457000FFE7FFE70798029020B1FFE702980428C1
:104580000DD019E00898006800210122FCF7ACFB6F
:1045900008980168C86840F00200C86026E00898E2
:1045A000006804210122FCF79FFB08980168C86895
:1045B00040F00400C86019E008980068002101225A
:1045C0000192FCF791FB019A089800680421FCF71E
:1045D0008BFB08980168C86840F00200C860089822
:1045E0000168C86840F00400C860FFE708980168E7
:1045F000086840F00100086000200990FFE7099872
:104600000AB080BD00BF00BF80B58AB00990089194
:10461000089868B9FFE70998006800221146FCF77E
:1046200063FB09980168C86820F00200C8602BE0AD
:10463000089804280DD1FFE709980068042100229A
:10464000FCF752FB09980168C86820F00400C860B4
:1046500019E009980068002207921146FCF744FB14
:10466000079A099800680421FCF73EFB0998016845
:10467000C86820F00200C86009980168C86820F086
:104680000400C860FFE7FFE7FFE709980068006AD9
:1046900041F21111084210D1FFE709980068006A41
:1046A00040F24441084207D1FFE7099801680868D1
:1046B00020F001000860FFE7FFE7FFE7089820B15E
:1046C000FFE7089804285FD1FFE7089820B9FFE7C3
:1046D00009990120486433E00898042805D1FFE7D0
:1046E000099901208864069028E00898082805D1D7
:1046F000FFE709990120C86405901CE008980C2880
:1047000005D1FFE7099901200865049010E0089899
:10471000102805D1FFE7099901204865039004E0BE
:104720000999012088650390FFE703980490FFE74B
:1047300004980590FFE705980690FFE70698FFE7C5
:10474000089820B9FFE709990120C8651BE008987F
:10475000042805D1FFE7099901200866029010E0BE
:104760000898082805D1FFE70999012048660190BB
:1047700004E00999012088660190FFE70198029002
:10478000FFE70298FFE709E00999012048640999C9
:1047900088640999C86509990866FFE700200AB08E
:1047A00080BD00BF00BF00BF80B58CB084460E98AE
:1047B000CDF828C0099108920793ADF81A000A981D
:1047C000406C05900A98806C04900A98C06D039024
:1047D0000A98006E0290099848BBFFE705980228E6
:1047E00004D0FFE70398022803D1FFE702200B90D3
:1047F00068E10598012815D1FFE70398012811D138
:10480000FFE7089820B1FFE7BDF81A0018B9FFE7E5
:1048100001200B9056E10A99022048640A99C86564
:10482000FFE702E001200B904CE1FFE76DE0099803
:10483000042829D1FFE70498022804D0FFE7029852
:10484000022803D1FFE702200B903BE104980128E6
:1048500015D1FFE70298012811D1FFE7079820B191
:10486000FFE7BDF81A0018B9FFE701200B9029E116
:104870000A99022088640A990866FFE702E001208D
:104880000B901FE1FFE73FE0059802280CD0FFE7FF
:104890000498022808D0FFE70398022804D0FFE715
:1048A0000298022803D1FFE702200B900AE1059845
:1048B000012824D1FFE70498012820D1FFE70398BD
:1048C00001281CD1FFE70298012818D1FFE70898BA
:1048D00038B1FFE7079820B1FFE7BDF81A0018B913
:1048E000FFE701200B90EDE00A99022048640A9945
:1048F00088640A99C8650A990866FFE702E0012002
:104900000B90DFE0FFE7FFE7FFE70998019020B198
:10491000FFE70198042836D06BE00A98416A43F615
:104920005100C0F6010008640A98416A43F6191064
:10493000C0F6010048640A98416A40F66900C0F672
:10494000010008650A980168406A3431089ABDF888
:104950001A30EFF705FB18B1FFE701200B90B1E02B
:104960000A980168C86840F40070C8600A98006836
:1049700000210122FCF7B8F90A980168086840F0A4
:10498000010008609BE00A98816A43F65100C0F676
:10499000010008640A98816A43F61910C0F6010004
:1049A00048640A98816A40F66900C0F6010008650B
:1049B0000A980168806A3831079ABDF81A30EFF713
:1049C000CFFA18B1FFE701200B907BE00A9801684D
:1049D000C86840F48060C8600A9800680421012219
:1049E000FCF782F90A980168086840F00100086045
:1049F00065E00A98416A43F65100C0F60100086478
:104A00000A98416A43F61910C0F6010048640A98F2
:104A1000416A40F66900C0F6010008650A9801681D
:104A2000406A3431089ABDF81A30EFF799FA18B194
:104A3000FFE701200B9045E00A98816A43F6510098
:104A4000C0F6010008640A98816A43F61910C0F69E
:104A5000010048640A98816A40F66900C0F60100C6
:104A600008650A980168806A3831079ABDF81A30DB
:104A7000EFF776FA18B1FFE701200B9022E00A98D1
:104A80000168C86840F40070C8600A980168C86886
:104A900040F48060C8600A980068002101220092FA
:104AA000FCF722F9009A0A9800680421FCF71CF927
:104AB0000A980168086840F001000860FFE70020DC
:104AC0000B90FFE70B980CB080BD00BF00BF00BF8C
:104AD00080B58AB009900891089888B9FFE70998CD
:104AE000006800221146FCF7FFF809980168C868C1
:104AF00020F40070C8600998406AF0F75DFA37E06A
:104B00000898042811D1FFE70998006804210022C1
:104B1000FCF7EAF809980168C86820F48060C8606A
:104B20000998806AF0F748FA21E0099800680022A5
:104B300007921146FCF7D8F8079A099800680421F3
:104B4000FCF7D2F809980168C86820F40070C860C2
:104B500009980168C86820F48060C8600998406AB4
:104B6000F0F72AFA0998806AF0F726FAFFE7FFE7DC
:104B7000FFE709980068006A41F21111084210D15C
:104B8000FFE709980068006A40F24441084207D1F3
:104B9000FFE709980168086820F001000860FFE756
:104BA000FFE7FFE7089820B1FFE7089804285FD1E6
:104BB000FFE7089820B9FFE709990120486433E02E
:104BC0000898042805D1FFE7099901208864069018
:104BD00028E00898082805D1FFE709990120C86452
:104BE00005901CE008980C2805D1FFE709990120E1
:104BF0000865049010E00898102805D1FFE709998E
:104C000001204865039004E009990120886503901C
:104C1000FFE703980490FFE704980590FFE70598E5
:104C20000690FFE70698FFE7089820B9FFE7099983
:104C30000120C8651BE00898042805D1FFE7099901
:104C400001200866029010E00898082805D1FFE7C7
:104C5000099901204866019004E0099901208866BD
:104C60000190FFE701980290FFE70298FFE709E053
:104C7000099901204864099988640999C8650999C6
:104C80000866FFE700200AB080BD00BF00BF00BF7C
:104C900080B584B0039003980068C06802900398C0
:104CA0000068006901909DF804008007002824D561
:104CB000FFE79DF80800800700281DD5FFE703984F
:104CC00001686FF00200086103990120C861039830
:104CD00000688069800720B1FFE7039800F000F9C1
:104CE00006E0039800F000F9039800F001F9FFE7EF
:104CF00003990020C861FFE7FFE79DF80400400723
:104D0000002825D5FFE79DF80800400700281ED59C
:104D1000FFE7039801686FF004000861039902201F
:104D2000C86103980068806910F4407F04D0FFE7F1
:104D3000039800F0D5F806E0039800F0D5F8039842
:104D400000F0D6F8FFE703990020C861FFE7FFE70E
:104D50009DF804000007002824D5FFE79DF808000F
:104D6000000700281DD5FFE7039801686FF00800D1
:104D7000086103990420C86103980068C06980072E
:104D800020B1FFE7039800F0ABF806E0039800F0CD
:104D9000ABF8039800F0ACF8FFE703990020C86176
:104DA000FFE7FFE79DF80400C006002825D5FFE7D0
:104DB0009DF80800C00600281ED5FFE7039801688B
:104DC0006FF01000086103990820C861039800681B
:104DD000C06910F4407F04D0FFE7039800F080F82A
:104DE00006E0039800F080F8039800F081F8FFE7F0
:104DF00003990020C861FFE7FFE79DF80400C007A2
:104E000078B1FFE79DF80800C00748B1FFE70398B5
:104E100001686FF001000861039800F06DF8FFE78A
:104E2000FFE7019800F08000802806D0FFE79DF89A
:104E300005008006002810D5FFE79DF80800000651
:104E4000002809D5FFE7039801686FF40250086154
:104E5000039804F05DFBFFE7FFE79DF80500C0073E
:104E600080B1FFE79DF808000006002809D5FFE79C
:104E7000039801686FF480700861039804F04CFB9C
:104E8000FFE7FFE79DF804004006002810D5FFE784
:104E90009DF808004006002809D5FFE7039801683F
:104EA0006FF040000861039800F02AF8FFE7FFE781
:104EB0009DF804008006002810D5FFE79DF8080043
:104EC0008006002809D5FFE7039801686FF02000ED
:104ED0000861039804F014FBFFE7FFE704B080BD0E
:104EE00081B0009001B0704781B0009001B0704770
:104EF00081B0009001B0704781B0009001B0704760
:104F000081B0009001B0704780B586B004900391E5
:104F1000029200200190FFE70498C06B012803D1A2
:104F2000FFE70220059045E004990120C863FFE7F0
:104F3000FFE702980090142831D80099DFE801F0CB
:104F40000B2F2F2F112F2F2F172F2F2F1D2F2F2FDD
:104F5000232F2F2F290004980068039900F030F8C0
:104F600020E004980068039900F0D2F81AE0049851
:104F70000068039900F084F914E00498006803992C
:104F800000F036FA0EE004980068039900F0A0FAE9
:104F900008E004980068039900F002FB02E0012099
:104FA0000190FFE7FFE704990020C863FFE701983D
:104FB0000590FFE7059806B080BD00BF00BF00BFA9
:104FC00085B0049003910498006A01900499086ADE
:104FD00020F00100086204984068009004988069FD
:104FE000029002984FF68F71CFF6FE710840029042
:104FF000029820F003000290039801680298084389
:105000000290019820F002000190039881680198B5
:105010000843019004980021C4F20101884220D085
:10502000FFE7049840F20041C4F20101884218D021
:10503000FFE7049844F20001C4F20101884210D055
:10504000FFE7049844F20041C4F20101884208D00D
:10505000FFE7049844F60001C4F2010188420ED132
:10506000FFE7019820F0080001900398C1680198BB
:1050700008430190019820F004000190FFE7049894
:105080000021C4F20101884220D0FFE7049840F2D9
:105090000041C4F20101884218D0FFE7049844F2AD
:1050A0000001C4F20101884210D0FFE7049844F2E5
:1050B0000041C4F20101884208D0FFE7049844F699
:1050C0000001C4F20101884213D1FFE7009820F4E7
:1050D00080700090009820F400700090039841695F
:1050E0000098084300900398816900980843009055
:1050F000FFE7009804994860029804998861039832
:1051000040680499486301980499086205B07047A3
:1051100085B0049003910498006A01900499086A8C
:1051200020F010000862049840680090049880699C
:105130000290029848F6FF71CFF6FF610840029096
:10514000029820F44070029003980168029840EAA7
:1051500001200290019820F02000019003988168BE
:10516000019840EA0110019004980021C4F2010165
:10517000884229D0FFE7049840F20041C4F20101BF
:10518000884221D0FFE7049844F20001C4F20101F3
:10519000884203D1FFE70020B0B9FFE7049844F24A
:1051A0000041C4F20101884203D1FFE7002058B951
:1051B000FFE7049844F60001C4F20101884212D1CD
:1051C000FFE7012078B9FFE7019820F08000019007
:1051D0000398C168019840EA01100190019820F0FD
:1051E00040000190FFE704980021C4F201018842C9
:1051F00020D0FFE7049840F20041C4F20101884248
:1052000018D0FFE7049844F20001C4F2010188427B
:1052100010D0FFE7049844F20041C4F20101884233
:1052200008D0FFE7049844F60001C4F20101884267
:1052300015D1FFE7009820F480600090009820F4DA
:105240000060009003984169009840EA8100009056
:1052500003988169009840EA81000090FFE7009878
:1052600004994860029804998861039840680499F9
:10527000886301980499086205B0704700BF00BFB9
:1052800085B0049003910498006A01900499086A1B
:1052900020F4807008620498406800900498C06907
:1052A000029002984FF68F71CFF6FE71084002907F
:1052B000029820F0030002900398016802980843C6
:1052C0000290019820F40070019003988168019881
:1052D00040EA0120019004980021C4F201018842B3
:1052E00029D0FFE7049840F20041C4F2010188424E
:1052F00021D0FFE7049844F20001C4F20101884282
:1053000003D1FFE70020B0B9FFE7049844F2004161
:10531000C4F20101884203D1FFE7002058B9FFE73A
:10532000049844F60001C4F20101884212D1FFE75B
:10533000012078B9FFE7019820F4006001900398FC
:10534000C168019840EA01200190019820F4806032
:105350000190FFE704980021C4F20101884220D0A7
:10536000FFE7049840F20041C4F20101884218D0DE
:10537000FFE7049844F20001C4F20101884210D012
:10538000FFE7049844F20041C4F20101884208D0CA
:10539000FFE7049844F60001C4F20101884215D1E8
:1053A000FFE7009820F480500090009820F400500F
:1053B000009003984169009840EA0110009003981A
:1053C0008169009840EA01100090FFE70098049975
:1053D000486002980499C861039840680499C863BA
:1053E00001980499086205B0704700BF00BF00BF74
:1053F00085B0049003910498006A01900499086AAA
:1054000020F4805008620498406800900498C069B5
:105410000290029848F6FF71CFF6FF6108400290B3
:10542000029820F44070029003980168029840EAC4
:1054300001200290019820F40050019003988168A7
:10544000019840EA0130019004980021C4F2010162
:10545000884220D0FFE7049840F20041C4F20101E5
:10546000884218D0FFE7049844F20001C4F2010119
:10547000884210D0FFE7049844F20041C4F20101D1
:10548000884208D0FFE7049844F60001C4F2010105
:1054900088420BD1FFE7009820F4804000900398E9
:1054A0004169009840EA81100090FFE70098049954
:1054B000486002980499C861039840680499086498
:1054C00001980499086205B0704700BF00BF00BF93
:1054D00085B0049003910498006A01900499086AC9
:1054E00020F4803008620498406800900498406D71
:1054F000029002984FF68F71CFF6FE71084002902D
:1055000003980168029808430290019820F4003043
:10551000019003988168019840EA01400190049845
:105520000021C4F20101884220D0FFE7049840F234
:105530000041C4F20101884218D0FFE7049844F208
:105540000001C4F20101884210D0FFE7049844F240
:105550000041C4F20101884208D0FFE7049844F6F4
:105560000001C4F2010188420BD1FFE7009820F44A
:105570008030009003984169009840EA0120009033
:10558000FFE70098049948600298049948650398D9
:1055900040680499886501980499086205B07047CD
:1055A00085B0049003910498006A01900499086AF8
:1055B00020F4801008620498406800900498406DC0
:1055C0000290029848F6FF71CFF6FF610840029002
:1055D00003980168029840EA01200290019820F4A3
:1055E0000010019003988168019840EA01500190F1
:1055F00004980021C4F20101884220D0FFE70498FA
:1056000040F20041C4F20101884218D0FFE704983B
:1056100044F20001C4F20101884210D0FFE704986F
:1056200044F20041C4F20101884208D0FFE7049827
:1056300044F60001C4F2010188420BD1FFE7009853
:1056400020F48020009003984169009840EA81206E
:105650000090FFE700980499486002980499486513
:10566000039840680499C86501980499086205B0D8
:10567000704700BF00BF00BF80B586B004900391A3
:10568000029200200190FFE70498C06B012803D12B
:10569000FFE7022005907BE004990120C863FFE743
:1056A000FFE70298B0B9FFE704980068039B196808
:1056B0005A68DB6800F070F804980168886920F087
:1056C0000C00886103988268049801688869104317
:1056D000886155E00298042817D1FFE70498006814
:1056E000039B19685A68DB6800F0E2F804980168C7
:1056F000886920F440608861039882680498016892
:10570000886940EA0220886139E00298082816D1A9
:10571000FFE704980068039B19685A68DB6800F08B
:10572000FFF804980168C86920F00C00C86103986C
:10573000826804980168C8691043C8611EE0029835
:105740000C2817D1FFE704980068039B19685A6872
:10575000DB6800F01DF904980168C86920F4406016
:10576000C8610398826804980168C86940EA022009
:10577000C86102E001200190FFE7FFE7FFE7FFE7D4
:10578000FFE704990020C863FFE701980590FFE751
:10579000059806B080BD00BF87B0069005910492C1
:1057A00003930698006A01900699086A20F00100A8
:1057B0000862069880690290069901200022C4F2CE
:1057C00001029142009044D0FFE706990120B1F117
:1057D000804F00903DD0FFE70699012040F2004243
:1057E000C4F200029142009033D0FFE706990120F5
:1057F00040F60002C4F200029142009029D0FFE777
:105800000699012040F60042C4F200029142009045
:105810001FD0FFE70699012040F20042C4F20102C6
:105820009142009015D0FFE70699012041F6000251
:10583000C4F20002914200900BD0FFE706984CF2B0
:105840000001CBF6FE710844B0FA80F040090090E8
:10585000FFE70098C00748B1FFE7029820F0030077
:105860000290049902980843029004E0029840F0E4
:1058700001000290FFE7029820F0F00002900398E8
:105880000001C1B2029808430290019820F00A007A
:105890000190059800F00A010198084301900298D0
:1058A0000699886101980699086207B0704700BFA1
:1058B00086B005900491039202930598006A0090C7
:1058C0000599086A20F01000086205988069019027
:1058D000019820F4407001900399019840EA01205A
:1058E0000190019820F4704001900298000381B269
:1058F000019808430190009820F0A00000900498BF
:1059000000F00A01009840EA011000900198059902
:10591000886100980599086206B0704700BF00BF13
:1059200086B005900491039202930598006A009056
:105930000599086A20F4807008620598C069019092
:10594000019820F003000190039901980843019009
:10595000019820F0F000019002980001C1B2019876
:1059600008430190009820F420600090049800F013
:105970000A01009840EA0120009001980599C86149
:1059800000980599086206B0704700BF00BF00BFCD
:1059900086B005900491039202930598006A0090E6
:1059A0000599086A20F4805008620598C069019042
:1059B000019820F4407001900399019840EA012079
:1059C0000190019820F4704001900298000381B288
:1059D000019808430190009820F42040009004981A
:1059E00000F00A01009840EA013000900198059902
:1059F000C86100980599086206B0704700BF00BFF3
:105A000080B586B004900391029200200190FFE7D8
:105A10000498C06B012803D1FFE702200590BBE08A
:105A200004990120C863FFE7FFE70298009014285B
:105A300000F2A7800099DFE801F00BA4A4A424A43D
:105A4000A4A43EA4A4A457A4A4A471A4A4A48A00BA
:105A5000049800680399FFF7B3FA0498016888690D
:105A600040F00800886104980168886920F004000B
:105A70008861039802690498016888691043886105
:105A800082E0049800680399FFF742FB04980168DC
:105A9000886940F40060886104980168886920F48E
:105AA000806088610398026904980168886940EA07
:105AB0000220886168E0049800680399FFF7E0FB22
:105AC00004980168C86940F00800C861049801683A
:105AD000C86920F00400C86103980269049801684D
:105AE000C8691043C8614FE0049800680399FFF744
:105AF0007FFC04980168C86940F40060C86104989C
:105B00000168C86920F48060C8610398026904983C
:105B10000168C86940EA0220C86135E0049800685D
:105B20000399FFF7D5FC04980168486D40F0080020
:105B3000486504980168486D20F0040048650398A2
:105B4000026904980168486D104348651CE0049898
:105B500000680399FFF724FD04980168486D40F43C
:105B60000060486504980168486D20F480604865CD
:105B70000398026904980168486D40EA022048656C
:105B800002E001200190FFE7FFE704990020C863CD
:105B9000FFE701980590FFE7059806B080BD00BFBC
:105BA00080B590B00E900D910C920B9300200A904E
:105BB0000C980B99884200F0B080FFE7FFE70E9841
:105BC000C06B012803D1FFE702200F90A8E00E99D7
:105BD0000120C863FFE7FFE70E99022008640D98D3
:105BE000006803900D98406804900D9880680590B7
:105BF0000D98C06806900D98006908900D9840694E
:105C000009900C98029020B1FFE70298042806D072
:105C10000BE00E98006803A9FFF7D2F908E00E9890
:105C2000006803A9FFF774FA02E001200A90FFE779
:105C30000A98002866D1FFE70B98019020B1FFE792
:105C4000019804282DD059E00E9800680D9B9969A1
:105C5000DA691B6AFFF7A0FD0E980168886920F0D9
:105C60000C0088610E98016888684FF68F72CFF635
:105C7000CF72104088600E980168886840F050002C
:105C800088600E98016888684FF6F872CFF6FE7249
:105C9000104088600E980168886840F006008860AF
:105CA0002FE00E9800680D9B9969DA691B6AFFF76F
:105CB000FFFD0E980168886920F4406088610E98A5
:105CC000016888684FF68F72CFF6CF7210408860F7
:105CD0000E980168886840F0600088600E9801683E
:105CE00088684FF6F872CFF6FE72104088600E9802
:105CF0000168886840F00600886002E001200A9090
:105D0000FFE7FFE70E9901200864FFE70E990020E6
:105D1000C863FFE70A980F9002E001200F90FFE7A9
:105D20000F9810B080BD00BF10B588B0DDF828C056
:105D3000079006910592049307980699059A049B8B
:105D4000DDF828C04FF0010E0EEB1C24EE46CEF815
:105D50000440CEF800C000F007F80390039808B0A4
:105D600010BD00BF00BF00BF80B588B0DDF82CC0FB
:105D7000DDF828C00690059104920393002002905C
:105D80000698C06E022803D1FFE70220079046E183
:105D90000698C06E01280ED1FFE7039830B9FFE7DF
:105DA0000A9818B1FFE70120079038E10699022010
:105DB000C866FFE700E0FFE7FFE704980190B0F551
:105DC000807F21D0FFE70198B0F5007F3FD0FFE74B
:105DD0000198B0F5806F5DD0FFE70198B0F5006FD6
:105DE0007BD0FFE70198B0F5805F00F09980FFE776
:105DF0000198B0F5005F00F0B680FFE70198B0F5BC
:105E0000804F00F0D380F4E00698016A40F6290044
:105E1000C0F6010008640698016A40F65100C0F619
:105E2000010048640698016A40F66900C0F6010066
:105E3000086506980268006A03994C320B9BEEF7DE
:105E40008FF818B1FFE701200790E8E0D4E006984A
:105E5000416A41F2C170C0F6010008640698416AC7
:105E600041F67900C0F6010048640698416A40F6A0
:105E70006900C0F60100086506980268406A039947
:105E80004C320B9BEEF76CF818B1FFE7012007903E
:105E9000C5E0B1E00698816A41F2C170C0F6010028
:105EA00008640698816A41F67900C0F601004864EA
:105EB0000698816A40F66900C0F6010008650698F8
:105EC0000268806A03994C320B9BEEF749F818B1CF
:105ED000FFE701200790A2E08EE00698C16A41F238
:105EE000C170C0F6010008640698C16A41F67900E5
:105EF000C0F6010048640698C16A40F66900C0F621
:105F00000100086506980268C06A03994C320B9B31
:105F1000EEF726F818B1FFE7012007907FE06BE06D
:105F20000698016B41F2C170C0F601000864069842
:105F3000016B41F67900C0F6010048640698016BD8
:105F400040F66900C0F60100086506980268006B1B
:105F500003994C320B9BEEF703F818B1FFE70120D1
:105F600007905CE048E00698416B48F68970C0F6FF
:105F7000010008640698416B48F6A970C0F601005C
:105F800048640698416B40F66900C0F60100086558
:105F900006980268406B03994C320B9BEDF7E0FFCB
:105FA00018B1FFE70120079039E025E00698816BE2
:105FB00046F22900C0F6010008640698816B46F29B
:105FC0005100C0F6010048640698816B40F66900F4
:105FD000C0F60100086506980268806B03994C3290
:105FE0000B9BEDF7BDFF18B1FFE70120079016E00E
:105FF00002E001200290FFE7029868B9FFE70598E8
:106000000A990843069909688864049A0698016801
:10601000C8681043C860FFE702980790FFE7079839
:1060200008B080BD00BF00BF80B582B0019001986C
:10603000C06B00900098806BC06920B9FFE70099A1
:1060400001200864FFE70098FEF75AFF02B080BD08
:1060500080B582B001900198C06B0090009800F06C
:106060005BFE02B080BD00BF80B584B0039002919A
:106070000020019002980090B0F5807F1ED0FFE7CD
:106080000098B0F5007F1ED0FFE70098B0F5806F54
:106090001ED0FFE70098B0F5006F1ED0FFE7009814
:1060A000B0F5805F1ED0FFE70098B0F5005F1ED00E
:1060B000FFE70098B0F5804F1ED022E00398006AF9
:1060C000EEF77AFF20E00398406AEEF775FF1BE0D9
:1060D0000398806AEEF770FF16E00398C06AEEF747
:1060E0006BFF11E00398006BEEF766FF0CE003987E
:1060F000406BEEF761FF07E00398806BEEF75CFF03
:1061000002E001200190FFE7019850B9FFE7029AF1
:1061100003980168C8689043C86003990120C86665
:10612000FFE7019804B080BD10B588B0DDF828C045
:10613000079006910592049307980699059A049B87
:10614000DDF828C04FF0010E0EEB1C24EE46CEF811
:106150000440CEF800C000F007F80390039808B0A0
:1061600010BD00BF00BF00BF80B588B0DDF82CC0F7
:10617000DDF828C006900591049203930020029058
:106180000698C06E022803D1FFE70220079046E17F
:106190000698C06E01280ED1FFE7039830B9FFE7DB
:1061A0000A9818B1FFE70120079038E1069902200C
:1061B000C866FFE700E0FFE7FFE704980190B0F54D
:1061C000807F21D0FFE70198B0F5007F3FD0FFE747
:1061D0000198B0F5806F5DD0FFE70198B0F5006FD2
:1061E0007BD0FFE70198B0F5805F00F09980FFE772
:1061F0000198B0F5005F00F0B680FFE70198B0F5B8
:10620000804F00F0D380F4E00698016A40F6290040
:10621000C0F6010008640698016A40F65100C0F615
:10622000010048640698016A40F66900C0F6010062
:10623000086506980168006A4C31039A0B9BEDF7DC
:106240008FFE18B1FFE701200790E8E0D4E0069840
:10625000416A43F65100C0F6010008640698416A9D
:1062600043F61910C0F6010048640698416A40F6EA
:106270006900C0F60100086506980168406A4C3163
:10628000039A0B9BEDF76CFE18B1FFE70120079016
:10629000C5E0B1E00698816A43F65100C0F60100FE
:1062A00008640698816A43F61910C0F60100486434
:1062B0000698816A40F66900C0F6010008650698F4
:1062C0000168806A4C31039A0B9BEDF749FE18B1C7
:1062D000FFE701200790A2E08EE00698C16A43F62E
:1062E0005100C0F6010008640698C16A43F619100F
:1062F000C0F6010048640698C16A40F66900C0F61D
:106300000100086506980168C06A4C31039A0B9B2E
:10631000EDF726FE18B1FFE7012007907FE06BE064
:106320000698016B43F65100C0F601000864069818
:10633000016B43F61910C0F6010048640698016B22
:1063400040F66900C0F60100086506980168006B18
:106350004C31039A0B9BEDF703FE18B1FFE70120C8
:1063600007905CE048E00698416B48F68970C0F6FB
:10637000010008640698416B48F6A970C0F6010058
:1063800048640698416B40F66900C0F60100086554
:1063900006980168406B4C31039A0B9BEDF7E0FDCA
:1063A00018B1FFE70120079039E025E00698816BDE
:1063B00046F22900C0F6010008640698816B46F297
:1063C0005100C0F6010048640698816B40F66900F0
:1063D000C0F60100086506980168806B4C31039A8D
:1063E0000B9BEDF7BDFD18B1FFE70120079016E00C
:1063F00002E001200290FFE7029868B9FFE70598E4
:106400000A990843069909688864049A06980168FD
:10641000C8681043C860FFE702980790FFE7079835
:1064200008B080BD00BF00BF80B584B0039002916A
:106430000020019002980090B0F5807F1ED0FFE709
:106440000098B0F5007F1ED0FFE70098B0F5806F90
:106450001ED0FFE70098B0F5006F1ED0FFE7009850
:10646000B0F5805F1ED0FFE70098B0F5005F1ED04A
:10647000FFE70098B0F5804F1ED022E00398006A35
:10648000EEF79AFD20E00398406AEEF795FD1BE0D9
:106490000398806AEEF790FD16E00398C06AEEF765
:1064A0008BFD11E00398006BEEF786FD0CE003987E
:1064B000406BEEF781FD07E00398806BEEF77CFD03
:1064C00002E001200190FFE7019850B9FFE7029A2E
:1064D00003980168C8689043C86003990120C866A2
:1064E000FFE7019804B080BD83B001900091FFE701
:1064F0000198C06B012803D1FFE70220029016E04B
:1065000001990120C863FFE7FFE7019902200864B1
:106510000098019909684861019901200864FFE722
:1065200001990020C863FFE700200290FFE702986E
:1065300003B0704700BF00BF80B588B006900591DA
:10654000049200200390FFE70698C06B012803D156
:10655000FFE702200790C9E006990120C863FFE722
:10656000FFE706990220086405984068029020B170
:10657000FFE70298012807D01EE0069801688868A6
:1065800020F47F4088601AE00598C06858B1FFE7A2
:10659000069901200864FFE706990020C863FFE719
:1065A00001200790A2E006980068059B9A68D968C8
:1065B0001B6900F0A1F802E001200390FFE70398B7
:1065C000002840F08880FFE704980190142800F22A
:1065D00080800199DFE801F00B7D7D7D1E7D7D7D52
:1065E000317D7D7D447D7D7D577D7D7D6A00059873
:1065F000006838B1FFE706980168886940F08000BC
:10660000886106E006980168886920F0800088614A
:10661000FFE75FE00598006838B1FFE7069801687A
:10662000886940F40040886106E00698016888693E
:1066300020F400408861FFE74CE00598006838B11D
:10664000FFE706980168C86940F08000C86106E06D
:1066500006980168C86920F08000C861FFE739E04A
:106660000598006838B1FFE706980168C86940F4EA
:106670000040C86106E006980168C86920F400403F
:10668000C861FFE726E00598006838B1FFE7069883
:106690000168486D40F08000486506E00698016892
:1066A000486D20F080004865FFE713E0059800681A
:1066B00038B1FFE706980168486D40F4004048652E
:1066C00006E006980168486D20F400404865FFE741
:1066D00000E0FFE7FFE7069901200864FFE706995D
:1066E0000020C863FFE703980790FFE7079808B00A
:1066F00080BD00BF00BF00BF85B00490039102922F
:106700000193049880680090009820F47F400090E6
:1067100003980299019A41EA022101430098084333
:10672000009000980499886005B0704700BF00BFD2
:1067300080B586B00490039100200290FFE7049892
:10674000C06B012803D1FFE702200590CAE004993D
:106750000120C863FFE7FFE704990220086404985A
:1067600000688068019001984FF68871CFF6CE716D
:1067700008400190019820F47F400190019804990D
:1067800009688860039800680090002800F09580F0
:10679000FFE70098102800F09080FFE7009820287D
:1067A00000F08B80FFE70098302800F08680FFE73C
:1067B0000098402874D0FFE70098502856D0FFE793
:1067C000009860285FD0FFE7009870282AD0FFE784
:1067D0000098B0F5805F24D0FFE70098B0F5005F27
:1067E00035D0FFE70098B0F5801F66D0FFE700982E
:1067F000B0F1101F61D0FFE700982021C0F2100116
:1068000088425AD0FFE700983021C0F21001884238
:1068100053D0FFE700984021C0F2100188424CD0CD
:1068200052E054E004980068039B5A689968DB685A
:10683000FFF762FF0498006880680190019840F0BB
:106840007700019001980499096888603FE00498F6
:106850000068039B5A689968DB68FFF74DFF04984E
:106860000168886840F48040886030E004980068DF
:10687000039A5168D26800F03BF8049800685021F0
:1068800000F05EF823E004980068039A5168D2682B
:1068900000F06EF804980068602100F051F816E0EE
:1068A00004980068039A5168D26800F021F80498AF
:1068B0000068402100F044F809E00498006803995A
:1068C000096800F03DF802E001200290FFE704991A
:1068D00001200864FFE704990020C863FFE70298DD
:1068E0000590FFE7059806B080BD00BF00BF00BF60
:1068F00085B00490039102920498006A0090049974
:10690000086A20F0010008620498806901900198EB
:1069100020F0F00001900299019840EA01100190E6
:10692000009820F00A000090039900980843009016
:1069300001980499886100980499086205B070472D
:1069400083B00290019102988068009000984FF601
:106950008F71CFF6CF7108400090019800990843DD
:1069600040F00700009000980299886003B07047DB
:1069700085B00490039102920498006A00900499F3
:10698000086A20F01000086204988069019001985C
:1069900020F4704001900299019840EA0130019082
:1069A000009820F0A00000900399009840EA0110A0
:1069B000009001980499886100980499086205B0D4
:1069C000704700BF00BF00BF83B0029001910298E2
:1069D000006840680090009820F0800000900199C5
:1069E00000980843009000980299096848600020C8
:1069F00003B0704700BF00BF80B584B00290019122
:106A0000FFE70298C06B012803D1FFE70220039043
:106A10002FE002990120C863FFE7FFE702990220F7
:106A200008640298019900F027F858B1FFE702992D
:106A300001200864FFE702990020C863FFE70120F6
:106A4000039016E002980168C86820F04000C86012
:106A500002980168C86820F48040C860029901204B
:106A60000864FFE702990020C863FFE70020039055
:106A7000FFE7039804B080BD80B588B0069005910B
:106A800000200490069800688068039003984FF6F1
:106A90008F71CFF6CF710840039005984168039835
:106AA0000843039003984FF6F871CFF6FE71084043
:106AB000039005980168039808430390039806998A
:106AC00009688860059840680090002800F0A2805E
:106AD000FFE70098102800F09D80FFE7009820282D
:106AE00000F09880FFE70098302800F09380FFE7DF
:106AF0000098402855D0FFE7009850287AD0FFE74B
:106B0000009860287ED0FFE70098702840D0FFE70B
:106B10000098B0F5801F7DD0FFE70098B0F1101FFE
:106B200078D0FFE700982021C0F21001884271D090
:106B3000FFE700983021C0F2100188426AD0FFE7D9
:106B400000984021C0F21001884263D0FFE700980E
:106B50005021C0F2100188425CD0FFE7009860210C
:106B6000C0F21001884255D0FFE700987021C0F2B2
:106B7000100188424ED0FFE70098B0F5001F49D0C1
:106B8000FFE700981021C0F22001884242D042E085
:106B900006980068059B9A68D9681B69FFF7ACFDE9
:106BA0003CE005980068052803D1FFE70120079025
:106BB00037E006980068006A019006980168086A44
:106BC00020F001000862069800688069029002982F
:106BD00020F0F000029005980169029840EA011047
:106BE00002900298069909688861019806990968D7
:106BF000086213E006980068059A91681269FFF729
:106C000077FE0BE006980068059A91681269FFF715
:106C1000AFFE03E002E001200490FFE70498079034
:106C2000FFE7079808B080BD80B584B0029001915D
:106C3000FFE70298C06B012803D1FFE70220039011
:106C40002FE002990120C863FFE7FFE702990220C5
:106C5000086402980199FFF70FFF58B1FFE7029906
:106C600001200864FFE702990020C863FFE70120C4
:106C7000039016E002980168C86840F04000C860C0
:106C800002980168C86820F48040C8600299012019
:106C90000864FFE702990020C863FFE70020039023
:106CA000FFE7039804B080BD84B0039002910020F8
:106CB0000190029800900C281DD80099DFE801F09F
:106CC000071B1B1B0C1B1B1B111B1B1B16000398FC
:106CD0000068406B01900FE003980068806B0190A2
:106CE0000AE003980068C06B019005E00398006813
:106CF000006C019000E0FFE7019804B0704700BF0E
:106D000081B0009001B0704781B0009001B0704731
:106D100081B0009001B0704781B0009001B0704721
:106D200081B0009001B0704781B000900098006C75
:106D300001B0704700BF00BF81B000900098006CA8
:106D400001B0704700BF00BF81B000900098006C98
:106D500001B0704700BF00BF81B000900098006C88
:106D600001B0704700BF00BF81B000900098006C78
:106D700001B0704700BF00BF81B000900098006C68
:106D800001B0704700BF00BF81B000900098C0699B
:106D900001B0704700BF00BF88B007900691069809
:106DA00020B9FFE70798406C04902FE0069804286C
:106DB00004D1FFE70798806C039024E00698082828
:106DC00004D1FFE70798C06C029019E006980C28E0
:106DD00004D1FFE70798006D01900EE00698102897
:106DE00004D1FFE70798406D009003E00798806D9D
:106DF0000090FFE700980190FFE701980290FFE7FD
:106E000002980390FFE703980490FFE70498059029
:106E1000059808B0704700BF81B000900098C06E20
:106E200001B070470000000080B58CB00A90099155
:106E30000A9818B9FFE701200B9078E00A98006CD7
:106E400038B9FFE70A990020C8630A9800F074F87F
:106E5000FFE70A99022008640A9951F8040BF9F730
:106E6000BFF90A980068099A116893680322FEF72F
:106E700093FC0A980168886920F00C0088610998E1
:106E800042680A9801688869104388610A98016815
:106E9000486840F0800048600A98016888684FF6AA
:106EA0008F72CFF6CF72104088600A9801688868A8
:106EB00040F0400088600A98016888684FF6F872D0
:106EC000CFF6FE72104088600A980168886840F02A
:106ED00004008860002001900690079070210291C4
:106EE0000890059004900998C06803900A9800687B
:106EF00002A9FEF70DF901980A990A68516821F074
:106F0000700151600A990A68516841F0500151605E
:106F10000A9A0121D1660A9A51640A9A91640A9ADE
:106F2000D1650A9A11660A9A11640B90FFE70B98D3
:106F30000CB080BD00BF00BF81B0009001B07047B1
:106F400080B582B00190019902200864FFE70198A2
:106F50000068006A41F21111084210D1FFE7019860
:106F60000068006A40F24441084207D1FFE70198F7
:106F70000168086820F001000860FFE7FFE7FFE70D
:106F8000019800F015F801990020C866019948643D
:106F9000019988640199C865019908660199086496
:106FA000FFE701990020C863FFE7002002B080BD21
:106FB00081B0009001B0704780B588B00690069807
:106FC000406C04900698806C03900698C06D029007
:106FD0000698006E0190049801280CD1FFE70398F1
:106FE000012808D1FFE70298012804D1FFE70198A2
:106FF000012803D0FFE70120079075E006990220E1
:107000004864069988640699C865069908660698D2
:10701000006800210122F9F767FE06980068002148
:10702000C4F2010188423CD0FFE706980068B0F145
:10703000804F36D0FFE70698006840F20041C4F266
:10704000000188422DD0FFE70698006840F6000155
:10705000C4F20001884224D0FFE70698006840F699
:107060000041C4F2000188421BD0FFE70698006887
:1070700040F20041C4F20101884212D0FFE70698B5
:10708000006841F60001C4F20001884209D0FFE720
:107090000698006844F20001C4F20101884219D147
:1070A000FFE70698006880680721C0F201010840E8
:1070B0000590059806280CD0FFE70598B0F5803FAD
:1070C00007D0FFE706980168086840F001000860F3
:1070D000FFE706E006980168086840F001000860D4
:1070E000FFE700200790FFE7079808B080BD00BFCA
:1070F00080B582B001900198006800221146F9F72E
:10710000F3FDFFE701980068006A41F2111108429F
:1071100010D1FFE701980068006A40F2444108423C
:1071200007D1FFE701980168086820F001000860B6
:10713000FFE7FFE7FFE701990120486401998864B0
:107140000199C86501990866002002B080BD00BFA2
:1071500080B588B006900698406C04900698806CC4
:1071600003900698C06D02900698006E01900498F6
:1071700001280CD1FFE70398012808D1FFE7029806
:10718000012804D1FFE70198012803D0FFE701207F
:1071900007907BE006990220486406998864069966
:1071A000C8650699086606980168C86840F002003C
:1071B000C8600698006800210122F9F795FD06983D
:1071C00000680021C4F2010188423CD0FFE7069824
:1071D0000068B0F1804F36D0FFE70698006840F2B3
:1071E0000041C4F2000188422DD0FFE706980068F4
:1071F00040F60001C4F20001884224D0FFE706985F
:10720000006840F60041C4F2000188421BD0FFE74D
:107210000698006840F20041C4F20101884212D091
:10722000FFE70698006841F60001C4F200018842B9
:1072300009D0FFE70698006844F20001C4F201019A
:10724000884219D1FFE70698006880680721C0F2DC
:10725000010108400590059806280CD0FFE7059825
:10726000B0F5803F07D0FFE706980168086840F056
:1072700001000860FFE706E006980168086840F032
:1072800001000860FFE700200790FFE7079808B0BB
:1072900080BD00BF00BF00BF80B582B001900198E3
:1072A000006800221146F9F71FFD01980168C868BF
:1072B00020F00200C860FFE701980068006A41F210
:1072C0001111084210D1FFE701980068006A40F2EE
:1072D0004441084207D1FFE701980168086820F09F
:1072E00001000860FFE7FFE7FFE70199012048641C
:1072F000019988640199C86501990866002002B067
:1073000080BD00BF00BF00BF80B588B0069005916A
:10731000ADF812200698406C02900698C06D01905E
:107320000298022804D0FFE70198022803D1FFE762
:1073300002200790B2E00298012815D1FFE70198DA
:10734000012811D1FFE7059820B1FFE7BDF8120031
:1073500018B9FFE701200790A0E0069902204864D1
:107360000699C865FFE702E00120079096E0FFE775
:107370000698006800210122F9F7B6FC0698416AD8
:1073800043F65100C0F6010008640698416A43F6CE
:107390001910C0F6010048640698416A40F6690079
:1073A000C0F60100086506980168406A3431059A04
:1073B000BDF81230ECF7D4FD18B1FFE701200790BB
:1073C0006CE006980168C86840F40070C8600698D0
:1073D00000680021C4F2010188423CD0FFE7069812
:1073E0000068B0F1804F36D0FFE70698006840F2A1
:1073F0000041C4F2000188422DD0FFE706980068E2
:1074000040F60001C4F20001884224D0FFE706984C
:10741000006840F60041C4F2000188421BD0FFE73B
:107420000698006840F20041C4F20101884212D07F
:10743000FFE70698006841F60001C4F200018842A7
:1074400009D0FFE70698006844F20001C4F2010188
:10745000884219D1FFE70698006880680721C0F2CA
:10746000010108400390039806280CD0FFE7039819
:10747000B0F5803F07D0FFE706980168086840F044
:1074800001000860FFE706E006980168086840F020
:1074900001000860FFE700200790FFE7079808B0A9
:1074A00080BD00BF00BF00BF80B582B001900198D1
:1074B000006800221146F9F717FC01980168C868B6
:1074C00020F40070C8600198406AEDF775FDFFE791
:1074D00001980068006A41F21111084210D1FFE7DB
:1074E00001980068006A40F24441084207D1FFE772
:1074F00001980168086820F001000860FFE7FFE7D5
:10750000FFE70199012048640199C865002002B095
:1075100080BD00BF00BF00BF80B58AB00890079152
:10752000079820B9FFE70898C06D059019E0079803
:10753000042804D1FFE70898006E04900EE0079835
:10754000082804D1FFE70898406E039003E00898EC
:10755000806E0390FFE703980490FFE7049805907E
:10756000FFE70598012803D0FFE70120099095E087
:10757000079820B9FFE708990220C8651BE0079823
:10758000042805D1FFE7089902200866029010E060
:107590000798082805D1FFE708990220486601905E
:1075A00004E00899022088660190FFE701980290A4
:1075B000FFE70298FFE7089800680799042200F0A7
:1075C00073F808980168486C40F4004048640898D3
:1075D00000680021C4F2010188423CD0FFE708980E
:1075E0000068B0F1804F36D0FFE70898006840F29D
:1075F0000041C4F2000188422DD0FFE708980068DE
:1076000040F60001C4F20001884224D0FFE7089848
:10761000006840F60041C4F2000188421BD0FFE739
:107620000898006840F20041C4F20101884212D07B
:10763000FFE70898006841F60001C4F200018842A3
:1076400009D0FFE70898006844F20001C4F2010184
:10765000884219D1FFE70898006880680721C0F2C6
:10766000010108400690069806280CD0FFE706980E
:10767000B0F5803F07D0FFE708980168086840F040
:1076800001000860FFE706E008980168086840F01C
:1076900001000860FFE700200990FFE709980AB0A1
:1076A00080BD00BF00BF00BF84B003900291019273
:1076B000029800F00F01042088400090009A03997E
:1076C000086A904308620198029901F00F0100FADC
:1076D00001F20399086A1043086204B0704700BFC2
:1076E00080B584B00390029103980068029900224B
:1076F000FFF7DAFFFFE703980068006A41F2111113
:10770000084210D1FFE703980068006A40F2444144
:10771000084207D1FFE703980168486C20F4004055
:107720004864FFE7FFE7FFE7FFE703980068006AA8
:1077300041F21111084210D1FFE703980068006A76
:1077400040F24441084207D1FFE703980168086806
:1077500020F001000860FFE7FFE7FFE7029820B98B
:10776000FFE703990120C8651BE00298042805D1B2
:10777000FFE7039901200866019010E002980828AD
:1077800005D1FFE7039901204866009004E00399C2
:10779000012088660090FFE700980190FFE70198BC
:1077A000FFE7002004B080BD80B58CB00A9009913D
:1077B00000200890099820B9FFE70A98C06D06904C
:1077C00019E00998042804D1FFE70A98006E059093
:1077D0000EE00998082804D1FFE70A98406E04904B
:1077E00003E00A98806E0490FFE704980590FFE795
:1077F00005980690FFE70698012803D0FFE70120CF
:107800000B90C4E0099820B9FFE70A990220C865E7
:107810001BE00998042805D1FFE70A9902200866B1
:10782000039010E00998082805D1FFE70A99022083
:107830004866029004E00A99022088660290FFE7F9
:1078400002980390FFE70398FFE70998019040B181
:10785000FFE7019804280BD0FFE7019808280ED015
:1078600014E00A980168C86840F00200C86010E09F
:107870000A980168C86840F00400C86009E00A98E6
:107880000168C86840F00800C86002E00120089064
:10789000FFE70898002877D1FFE70A980168C868D1
:1078A00040F08000C8600A98006809990422FFF738
:1078B000FBFE0A980168486C40F4004048640A984E
:1078C00000680021C4F2010188423CD0FFE70A9819
:1078D0000068B0F1804F36D0FFE70A98006840F2A8
:1078E0000041C4F2000188422DD0FFE70A980068E9
:1078F00040F60001C4F20001884224D0FFE70A9854
:10790000006840F60041C4F2000188421BD0FFE746
:107910000A98006840F20041C4F20101884212D086
:10792000FFE70A98006841F60001C4F200018842AE
:1079300009D0FFE70A98006844F20001C4F201018F
:10794000884219D1FFE70A98006880680721C0F2D1
:10795000010108400790079806280CD0FFE7079818
:10796000B0F5803F07D0FFE70A980168086840F04B
:1079700001000860FFE706E00A980168086840F027
:1079800001000860FFE7FFE708980B90FFE70B98FE
:107990000CB080BD00BF00BF80B588B007900691D5
:1079A000002005900698039040B1FFE70398042853
:1079B0000BD0FFE7039808280ED014E00798016861
:1079C000C86820F00200C86010E007980168C86825
:1079D00020F00400C86009E007980168C86820F03A
:1079E0000800C86002E001200590FFE70598002824
:1079F00070D1FFE70798006806990022FFF754FE50
:107A000007980068006A0490BDF8100040F24441F5
:107A1000084207D1FFE707980168C86820F0800096
:107A2000C860FFE7FFE707980068006A41F211119C
:107A3000084210D1FFE707980068006A40F244410D
:107A4000084207D1FFE707980168486C20F400401E
:107A50004864FFE7FFE7FFE7FFE707980068006A71
:107A600041F21111084210D1FFE707980068006A3F
:107A700040F24441084207D1FFE7079801680868CF
:107A800020F001000860FFE7FFE7FFE7069820B954
:107A9000FFE707990120C8651BE00698042805D177
:107AA000FFE7079901200866029010E00698082871
:107AB00005D1FFE7079901204866019004E0079986
:107AC000012088660190FFE701980290FFE7029885
:107AD000FFE7FFE7059808B080BD00BF00BF00BF0B
:107AE00080B590B00E900D910C92ADF82E30002024
:107AF0000A900D9820B9FFE70E98C06D089019E024
:107B00000D98042804D1FFE70E98006E07900EE050
:107B10000D98082804D1FFE70E98406E069003E008
:107B20000E98806E0690FFE706980790FFE707988B
:107B30000890FFE70898022803D1FFE702200F9082
:107B40005CE10D9820B9FFE70E98C06D059019E033
:107B50000D98042804D1FFE70E98006E04900EE003
:107B60000D98082804D1FFE70E98406E039003E0BB
:107B70000E98806E0390FFE703980490FFE7049847
:107B80000590FFE7059801282FD1FFE70C9820B159
:107B9000FFE7BDF82E0018B9FFE701200F902DE197
:107BA0000D9820B9FFE70E990220C8651BE00D98DB
:107BB000042805D1FFE70E9902200866029010E024
:107BC0000D98082805D1FFE70E990220486601901C
:107BD00004E00E99022088660190FFE70198029068
:107BE000FFE70298FFE7FFE702E001200F9005E1C1
:107BF000FFE70D98009040B1FFE7009804282ED0D1
:107C0000FFE70098082854D07DE00E98416A47F6B7
:107C10000960C0F6010008640E98416A41F67900D7
:107C2000C0F6010048640E98416A47F69960C0F6B4
:107C3000010008650E980268406A0C993432BDF85C
:107C40002E30ECF78DF918B1FFE701200F90D5E049
:107C50000E980168C86840F40070C86056E00E983D
:107C6000816A47F60960C0F6010008640E98816ACF
:107C700041F67900C0F6010048640E98816A47F623
:107C80009960C0F6010008650E980268806A0C9938
:107C90003832BDF82E30ECF763F918B1FFE7012058
:107CA0000F90ABE00E980168C86840F48060C8602F
:107CB0002CE00E98C16A47F60960C0F6010008641E
:107CC0000E98C16A41F67900C0F6010048640E982A
:107CD000C16A47F69960C0F6010008650E9802680F
:107CE000C06A0C993C32BDF82E30ECF739F918B166
:107CF000FFE701200F9081E00E980168C86840F40A
:107D00000060C86002E001200A90FFE70A9800289E
:107D100071D1FFE70E9800680D990422FFF7C4FCAB
:107D20000E980168486C40F4004048640E98006862
:107D30000021C4F2010188423CD0FFE70E980068A0
:107D4000B0F1804F36D0FFE70E98006840F2004156
:107D5000C4F2000188422DD0FFE70E98006840F67B
:107D60000001C4F20001884224D0FFE70E980068A9
:107D700040F60041C4F2000188421BD0FFE70E9894
:107D8000006840F20041C4F20101884212D0FFE7CE
:107D90000E98006841F60001C4F20001884209D043
:107DA000FFE70E98006844F20001C4F20101884226
:107DB00019D1FFE70E98006880680721C0F2010121
:107DC00008400990099806280CD0FFE70998B0F5FB
:107DD000803F07D0FFE70E980168086840F0010077
:107DE0000860FFE706E00E980168086840F00100AF
:107DF0000860FFE7FFE70A980F90FFE70F9810B0C1
:107E000080BD00BF00BF00BF80B582B00190019867
:107E1000C06B009001980099496A88420CD1FFE735
:107E200000990120C8610198C06920B9FFE7009955
:107E30000120C865FFE726E001980099896A884219
:107E40000CD1FFE700990220C8610198C06920B9F0
:107E5000FFE7009901200866FFE713E00198009909
:107E6000C96A88420CD1FFE700990420C8610198D3
:107E7000C06920B9FFE7009901204866FFE700E0EC
:107E8000FFE7FFE7FFE70098FDF732F800990020D1
:107E9000C86102B080BD00BF80B582B0019001987A
:107EA000C06B009001980099496A884206D1FFE7AB
:107EB00000990120C8610099C8651CE001980099EB
:107EC000896A884207D1FFE700990220C8610099BA
:107ED000012008660EE001980099C96A884207D11E
:107EE000FFE700990420C86100990120486600E07E
:107EF000FFE7FFE7FFE70098FEF712FF0099002079
:107F0000C86102B080BD00BF80B586B00590049105
:107F1000002003900498029040B1FFE702980428E3
:107F20000FD0FFE70298082816D020E005980168D6
:107F3000C86820F40070C8600598406AEDF73CF806
:107F400018E005980168C86820F48060C86005984A
:107F5000806AEDF731F80DE005980168C86820F4F3
:107F60000060C8600598C06AEDF726F802E00120BD
:107F70000390FFE7039800285ED1FFE705980068AB
:107F800004990022FFF790FBFFE705980068006A5C
:107F900041F21111084210D1FFE705980068006A0C
:107FA00040F24441084207D1FFE705980168486C58
:107FB00020F400404864FFE7FFE7FFE7FFE705988C
:107FC0000068006A41F21111084210D1FFE70598DC
:107FD0000068006A40F24441084207D1FFE7059873
:107FE0000168086820F001000860FFE7FFE7FFE78D
:107FF000049820B9FFE705990120C8651BE00498A3
:10800000042805D1FFE7059901200866019010E0DA
:108010000498082805D1FFE70599012048660090DB
:1080200004E00599012088660090FFE70098019020
:10803000FFE70198FFE7FFE7039806B080BD00BFA8
:1080400080B58AB008900791079820B9FFE7089893
:10805000C06D059019E00798042804D1FFE708983F
:10806000006E04900EE00798082804D1FFE70898F6
:10807000406E039003E00898806E0390FFE703983A
:108080000490FFE704980590FFE70598012803D0C6
:10809000FFE70120099095E0079820B9FFE70899CC
:1080A0000220C8651BE00798042805D1FFE708995E
:1080B00002200866029010E00798082805D1FFE723
:1080C000089902204866019004E008990220886619
:1080D0000190FFE701980290FFE70298FFE70898F8
:1080E000006807990422FFF7DFFA08980168486CD6
:1080F00040F400404864089800680021C4F201017F
:1081000088423CD0FFE708980068B0F1804F36D035
:10811000FFE70898006840F20041C4F2000188427D
:108120002DD0FFE70898006840F60001C4F2000176
:10813000884224D0FFE70898006840F60041C4F266
:10814000000188421BD0FFE70898006840F2004118
:10815000C4F20101884212D0FFE70898006841F696
:108160000001C4F20001884209D0FFE708980068C6
:1081700044F20001C4F20101884219D1FFE70898D6
:10818000006880680721C0F2010108400690069847
:1081900006280CD0FFE70698B0F5803F07D0FFE730
:1081A00008980168086840F001000860FFE706E0F1
:1081B00008980168086840F001000860FFE70020A7
:1081C0000990FFE709980AB080BD00BF00BF00BF5B
:1081D00080B584B003900291039800680299002250
:1081E000FFF762FAFFE703980068006A41F2111195
:1081F000084210D1FFE703980068006A40F244414A
:10820000084207D1FFE703980168486C20F400405A
:108210004864FFE7FFE7FFE7FFE703980068006AAD
:1082200041F21111084210D1FFE703980068006A7B
:1082300040F24441084207D1FFE70398016808680B
:1082400020F001000860FFE7FFE7FFE7029820B990
:10825000FFE703990120C8651BE00298042805D1B7
:10826000FFE7039901200866019010E002980828B2
:1082700005D1FFE7039901204866009004E00399C7
:10828000012088660090FFE700980190FFE70198C1
:10829000FFE7002004B080BD80B58CB00A90099142
:1082A00000200890099820B9FFE70A98C06D069051
:1082B00019E00998042804D1FFE70A98006E059098
:1082C0000EE00998082804D1FFE70A98406E049050
:1082D00003E00A98806E0490FFE704980590FFE79A
:1082E00005980690FFE70698012803D0FFE70120D4
:1082F0000B90C4E0099820B9FFE70A990220C865ED
:108300001BE00998042805D1FFE70A9902200866B6
:10831000039010E00998082805D1FFE70A99022088
:108320004866029004E00A99022088660290FFE7FE
:1083300002980390FFE70398FFE70998019040B186
:10834000FFE7019804280BD0FFE7019808280ED01A
:1083500014E00A980168C86840F00200C86010E0A4
:108360000A980168C86840F00400C86009E00A98EB
:108370000168C86840F00800C86002E00120089069
:10838000FFE70898002877D1FFE70A980168C868D6
:1083900040F08000C8600A98006809990422FFF73D
:1083A00083F90A980168486C40F4004048640A98D0
:1083B00000680021C4F2010188423CD0FFE70A981E
:1083C0000068B0F1804F36D0FFE70A98006840F2AD
:1083D0000041C4F2000188422DD0FFE70A980068EE
:1083E00040F60001C4F20001884224D0FFE70A9859
:1083F000006840F60041C4F2000188421BD0FFE74C
:108400000A98006840F20041C4F20101884212D08B
:10841000FFE70A98006841F60001C4F200018842B3
:1084200009D0FFE70A98006844F20001C4F2010194
:10843000884219D1FFE70A98006880680721C0F2D6
:10844000010108400790079806280CD0FFE707981D
:10845000B0F5803F07D0FFE70A980168086840F050
:1084600001000860FFE706E00A980168086840F02C
:1084700001000860FFE7FFE708980B90FFE70B9803
:108480000CB080BD00BF00BF80B588B007900691DA
:10849000002005900698039040B1FFE70398042858
:1084A0000BD0FFE7039808280ED014E00798016866
:1084B000C86820F00200C86010E007980168C8682A
:1084C00020F00400C86009E007980168C86820F03F
:1084D0000800C86002E001200590FFE70598002829
:1084E00070D1FFE70798006806990022FFF7DCF8D3
:1084F00007980068006A0490BDF8100040F24441FB
:10850000084207D1FFE707980168C86820F080009B
:10851000C860FFE7FFE707980068006A41F21111A1
:10852000084210D1FFE707980068006A40F2444112
:10853000084207D1FFE707980168486C20F4004023
:108540004864FFE7FFE7FFE7FFE707980068006A76
:1085500041F21111084210D1FFE707980068006A44
:1085600040F24441084207D1FFE7079801680868D4
:1085700020F001000860FFE7FFE7FFE7069820B959
:10858000FFE707990120C8651BE00698042805D17C
:10859000FFE7079901200866029010E00698082876
:1085A00005D1FFE7079901204866019004E007998B
:1085B000012088660190FFE701980290FFE702988A
:1085C000FFE7FFE7059808B080BD00BF00BF00BF10
:1085D00080B590B00E900D910C92ADF82E30002029
:1085E0000A900D9820B9FFE70E98C06D089019E029
:1085F0000D98042804D1FFE70E98006E07900EE056
:108600000D98082804D1FFE70E98406E069003E00D
:108610000E98806E0690FFE706980790FFE7079890
:108620000890FFE70898022803D1FFE702200F9087
:108630005CE10D9820B9FFE70E98C06D059019E038
:108640000D98042804D1FFE70E98006E04900EE008
:108650000D98082804D1FFE70E98406E039003E0C0
:108660000E98806E0390FFE703980490FFE704984C
:108670000590FFE7059801282FD1FFE70C9820B15E
:10868000FFE7BDF82E0018B9FFE701200F902DE19C
:108690000D9820B9FFE70E990220C8651BE00D98E0
:1086A000042805D1FFE70E9902200866029010E029
:1086B0000D98082805D1FFE70E9902204866019021
:1086C00004E00E99022088660190FFE7019802906D
:1086D000FFE70298FFE7FFE702E001200F9005E1C6
:1086E000FFE70D98009040B1FFE7009804282ED0D6
:1086F000FFE70098082854D07DE00E98416A47F6BD
:108700000960C0F6010008640E98416A41F67900DC
:10871000C0F6010048640E98416A47F69960C0F6B9
:10872000010008650E980268406A0C993432BDF861
:108730002E30EBF715FC18B1FFE701200F90D5E0C4
:108740000E980168C86840F40070C86056E00E9842
:10875000816A47F60960C0F6010008640E98816AD4
:1087600041F67900C0F6010048640E98816A47F628
:108770009960C0F6010008650E980268806A0C993D
:108780003832BDF82E30EBF7EBFB18B1FFE70120D4
:108790000F90ABE00E980168C86840F48060C86034
:1087A0002CE00E98C16A47F60960C0F60100086423
:1087B0000E98C16A41F67900C0F6010048640E982F
:1087C000C16A47F69960C0F6010008650E98026814
:1087D000C06A0C993C32BDF82E30EBF7C1FB18B1E2
:1087E000FFE701200F9081E00E980168C86840F40F
:1087F0000060C86002E001200A90FFE70A980028A4
:1088000071D1FFE70E9800680D990422FEF74CFF26
:108810000E980168486C40F4004048640E98006867
:108820000021C4F2010188423CD0FFE70E980068A5
:10883000B0F1804F36D0FFE70E98006840F200415B
:10884000C4F2000188422DD0FFE70E98006840F680
:108850000001C4F20001884224D0FFE70E980068AE
:1088600040F60041C4F2000188421BD0FFE70E9899
:10887000006840F20041C4F20101884212D0FFE7D3
:108880000E98006841F60001C4F20001884209D048
:10889000FFE70E98006844F20001C4F2010188422B
:1088A00019D1FFE70E98006880680721C0F2010126
:1088B00008400990099806280CD0FFE70998B0F500
:1088C000803F07D0FFE70E980168086840F001007C
:1088D0000860FFE706E00E980168086840F00100B4
:1088E0000860FFE7FFE70A980F90FFE70F9810B0C6
:1088F00080BD00BF00BF00BF80B586B00590049169
:10890000002003900498029040B1FFE702980428E9
:108910000FD0FFE70298082816D020E005980168DC
:10892000C86820F40070C8600598406AECF744FB02
:1089300018E005980168C86820F48060C860059850
:10894000806AECF739FB0DE005980168C86820F4EF
:108950000060C8600598C06AECF72EFB02E00120B9
:108960000390FFE7039800285ED1FFE705980068B1
:1089700004990022FEF798FEFFE705980068006A58
:1089800041F21111084210D1FFE705980068006A12
:1089900040F24441084207D1FFE705980168486C5E
:1089A00020F400404864FFE7FFE7FFE7FFE7059892
:1089B0000068006A41F21111084210D1FFE70598E2
:1089C0000068006A40F24441084207D1FFE7059879
:1089D0000168086820F001000860FFE7FFE7FFE793
:1089E000049820B9FFE705990120C8651BE00498A9
:1089F000042805D1FFE7059901200866019010E0E1
:108A00000498082805D1FFE70599012048660090E1
:108A100004E00599012088660090FFE70098019026
:108A2000FFE70198FFE7FFE7039806B080BD00BFAE
:108A300080B588B0069005910598B0FA80F040099D
:108A4000800004900698406C03900698806C029019
:108A50000698C06D01900698006E0090039801285A
:108A60000CD1FFE70298012808D1FFE701980128FF
:108A700004D1FFE70098012803D0FFE70120079009
:108A80001DE0069902204864069988640699C86525
:108A9000069908660698006805990422FEF704FE08
:108AA0000698006804990122F8F71EF906980168F3
:108AB000486C40F40040486400200790FFE70798A6
:108AC00008B080BD00BF00BF80B584B003900291A4
:108AD0000298B0FA80F04009800001900398006885
:108AE000029900220092FEF7DFFD009A03980068C9
:108AF0000199F8F7F9F8FFE703980068006A41F276
:108B00001111084210D1FFE703980068006A40F293
:108B10004441084207D1FFE703980168486C20F4FC
:108B200000404864FFE7FFE7FFE7FFE703980068BE
:108B3000006A41F21111084210D1FFE70398006862
:108B4000006A40F24441084207D1FFE703980168F8
:108B5000086820F001000860FFE7FFE7FFE70399DE
:108B600001204864039988640399C86503990866DD
:108B7000002004B080BD00BF80B588B0069005918C
:108B80000598B0FA80F04009800004900698406C87
:108B900003900698806C02900698C06D019006982C
:108BA000006E0090039801280CD1FFE7029801287D
:108BB00008D1FFE70198012804D1FFE700980128B8
:108BC00003D0FFE70120079029E0069902204864BE
:108BD000069988640699C86506990866069801682A
:108BE000C86840F00200C86006980168C86840F094
:108BF0000400C8600698006805990422FEF754FD39
:108C00000698006804990122F8F76EF80698016842
:108C1000486C40F40040486400200790FFE7079844
:108C200008B080BD00BF00BF80B584B00390029142
:108C30000298B0FA80F04009800001900398016822
:108C4000C86820F00200C86003980168C86820F076
:108C50000400C86003980068029900220092FEF7A1
:108C600023FD009A039800680199F8F73DF8FFE7A3
:108C700003980068006A41F21111084210D1FFE721
:108C800003980068006A40F24441084207D1FFE7B8
:108C900003980168486C20F400404864FFE7FFE750
:108CA000FFE7FFE703980068006A41F211110842EC
:108CB00010D1FFE703980068006A40F2444108427F
:108CC00007D1FFE703980168086820F001000860F9
:108CD000FFE7FFE7FFE703990120486403998864F1
:108CE0000399C86503990866002004B080BD00BFE1
:108CF00084B0029001910092FFE70298C06B0128B6
:108D000003D1FFE70220039055E002990120C863D8
:108D1000FFE7FFE70198C0B1FFE70198102814D0E2
:108D2000FFE70198202810D0FFE7019830280CD0E9
:108D3000FFE70198B0F5001F07D0FFE70198102169
:108D4000C0F22001884210D1FFE7029801688868CC
:108D50004FF68F72CFF6CF7210408860019A02985A
:108D60000168886810438860FFE7029801684868D6
:108D700040F00100486002980168486820F0040053
:108D80004860009A02980168486810434860029859
:108D90000168C86820F02000C86002980168C868AF
:108DA00020F40050C860FFE702990020C863FFE785
:108DB00000200390FFE7039804B0704700BF00BF96
:108DC00084B0029001910092FFE70298C06B0128E5
:108DD00003D1FFE70220039055E002990120C86308
:108DE000FFE7FFE70198C0B1FFE70198102814D012
:108DF000FFE70198202810D0FFE7019830280CD019
:108E0000FFE70198B0F5001F07D0FFE70198102198
:108E1000C0F22001884210D1FFE7029801688868FB
:108E20004FF68F72CFF6CF7210408860019A029889
:108E30000168886810438860FFE702980168486805
:108E400040F00100486002980168486820F0040082
:108E50004860009A02980168486810434860029888
:108E60000168C86820F40050C86002980168C868AA
:108E700040F02000C860FFE702990020C863FFE7C8
:108E800000200390FFE7039804B0704700BF00BFC5
:108E900084B0029001910092FFE70298C06B012814
:108EA00003D1FFE7022003906AE002990120C86322
:108EB000FFE7FFE70198C0B1FFE70198102814D041
:108EC000FFE70198202810D0FFE7019830280CD048
:108ED000FFE70198B0F5001F07D0FFE701981021C8
:108EE000C0F22001884210D1FFE70298016888682B
:108EF0004FF68F72CFF6CF7210408860019A0298B9
:108F00000168886810438860FFE702980168486834
:108F100040F00100486002980168486820F00400B1
:108F20004860009A029801684868104348600298B7
:108F3000416B48F68970C0F6010008640298416BE5
:108F400048F6A970C0F6010048640298416B40F6EB
:108F50006900C0F60100086502980168C86820F041
:108F60002000C86002980168C86840F40050C860DA
:108F7000FFE702990020C863FFE700200390FFE7A6
:108F8000039804B0704700BF80B582B0019001988B
:108F9000C06B0090009901200864009800F0B0FABE
:108FA00002B080BD00BF00BF80B582B001900198C3
:108FB000C06B0090009901200864009800F0A4FAAA
:108FC00002B080BD00BF00BF85B003900291FFE7F3
:108FD0000398C06B012803D1FFE70220049094E0BE
:108FE00003990120C863FFE7FFE7039902200864A3
:108FF00003980068406801900398006880680090BA
:10900000039800680021C4F20101884209D0FFE7FB
:109010000398006840F20041C4F2010188420AD17D
:10902000FFE7019820F470000190029841680198D0
:1090300008430190FFE7019820F07000019002982A
:1090400001680198084301900198039909684860F4
:10905000039800680021C4F2010188423CD0FFE778
:1090600003980068B0F1804F36D0FFE7039800689E
:1090700040F20041C4F2000188422DD0FFE703987E
:10908000006840F60001C4F20001884224D0FFE7E6
:109090000398006840F60041C4F2000188421BD0EA
:1090A000FFE70398006840F20041C4F201018842E2
:1090B00012D0FFE70398006841F60001C4F20001F6
:1090C000884209D0FFE70398006844F20001C4F227
:1090D000010188420ED1FFE7009820F08000009047
:1090E00002988168009808430090009803990968E5
:1090F0008860FFE7039901200864FFE703990020D7
:10910000C863FFE700200490FFE7049805B07047AC
:1091100084B00290019100200090FFE70298C06B9C
:10912000012803D1FFE70220039071E0029901209A
:10913000C863FFE7FFE7009820F0FF000199C968C6
:1091400008430090009820F4407001998968084312
:109150000090009820F480600199496808430090CD
:10916000009820F400600199096808430090009875
:1091700020F480500199096908430090009820F478
:1091800000500199496908430090009820F48040FC
:109190000199896A08430090009820F47020019991
:1091A000896940EA01400090029800680021C4F2F9
:1091B0000101884209D0FFE70298006840F20041AF
:1091C000C4F20101884217D1FFE7009820F4700033
:1091D0000199496A40EA01500090009820F080709F
:1091E0000199C96908430090009820F00070019926
:1091F000096A08430090FFE70098029909684864EB
:10920000FFE702990020C863FFE700200390FFE713
:10921000039804B0704700BF8CB00A90099108927F
:109220000020079008980068082801D0FFE7FFE7B2
:10923000FFE70A98C06B012803D1FFE702200B90DB
:10924000A5E00A990120C863FFE7FFE708980068D6
:1092500001380146019107282DD80199DFE801F076
:10926000040E2B182B2B2B2201200590002003909D
:109270004FF4007004900920029022E00220059033
:10928000012003904FF4806004900A20029018E0BF
:1092900004200590022003904FF4006004900B20FE
:1092A00002900EE04FF4807005900820039000209B
:1092B0000490029005E00020059004900390029035
:1092C000FFE709980090012804D0FFE700980228E2
:1092D00029D051E00A980068006E0690059906981A
:1092E0008843069008984068039988400599014092
:1092F0000698084306900898006808280ED0FFE7F3
:1093000004990698884306900898806802998840D6
:1093100004990140069808430690FFE706980A99C9
:10932000096808662BE00A980068406E0690059967
:1093300006988843069008984068039988400599E4
:1093400001400698084306900898006808280ED047
:10935000FFE7049906988843069008988068029968
:10936000884004990140069808430690FFE7069854
:109370000A990968486602E001200790FFE7FFE7C5
:109380000A990020C863FFE707980B90FFE70B9846
:109390000CB0704700BF00BF83B001900091FFE7A1
:1093A0000198C06B012803D1FFE70220029016E06C
:1093B00001990120C863FFE7FFE701980068006E8C
:1093C00020F4703000990843019909680866FFE7A6
:1093D00001990020C863FFE700200290FFE7029890
:1093E00003B0704700BF00BF86B0049003910292A3
:1093F00000200190FFE70498C06B012803D1FFE72C
:109400000220059049E004990120C863FFE7FFE7C7
:10941000029800900C2835D80099DFE801F0073356
:109420003333123333331D33333328000498006849
:10943000806E20F00F00039908430499096888663C
:1094400023E004980068806E20F47060039908435C
:1094500004990968886618E004980068806E20F412
:109460007020039908430499096888660DE0049800
:109470000068806E20F070600399084304990968C1
:10948000886602E001200190FFE7FFE704990020D1
:10949000C863FFE701980590FFE7059806B070479D
:1094A00083B001900091FFE70198C06B012803D1C0
:1094B000FFE7022002901EE001990120C863FFE748
:1094C000FFE701990220086401980168886D20F087
:1094D00060408865009A01980168886D104388652E
:1094E000019901200864FFE701990020C863FFE7A4
:1094F00000200290FFE7029803B0704700BF00BF52
:1095000081B0009001B0704781B0009001B0704709
:1095100081B0009001B0704781B0009001B07047F9
:1095200081B000900098006C01B0704700BF00BF90
:1095300086B005900491049820B9FFE70598C06DA6
:10954000029019E00498042804D1FFE70598006E02
:1095500001900EE00498082804D1FFE70598406EBA
:10956000009003E00598806E0090FFE7009801905E
:10957000FFE701980290FFE702980390039806B076
:10958000704700000648804706480047FEE7FEE7B0
:10959000FEE7FEE7FEE7FEE7FEE7FEE7FEE7FEE7A3
:1095A0005908000899020008D2B201E000F8012B26
:1095B000491EFBD270470022F6E710B513460A4653
:1095C00004461946FFF7F0FF204610BD1CB50948B8
:1095D0000090094801900546009C06E0E06840F0D4
:1095E000010394E8070098471034AC42F6D3E6F73D
:1095F00057FE00005C9601087C96010802E008C84E
:10960000121F08C1002AFAD170477047002001E0FC
:1096100001C1121F002AFBD17047000000000102A7
:1096200003040102030406070809000610160006D9
:109630001016EFBFBDEFBFBDD7AAEFBFBDEFBFBDD7
:10964000EFBFBDEFBFBDEFBFBDEFBFBDEFBFBDEF14
:10965000BFBDEFBFBDEFBFBD000000008096010899
:109660000000002410000000FC95010890960108FD
:1096700010000024080900000C96010800000000FA
:109680000090D0030090D003010000001000000003
:040000050800029954
:00000001FF
