S315080000001809002485950108110800081908000830
S315080000102108000829080008310800080000000027
S315080000200000000000000000000000003908000879
S3150800003041080008000000004908000851080008A7
S315080000409F9501089F9501089F9501089F950108AE
S315080000509F9501089F9501089F9501089F9501089E
S315080000609F9501089F9501089F9501089F9501088E
S315080000709F9501089F9501089F9501089F9501087E
S315080000809F9501089F9501089F9501089F9501086E
S315080000909F9501089F9501089F9501089F9501085E
S315080000A09F9501089F9501089F9501089F9501084E
S315080000B09F9501089F9501089F9501089F9501083E
S315080000C09F9501089F9501089F9501089F9501082E
S315080000D09F9501089F9501089F9501089F9501081E
S315080000E09F9501089F950108000000009F9501084B
S315080000F09F9501089F9501089F9501089F950108FE
S315080001009F9501089F9501089F9501089F950108ED
S315080001109F9501089F9501089F9501089F950108DD
S315080001209F9501089F9501089F9501089F950108CD
S315080001309F9501089F9501089F9501089F950108BD
S3150800014000000000000000000000000000000000A1
S315080001509F9501089F9501089F9501089F9501089D
S315080001609F9501089F9501089F9501089F9501088D
S315080001709F9501089F9501089F9501089F9501087D
S315080001809F9501089F9501089F9501089F9501086D
S315080001909F9501089F9501089F9501089F9501085D
S315080001A09F9501089F9501089F9501089F9501084D
S315080001B09F9501089F9501089F9501089F9501083D
S315080001C09F9501089F9501089F9501089F9501082D
S315080001D09F9501089F9501089F9501089F9501081D
S315080001E09F9501089F9501089F9501089F9501080D
S315080001F09F9501089F9501089F9501089F950108FD
S315080002009F9501089F9501089F9501089F950108EC
S315080002109F9501089F9501089F9501089F950108DC
S315080002209F9501089F9501089F9501080000000009
S315080002309F9501089F950108000000009F950108F9
S315080002409F9501089F9501089F9501089F950108AC
S315080002509F9501089F9501089F9501089F9501089C
S315080002609F9501089F9501089F9501089F9501088C
S315080002709F9501089F9501089F95010800000000B9
S315080002809F9501089F9501089F95010800000000A9
S31508000290000000009F950108DFF80CD019F096F9C8
S315080002A000480047C9030008180900240000000098
S315080002B080B592B00020119010900F900E900D907E
S315080002C0FFE744F2E040C5F60200016841F010017C
S315080002D00160006800F010000C900C98FFE7FFE73B
S315080002E044F2E040C5F60200016841F004010160ED
S315080002F0006800F004000B900B98FFE7FFE744F254
S31508000300E040C5F60200016841F08001016000681E
S3150800031000F080000A900A98FFE7FFE744F2E04001
S31508000320C5F60200016841F001010160006800F0AD
S31508000330010009900998FFE741F20000C5F602009E
S315080003400190082100910022069207F085FB069A83
S315080003500020C5F6020003901021029107F07CFBED
S31508000360069A40F60000C5F602000790302104916F
S3150800037007F072FB009A019806990D9201220592E0
S315080003800E920F9110910DA9089107F049F8DDF822
S3150800039008C00398059B069A0899CDF834C00E93B1
S315080003A00F92109207F03CF8DDF810C0059B069AEC
S315080003B007980899CDF834C00E930F92109207F05B
S315080003C02FF812B080BD000080B5A6B0002022909C
S315080003D000F0A6F84EF61450CEF20000006880032E
S315080003E0002801D5FFE71AE0BFF34F8FBFF36F8FE1
S315080003F04EF65071CEF2000100200860BFF34F8F11
S31508000400BFF36F8F4EF61451CEF20001086840F420
S3150800041000300860BFF34F8FBFF36F8FFFE74EF6CC
S315080004201450CEF200000068C003002801D5FFE78B
S315080004303CE04EF68451CEF2000100200860BFF37E
S315080004404F8F4EF68050CEF2000000682590259812
S31508000450C0F34E302490FFE72598C0F3C9002390D7
S31508000460FFE724992398800761F34D104EF66071D3
S31508000470CEF2000108602398411E23910028F0D18E
S31508000480FFE72498411E24910028E5D1FFE7BFF332
S315080004904F8F4EF61451CEF20001086840F48030B2
S315080004A00860BFF34F8FBFF36F8FFFE701F0C0F807
S315080004B000F062F8FFF7FCFE00F0DAF800F0F8FB4F
S315080004C002A8802119F077F8002000908DF807001F
S315080004D001F026F8009800F087FC009800F0E0FC90
S315080004E000F02AFD009949F23262C0F60102084678
S315080004F000F092FE4FF4FA7001F0CEF940F2A00037
S31508000500C2F200403C2113F097FEFFE72420C4F214
S31508000510000000688DF80700F8E700BF00BF00BFBD
S3150800052080B586B000200190059004900390029053
S3150800053001F0DEFD019801218DF808108DF80900FB
S3150800054003901F228DF8102087228DF811208DF830
S3150800055012008DF813008DF814108DF815108DF80B
S3150800056016008DF8170002A801F016FE042001F007
S31508000570D3FD06B080BD00BF80B59EB00BA84C2148
S3150800058019F019F8002001900A9009900890079030
S315080005900690059004900390022007F04DFCFFE7B3
S315080005A00020029044F61800C5F60200016841F4DE
S315080005B040410160006800F44040029040F22C403F
S315080005C0C5F60000016841F001010160006800F00D
S315080005D0010002900298FFE7FFE744F61800C5F607
S315080005E00200006800F40050B0F5005F01D0FFE794
S315080005F0F3E701200B904FF480300C900220149002
S31508000600159005211691C0221792189019911A90E3
S3150800061008201B9000201C901D900BA808F0E4FAF7
S3150800062018B1FFE700F01CF8FFE73F20039003200E
S315080006300490002005900820069040200790089016
S315080006404FF4806109910A9003A8042109F060F823
S3150800065018B1FFE700F004F8FFE71EB080BD00BF41
S3150800066081B0EFF3108072B60090FFE7FEE7000056
S3150800067080B582B040F21400C2F20040009043F206
S315080006800001C4F2010101604FF4800141600021BC
S31508000690019181600722C2604FF0007202614FF03B
S315080006A0807242614FF080628261C161016241627B
S315080006B08162C16241638163C1630164416481648B
S315080006C0C1640165416581650CF0F2FD18B1FFE76B
S315080006D0FFF7C6FFFFE702B080BD00BF00BF00BF3F
S315080006E080B5B8B037900020369035903490339066
S315080006F0329002A8C02118F05EFF3798006843F2CE
S315080007000001C4F20101884249D1FFE700210391A3
S315080007104FF480500290192204924FF48072059289
S315080007201022069202220792089209910A910B91C9
S315080007301A9002A809F0F8FD18B1FFE7FFF790FF35
S31508000740FFE7FFE744F2F040C5F60200016841F40E
S3150800075080510160006800F4805001900198FFE71D
S31508000760FFE744F2E040C5F60200016841F00101E6
S315080007700160006800F0010000900098FFE7E020A3
S315080007803290022033900020349035900520369020
S315080007900020C5F6020032A906F042FEFFE738B08F
S315080007A080BD00BF00BF00BF80B582B00190019830
S315080007B0006843F20001C4F2010188420FD1FFE745
S315080007C044F2F041C5F60201086820F4805008603A
S315080007D00020C5F60200E02107F006F8FFE702B0A0
S315080007E080BD00000000000081B0FFE744F2F4403D
S315080007F0C5F60200016841F002010160006800F0D8
S31508000800020000900098FFE701B070470000000062
S31508000810FFE7FEE700BF00BFFFE7FEE700BF00BF38
S31508000820FFE7FEE700BF00BFFFE7FEE700BF00BF28
S31508000830FFE7FEE700BF00BF704700BF00BF00BF6D
S31508000840704700BF00BF00BF704700BF00BF00BFB2
S3150800085080B500F0CDFF80BD81B04EF68851CEF24E
S315080008600001086840F47000086042F20000C5F212
S315080008700020006800F00F0006280AD8FFE742F2B9
S315080008800001C5F200210868072262F30300086028
S31508000890FFE744F20041C5F60201086840F001008E
S315080008A0086044F21042C5F602020020106008688B
S315080008B04EF67F52CEF6F6221040086042F200004D
S315080008C0C5F20020006800F00F0008280AD3FFE7E9
S315080008D042F20001C5F200210868072262F303000C
S315080008E00860FFE744F21841C5F6020100200090AF
S315080008F0086044F21C41C5F60201086044F2204132
S31508000900C5F60201086044F22842C5F6020240F222
S315080009100021C0F20221116044F22C42C5F60202FF
S315080009200021C0F2FF11116044F23042C5F60202FE
S3150800093040F28021C0F20111116044F23442C5F63A
S315080009400202106044F23842C5F60202116044F20F
S315080009503C42C5F60202106044F24042C5F6020265
S31508000960116044F24441C5F60201086044F20042AF
S31508000970C5F60202116821F48021116044F2604133
S31508000980C5F60201086041F20001C5F60041096892
S31508000990B0EB517F07D1FFE748F20811C5F2001105
S315080009A001200860FFE744F20001C5F2002143F286
S315080009B0D200086001B070478BB044F21040C5F60B
S315080009C00200006800F0380001460191182800F27C
S315080009D033810199DFE811F0190030013001300147
S315080009E0300130013001300127003001300130017B
S315080009F030013001300130012D0030013001300165
S31508000A003001300130013001330044F20040C5F6B0
S31508000A1002000068C0F3C10149F20000C0F2D030FC
S31508000A20C840049016E140F60010C0F23D0004905C
S31508000A3010E147F64000C0F27D1004900AE144F246
S31508000A402840C5F60200016801F003010991006813
S31508000A50C0F30510089044F22C40C5F60200006861
S31508000A6000F001000790079844F23441C5F60201E8
S31508000A70096889B2C908484300EE100AB8EE400A68
S31508000A808DED030A0898002800F0D280FFE7099840
S31508000A90009040B1FFE70098012837D0FFE700989B
S31508000AA0022857D07AE044F20040C5F602000068F2
S31508000AB0C0F3C10149F20000C0F2D030C840069028
S31508000AC09DED060AB8EE400A9DED081AB8EE411AE1
S31508000AD080EE010A44F23040C5F6020000686FF362
S31508000AE05F2001EE100AB8EE411A9DED032A9FED2C
S31508000AF06D3A82EE032A31EE021AB7EE002A31EE7B
S31508000B00021A20EE010A8DED020A7AE09DED080A26
S31508000B10B8EE401A9FED640A80EE010A44F23040AE
S31508000B20C5F6020000686FF35F2001EE100AB8EE02
S31508000B30411A9DED032A9FED5B3A82EE032A31EEB8
S31508000B40021AB7EE002A31EE021A20EE010A8DEDDE
S31508000B50020A56E09DED080AB8EE401A9FED500AC3
S31508000B6080EE010A44F23040C5F6020000686FF3D1
S31508000B705F2001EE100AB8EE411A9DED032A9FED9B
S31508000B80493A82EE032A31EE021AB7EE002A31EE0E
S31508000B90021A20EE010A8DED020A32E044F2004004
S31508000BA0C5F602000068C0F3C10149F20000C0F2B0
S31508000BB0D030C84006909DED060AB8EE400A9DED75
S31508000BC0081AB8EE411A80EE010A44F23040C5F61A
S31508000BD0020000686FF35F2001EE100AB8EE411AB2
S31508000BE09DED032A9FED2F3A82EE032A31EE021A73
S31508000BF0B7EE002A31EE021A20EE010A8DED020A3E
S31508000C00FFE744F23040C5F60200006881B20120D1
S31508000C1000EB51200A909DED020A9DED0A1AB8EEE6
S31508000C20411A80EE010ABCEEC00A8DED040A02E004
S31508000C3000200490FFE70DE044F20040C5F60200EC
S31508000C400068C0F3C10149F20000C0F2D030C840C4
S31508000C500490FFE744F21842C5F602021068C0F392
S31508000C60032049F21A61C0F60101085C0590059B4C
S31508000C700498D84004900498126802F00F02895C20
S31508000C8001F01F01C84040F20401C2F200410860A9
S31508000C90049840F20001C2F2004108600BB07047A8
S31508000CA020BCBE4B000000460024744A0000000029
S31508000CB080B58EB005A80090242118F07CFC009918
S31508000CC00022019204920392029240F2A000C2F21C
S31508000CD000404FF080430360426082604FF0FF336C
S31508000CE0C360026182610323059306920123079379
S31508000CF0089209920A920B930C920D9213F0CCF972
S31508000D0018B1FFE7FFF7ACFCFFE70020029004905C
S31508000D1040F2A000C2F2004002A918F055F918B135
S31508000D20FFE7FFF79DFCFFE70EB080BD00BF00BFE1
S31508000D3080B588B00790002006900590049003902F
S31508000D40029007980068B0F1804F2ED1FFE7FFE7C1
S31508000D5044F2E840C5F60200016841F0010101606D
S31508000D60006800F0010001900198FFE7FFE744F2F0
S31508000D70E040C5F60200016841F001010160006823
S31508000D8000F0010000900098FFE70320029002207F
S31508000D900390002004900590012006900020C5F6D7
S31508000DA0020002A906F03CFBFFE708B080BD00BFC1
S31508000DB080B582B0019001980068B0F1804F0FD1DC
S31508000DC0FFE744F2E841C5F60201086820F0010091
S31508000DD008600020C5F60200032106F005FDFFE7BE
S31508000DE002B080BD0000000080B582B08DF8070013
S31508000DF09DF8070028B9FFE7A620002100F010F8A3
S31508000E00FFE79DF80700012805D1FFE7A720002185
S31508000E1000F006F8FFE702B080BD00BF00BF00BFC4
S31508000E2080B584B08DF80F008DF80E109DF80E0071
S31508000E3040B1FFE70020C5F602001021012206F0A6
S31508000E400BFE07E00020C5F602001021002206F07E
S31508000E5003FEFFE740F60000C5F6020000901021E9
S31508000E600191002206F0F8FD40F21400C2F200409B
S31508000E700DF10F01012202924FF4FA730CF0A8FB50
S31508000E800199029A009806F0E7FD0199029A002056
S31508000E90C5F6020006F0E0FD04B080BD00BF00BF45
S31508000EA080B584B08DF80F009DF80F0050B9FFE7A4
S31508000EB0C82000210291FFF7B3FF0299A120FFF78E
S31508000EC0AFFFFFE79DF80F0001280AD1FFE7C02012
S31508000ED000210191FFF7A4FF0199A020FFF7A0FFC9
S31508000EE0FFE704B080BD00BF80B582B08D20002129
S31508000EF00191FFF795FF01991420FFF791FF0199DA
S31508000F00AF20FFF78DFF02B080BD00BF00BF00BF56
S31508000F1080B582B08D2000210191FFF781FF0199EC
S31508000F201020FFF77DFF0199AE20FFF779FF02B089
S31508000F3080BD00BF00BF00BF80B582B000208DF81D
S31508000F400700FFE79DF8070007282BDCFFE79DF859
S31508000F500700B030C0B200210091FFF761FF009989
S31508000F601020FFF75DFF00990846FFF759FF009824
S31508000F708DF80600FFE79DF806007F280BDCFFE7E3
S31508000F8000200121FFF74CFFFFE79DF8060001301E
S31508000F908DF80600EFE7FFE79DF8070001308DF8AA
S31508000FA00700CFE702B080BD80B582B08DF8070094
S31508000FB08DF806109DF80600B030C0B200210091E9
S31508000FC0FFF72EFF00999DF8070000091030FFF77C
S31508000FD027FF00999DF8070000F00F00FFF720FF94
S31508000FE002B080BD00BF00BF80B584B0039000206A
S31508000FF08DF80B00FFE79DF80B00072825DCFFE7B7
S315080010009DF80B1000200190FFF7CEFF01988DF890
S315080010100A00FFE79DF80A007F280FDCFFE7039820
S3150800102000780121FFF7FCFE039801300390FFE7E3
S315080010309DF80A0001308DF80A00EBE7FFE79DF8F6
S315080010400B0001308DF80B00D5E704B080BD00BF5A
S3150800105080B584B08DF80F008DF80E10029200202E
S315080010608DF80600FFE79DF8060001282ADCFFE751
S315080010709DF80F009DF80E10FFF796FF00208DF8DB
S315080010800700FFE79DF807000F280FDCFFE7029827
S3150800109000780121FFF7C4FE029801300290FFE7AD
S315080010A09DF8070001308DF80700EBE79DF80E0064
S315080010B001308DF80E00FFE79DF8060001308DF827
S315080010C00600D0E704B080BD80B584B08DF80F0067
S315080010D08DF80E10029200208DF80600FFE79DF8A5
S315080010E0060001282ADCFFE79DF80F009DF80E1080
S315080010F0FFF75AFF00208DF80700FFE79DF8070065
S3150800110007280FDCFFE7029800780121FFF788FE21
S31508001110029801300290FFE79DF8070001308DF82C
S315080011200700EBE79DF80E0001308DF80E00FFE78B
S315080011309DF8060001308DF80600D0E704B080BDA2
S3150800114080B584B08DF80F008DF80E1002929DF8C8
S315080011500F009DF80E10FFF727FF00208DF80700F7
S31508001160FFE79DF8070005280FDCFFE702980078DF
S315080011700121FFF755FE029801300290FFE79DF81E
S31508001180070001308DF80700EBE704B080BD00BF0B
S3150800119080B588B084460A988DF81FC08DF81E1051
S315080011A08DF81D2006938DF8170003208DF8120080
S315080011B09DF81F008DF813009DF81E008DF8140089
S315080011C09DF81D008DF8150040F60000C5F60200D2
S315080011D0039020210291002206F03EFC40F2140002
S315080011E0C2F2004001900DF1120104224FF4FA7385
S315080011F000930CF0EDF9009B019806999DF81720CD
S315080012000CF08EFC02990398012206F025FC08B022
S3150800121080BD00BF00BF00BF80B596B08DF85700EF
S315080012208DF85610149200208DF84F00FFE7149899
S315080012309DF84F10405C0128C0F20481FFE714981E
S315080012409DF84F10405CB0284CDBFFE714989DF8DA
S315080012504F10405CF72845DCFFE714999DF84F00CE
S3150800126008444078A1283DDBFFE714989DF84F20F5
S315080012708118805CB0384A785E2110FB012145F25E
S31508001280A05000EB411140F21000C2F2004001608C
S3150800129041888DF84E100168090A8DF84D100068CE
S315080012A08DF84C009DF84E009DF84D109DF84C2089
S315080012B0EC462023CCF800300BAB0693FFF768FF0B
S315080012C0069A9DF857009DF85610FFF7C1FE9DF83F
S315080012D0570010308DF857009DF84F0002308DF8F2
S315080012E04F00AEE014989DF84F10405CA12852DBE1
S315080012F0FFE714989DF84F10405CA3284BDCFFE7E6
S3150800130014999DF84F0008444078A12843DBFFE76D
S3150800131014989DF84F10405CA1385E21414340F275
S315080013201000C2F2004004900160149A9DF84F1014
S315080013301144497802681144A139016001684901DC
S31508001340016041888DF84E100168090A8DF84D1024
S3150800135000688DF84C009DF84E009DF84D109DF8DC
S315080013604C20EC462023CCF800300BAB0593FFF756
S315080013700FFF059A9DF857009DF85610FFF768FE6F
S315080013809DF8570010308DF857009DF84F00023031
S315080013908DF84F0054E014989DF84F10405C2028B3
S315080013A047DBFFE714989DF84F10405C7E2840DC29
S315080013B0FFE714989DF84F10405CA0F1200140F219
S315080013C01000C2F200400290016001680901016044
S315080013D001684CF68072C0F203021144016041882C
S315080013E08DF84E100168090A8DF84D1000688DF8C1
S315080013F04C009DF84E009DF84D109DF84C20EC468B
S315080014001023CCF8003007AB0393FFF7C1FE039A0D
S315080014109DF857009DF85610FFF756FE9DF85700A1
S3150800142008308DF857009DF84F0001308DF84F00B1
S3150800143005E09DF84F0001308DF84F00FFE7FFE704
S31508001440FFE7F4E616B080BD80B588B08DF81F00BA
S315080014508DF81E10069200208DF81700FFE70698F3
S315080014609DF81710405C012855DBFFE706989DF8A4
S315080014701710405C202847DBFFE706989DF81710F1
S31508001480405C7E2840DCFFE706989DF81710405C14
S31508001490A0F1200140F21000C2F200400190016064
S315080014A00168C900016001684BF6C072C0F2030208
S315080014B01144016041888DF816100168090A8DF8F3
S315080014C0151000688DF814009DF816009DF8151083
S315080014D09DF81420EC460823CCF8003003AB0293A1
S315080014E0FFF756FE029A9DF81F009DF81E10FFF79B
S315080014F027FE9DF81F0006308DF81F009DF817007F
S3150800150001308DF8170005E09DF8170001308DF8B9
S315080015101700FFE7A3E708B080BD00BF00BF00BF04
S3150800152080B586B0AE2000210491FFF779FC0499B6
S315080015300846FFF775FC04991020FFF771FC04991B
S3150800154040200290FFF76CFC04998120FFF768FCA5
S315080015500499CF20FFF764FC0499A120FFF760FCEB
S315080015600499C820FFF75CFC0499A6200390FFF7AE
S3150800157057FC0499A820FFF753FC04993F20FFF76E
S315080015804FFC0499D320FFF74BFC04990846FFF754
S3150800159047FC0499D520FFF743FC04998020FFF700
S315080015A03FFC0499D920FFF73BFC0499F120FFF78B
S315080015B037FC0499DA20FFF733FC04991220FFF769
S315080015C02FFC0499DB20FFF72BFC02980499FFF700
S315080015D027FC04992020FFF723FC04990220FFF733
S315080015E01FFC04998D20FFF71BFC04991420FFF7B4
S315080015F017FC0499A420FFF713FC03980499FFF736
S315080016000FFCFFF799FC0499AF20FFF709FC049833
S315080016108DF817006846012202600DF1170310467F
S315080016201146FFF7B5FD06B080BD000000000000BA
S3150800163080B582B0032000F02BFC08F0A9FA44F22A
S315080016401842C5F602021168C1F3032349F21A616A
S31508001650C0F60101CB5C03F01F03D8400090009848
S31508001660126802F00F02895C01F01F01C84040F2BF
S315080016700401C2F200410860009840F20001C2F27B
S31508001680004108600F2000F00FF818B1FFE70120AD
S31508001690019004E0FFF7A8F800200190FFE7019801
S315080016A002B080BD00BF00BF80B582B0009040F296
S315080016B00800C2F20040006818B9FFE7012001904F
S315080016C02DE040F20000C2F20040006840F2080136
S315080016D0C2F200410A684FF47A71B1FBF2F1B0FB2D
S315080016E0F1F000F0D1FC18B1FFE70120019016E0F7
S315080016F000980F280DD8FFE700994FF0FF30002219
S3150800170000F0EEFB009840F20C01C2F200410860BE
S3150800171002E00120019002E000200190FFE7019815
S3150800172002B080BD00BF00BF704700BF00BF00BF4A
S3150800173080B582B044F27C41C5F6020145F231001B
S31508001740C0F20100086000200190086044F2804160
S31508001750C5F602014CF22302C0F600220A600860B0
S3150800176044F28441C5F6020140F271220A6008601B
S3150800177044F28841C5F6020140F2FF72C0F22832EF
S315080017800A60086044F28C41C5F6020118220A6014
S31508001790086044F29041C5F602014CF2FF32CEF6DB
S315080017A0FF020A60086044F29441C5F602014FF44C
S315080017B09B720A60086044F29841C5F6020143F23A
S315080017C03302C3F2D7120A60086044F29C41C5F698
S315080017D002014DF6AA62C0F220020A60086000F013
S315080017E003F8019802B080BD704700BF00BF00BF74
S315080017F040F20800C2F20040026840F21011C2F23C
S315080018000041086810440860704700BF00BF00BF69
S3150800181040F21010C2F200400068704700BF00BFD7
S3150800182040F20C00C2F200400068704700BF00BFDB
S3150800183080B584B003900020029040F20800C2F2FE
S3150800184000400068039988421BD0FFE740F2080170
S31508001850C2F20041086801900398086040F20C0043
S31508001860C2F200400068FFF71FFF0290029838B1E5
S31508001870FFE7019840F20801C2F200410860FFE75D
S31508001880FFE7029804B080BD40F20800C2F20040AB
S315080018900068704700BF00BF80B584B00390FFF7AB
S315080018A0B7FF0290039801900198013048B1FFE70D
S315080018B040F20800C2F2004001680198084401900D
S315080018C0FFE7FFE7FFF7A4FF0299401A019988424C
S315080018D001D2FFE7F6E704B080BD00BF00BF00BF36
S315080018E04EF21001CEF20001086820F002000860EE
S315080018F0704700BF00BF00BF4EF21001CEF20001D4
S31508001900086840F002000860704700BF00BF00BFCB
S3150800191040F20050C0F20B10704700BF00BF00BF76
S3150800192041F20000C5F600400068000C704700BF91
S3150800193041F20000C5F6004000686FF31F3070479B
S315080019404EF60000C1F6F1700068704700BF00BF90
S315080019504EF60400C1F6F1700068704700BF00BF7C
S315080019604EF60800C1F6F1700068704700BF00BF68
S3150800197081B0009043F60041C5F60001086820F0E2
S315080019807000009A1043086001B0704700BF00BF9E
S3150800199081B0009043F60041C5F60001086820F0C2
S315080019A00200009A1043086001B0704700BF00BFEC
S315080019B081B0009043F60441C5F60001086820F09E
S315080019C03F00009A1043086001B0704700BF00BF8F
S315080019D080B582B043F60041C5F60001086840F0BC
S315080019E001000860FFF714FF0090FFE743F6004088
S315080019F0C5F600000068000700280BD4FFE7FFF7CC
S31508001A0007FF0099401A0B2803D3FFE7032001902C
S31508001A1003E0EBE700200190FFE7019802B080BDE4
S31508001A2043F60041C5F60001086820F00100086089
S31508001A30704700BF00BF00BF81B0009040F204416C
S31508001A40C5F60001086820F46000009A1043086093
S31508001A5001B0704700BF00BF82B00190009140F20C
S31508001A600441C5F600010868019A9043009A10439C
S31508001A70086002B0704700BF40F20441C5F6000195
S31508001A80086840F480700860704700BF00BF00BF58
S31508001A9040F20441C5F60001086820F48070086029
S31508001AA0704700BF00BF00BF82B001900091019847
S31508001AB058B9FFE740F20871C5F600010868BDF895
S31508001AC00220C0EA024008600CE040F20C71C5F63C
S31508001AD0000108684FF6FF729043BDF802201044D3
S31508001AE00860FFE702B0704740F22041C5F60001E2
S31508001AF0086840F001000860704700BF00BF00BFDB
S31508001B0040F22041C5F60001086820F0010008608F
S31508001B10704700BF00BF00BF40F22041C5F6000174
S31508001B20086840F480300860704700BF00BF00BFF7
S31508001B3040F22041C5F60001086820F480300860AC
S31508001B40704700BF00BF00BF81B0009040F220413F
S31508001B50C5F60001086820F00200009A10430860E4
S31508001B6001B0704700BF00BF82B00190009140F2FB
S31508001B702841C5F60001086820F0FF00019B009A7D
S31508001B8042EA03121043086002B0704700BF00BF64
S31508001B9041F20401C5F60041086840F001000860FA
S31508001BA0704700BF00BF00BF41F20401C5F60041FF
S31508001BB0086820F001000860704700BF00BF00BF3A
S31508001BC041F20401C5F60041086840F002000860C9
S31508001BD0704700BF00BF00BF41F20401C5F60041CF
S31508001BE0086820F002000860704700BF00BF00BF09
S31508001BF041F20401C5F60041086840F00400086097
S31508001C00704700BF00BF00BF41F20401C5F600419E
S31508001C10086820F004000860704700BF00BF00BFD6
S31508001C2081B0009044F20001C5F20021086820F056
S31508001C304070009A1043086001B0704700BF00BFAB
S31508001C4044F20000C5F20020006800F040707047BA
S31508001C5082B001900091019800F01F02012101FA5B
S31508001C6002FC20F01F020423C5F60003D05820EA20
S31508001C700C00D050019800F01F0201FA02F320F080
S31508001C801F014FF0B0428858984388509DF80200CB
S31508001C90C00600280ED5FFE7019800F01F020121B3
S31508001CA001FA02F320F01F014FF0B042885818439A
S31508001CB08850FFE79DF80200800600280FD5FFE749
S31508001CC0019800F01F02012101FA02F320F01F011A
S31508001CD00422C5F60002885818438850FFE702B068
S31508001CE0704700BF00BF00BF81B00090009800F0A9
S31508001CF01F02012101FA02F320F01F010822C5F68E
S31508001D00000288581843885001B0704700BF00BFCA
S31508001D1081B00090009A02F01F01012088406FF000
S31508001D200F0101EA52018822C5F60002885001B067
S31508001D30704700BF00BF00BF83B0029001910092B8
S31508001D409DF80600C00730B3FFE7009888B9FFE79B
S31508001D50029901F01F02012000FA02F36FF00F004A
S31508001D6000EA51018022C5F6000288589843885037
S31508001D7010E0029901F01F02012000FA02F36FF049
S31508001D800F0000EA51018022C5F600028858184360
S31508001D908850FFE7FFE79DF806008007002826D54C
S31508001DA0FFE7009888B9FFE7029901F01F020120B2
S31508001DB000FA02F36FF00F0000EA51018422C5F61B
S31508001DC0000288589843885010E0029901F01F02D3
S31508001DD0012000FA02F36FF00F0000EA5101842295
S31508001DE0C5F60002885818438850FFE7FFE703B096
S31508001DF0704700BF00BF00BF84B0039002910192F4
S31508001E00029878B9FFE7039800F01F02012101FA4A
S31508001E1002F320F01F010C22C5F6000288589843E9
S31508001E2088500EE0039800F01F02012101FA02F320
S31508001E3020F01F010C22C5F6000288581843885066
S31508001E40FFE703980009C00748B9FFE7039820F0A1
S31508001E501F001021C5F600010844009008E0039809
S31508001E6020F01F001421C5F6000108440090FFE782
S31508001E7000980068039A1E2101EA42020321914054
S31508001E8088430199914008430099086004B0704757
S31508001E9080B582B00190019800F002F802B080BDCA
S31508001EA083B00290029800F0070000904EF60C519D
S31508001EB0CEF200010868019001984FF6FF02104023
S31508001EC001900198009A40EA02200022C0F2FA52D4
S31508001ED0104301900198086003B0704700BF00BF27
S31508001EE080B586B005900491039200F011F802902F
S31508001EF00598019002980499039A00F031F8014672
S31508001F00019800F00DF806B080BD00BF00BF00BF05
S31508001F104EF60C50CEF200000068C0F3022070475F
S31508001F2082B0019000910198002809D4FFE7009833
S31508001F30000101994EF20042CEF2000288540AE0EE
S31508001F4000980001019901F00F014EF61452CEF2E5
S31508001F5000028854FFE702B0704700BF00BF00BF09
S31508001F6088B0079006910592079800F0070004903C
S31508001F700498C0F10700052803D3FFE70420019061
S31508001F8004E00498C0F107000190FFE70198039068
S31508001F9004980430062803D8FFE70020009003E0E1
S31508001FA0049803380090FFE7009802900698039972
S31508001FB0012202FA01F101390840029B984005996D
S31508001FC09A40013A1140084308B0704700BF00BF65
S31508001FD080B582B00190019800F002F802B080BD89
S31508001FE081B00090009800280DD4FFE7009901F011
S31508001FF01F02012090404A094EF20011CEF200015C
S3150800200041F82200FFE701B0704700BF00BF00BFDC
S3150800201080B582B00190019800F002F802B080BD48
S3150800202081B000900098002811D4FFE7009901F0CC
S315080020301F02012090404A094EF28011CEF200019B
S3150800204041F82200BFF34F8FBFF36F8FFFE701B050
S31508002050704700BF00BF00BF00F002F800BF00BF16
S31508002060BFF34F8F4EF60C51CEF20001086800F40C
S31508002070E0600422C0F2FA5210430860BFF34F8FA3
S31508002080FFE700BFFDE700BF80B582B00190019869
S3150800209000F002F802B080BD80B582B000900098CA
S315080020A00138B0F1807F03D3FFE70120019019E0E2
S315080020B0009801384EF21401CEF2000108604FF084
S315080020C0FF300F21FFF72CFF4EF21801CEF2000168
S315080020D0002008604EF21002CEF2000207211160BD
S315080020E00190FFE7019802B080BD00BF00BF00BFA6
S315080020F0BFF35F8F4EF62451CEF20001086820F434
S31508002100803008604EF69451CEF200010020086037
S31508002110704700BF00BF00BF81B00090009840F034
S3150800212001004EF69451CEF2000108604EF6245195
S31508002130CEF20001086840F480300860BFF34F8F84
S31508002140BFF36F8F01B0704781B0009000984EF6CC
S315080021509851CEF2000108604EF6A051CEF2000169
S31508002160086840F00100086001B0704700BF00BF72
S3150800217081B0009000984EF69851CEF200010860A2
S315080021804EF6A051CEF20001086820F00100086062
S3150800219001B0704700BF00BF10B581B0009000982D
S315080021A040784EF69851CEF2000108604EF6A051DE
S315080021B0CEF20001086820F0010008600098406827
S315080021C04EF69C52CEF200021060DDF800E09EF852
S315080021D00C0000079EF80B2040EA02609EF80020DB
S315080021E09EF808309EF809C09EF80A4040EAC440A6
S315080021F09EF80D4040EA84409EF80E4040EA44406E
S315080022009EF80FE040EA0E4040EA0C2040EA430000
S315080022101043086001B010BD80B5FFF779FE80BD98
S3150800222080B584B00390029101920093039800F060
S3150800223043F80299019A009B00F002F804B080BDA9
S3150800224089B00890079106920593079800F0070051
S3150800225004900498C0F10700052803D3FFE704207B
S31508002260019004E00498C0F107000190FFE7019887
S31508002270039004980430062803D8FFE7002000904E
S3150800228003E0049803380090FFE700980290089846
S315080022900299C840039A012101FA02F2013A104054
S315080022A0069A10600898029A9140013908400599E3
S315080022B0086009B0704700BF82B0009000980028F7
S315080022C009D4FFE700984EF20041CEF20001405CC7
S315080022D0000901900AE0009800F00F004EF614512C
S315080022E0CEF20001405C00090190FFE7019802B0B8
S315080022F0704700BF00BF00BF80B582B0019001984B
S3150800230000F002F802B080BD81B000900098002865
S315080023100DD4FFE7009901F01F02012090404A09F9
S315080023204EF20021CEF2000141F82200FFE701B08B
S31508002330704700BF00BF00BF80B582B0019001980A
S3150800234000F002F802B080BD82B000900098002824
S3150800235010D4FFE7009841094EF20020CEF20000A3
S3150800236050F82100009901F01F01C84000F0010053
S31508002370019002E000200190FFE7019802B0704743
S3150800238080B582B00190019800F002F802B080BDD5
S3150800239081B00090009800280DD4FFE7009901F05D
S315080023A01F02012090404A094EF28021CEF2000118
S315080023B041F82200FFE701B0704700BF00BF00BF29
S315080023C080B582B00190019800F002F802B080BD95
S315080023D082B000900098002810D4FFE700984109C1
S315080023E04EF20030CEF2000050F82100009901F0BC
S315080023F01F01C84000F00100019002E00020019092
S31508002400FFE7019802B0704781B000900098042851
S3150800241009D1FFE74EF21001CEF20001086840F03C
S315080024200400086008E04EF21001CEF200010868C8
S3150800243020F004000860FFE701B0704700BF00BF46
S3150800244080B500F001F880BD704700BF00BF00BF2F
S31508002450032070470000000010B58EB00C90FFF7FF
S31508002460D7F90A900C9820B9FFE701200D9000F0E3
S3150800247093BC0C98016801201022C4F20202914212
S31508002480079000F0A380FFE70C9801680120282236
S31508002490C4F202029142079000F09880FFE70C9878
S315080024A0016801204022C4F202029142079000F01E
S315080024B08D80FFE70C98016801205822C4F20202B9
S315080024C09142079000F08280FFE70C98016801208E
S315080024D07022C4F202029142079077D0FFE70C9867
S315080024E0016801208822C4F20202914207906DD049
S315080024F0FFE70C9801680120A022C4F2020291426B
S31508002500079063D0FFE70C9801680120B822C4F24F
S3150800251002029142079059D0FFE70C980168012002
S3150800252040F21042C4F20202914207904ED0FFE7F1
S315080025300C980168012040F22842C4F20202914236
S31508002540079043D0FFE70C980168012040F240420B
S31508002550C4F202029142079038D0FFE70C9801684E
S31508002560012040F25842C4F20202914207902DD04F
S31508002570FFE70C980168012040F27042C4F202029B
S315080025809142079022D0FFE70C980168012040F29B
S315080025908842C4F202029142079017D0FFE70C98CE
S315080025A00168012040F2A042C4F20202914207905B
S315080025B00CD0FFE70C9800684FF64831CBF6FD7152
S315080025C00844B0FA80F040090790FFE70798C0076B
S315080025D0002800F07381FFE70C98406A08B1FFE70E
S315080025E0FFE70C9902208863FFE70C9900204863EF
S315080025F0FFE70C9800681021C4F20201884200F037
S315080026008180FFE70C9800682821C4F202018842FD
S3150800261078D0FFE70C9800684021C4F2020188428E
S3150800262070D0FFE70C9800685821C4F2020188426E
S3150800263068D0FFE70C9800687021C4F2020188424E
S3150800264060D0FFE70C9800688821C4F2020188422E
S3150800265058D0FFE70C980068A021C4F2020188420E
S3150800266050D0FFE70C980068B821C4F202018842EE
S3150800267048D0FFE70C98006840F21041C4F2020106
S3150800268088423FD0FFE70C98006840F22841C4F220
S315080026900201884236D0FFE70C98006840F24041B4
S315080026A0C4F2020188422DD0FFE70C98006840F278
S315080026B05841C4F20201884224D0FFE70C9800680A
S315080026C040F27041C4F2020188421BD0FFE70C9821
S315080026D0006840F28841C4F20201884212D0FFE73E
S315080026E00C98006840F2A041C4F20201884209D061
S315080026F0FFE70C98006840F2B841C4F2020188422C
S3150800270007D1FFE70C980168086820F00100086007
S3150800271006E00C980168086820F001000860FFE7E9
S31508002720FFE70C9800680068C00788B1FFE7FFF765
S315080027306FF80A99401A062809D3FFE70C99202052
S3150800274088650C990320886301200D9024E3E8E747
S315080027500C98006800680B900B9848F23F01CFF67A
S31508002760106108400B900C998868D1F80CC00B6969
S315080027704A6940EA0C00184310438A691043CA693B
S315080027801043096A01430B9808430B900C98406A5A
S31508002790042808D1FFE70C99C86A096B01430B980E
S315080027A008430B90FFE741F20000C5F600400068B9
S315080027B04FF6FF718843B0F1005F40D3FFE70C98EE
S315080027C04068292807D3FFE70C98416801202F297C
S315080027D006902AD3FFE70C9840683F2807D3FFE7FF
S315080027E00C9841680120432906901ED3FFE70C98F0
S315080027F04068472807D3FFE70C9841680120492914
S31508002800069012D3FFE70C98416800204F290590DF
S3150800281008D3FFE70C9841680020532938BF0120E8
S315080028200590FFE705980690FFE70698C00728B1C8
S31508002830FFE70B9840F480100B90FFE7FFE70B9833
S315080028400C99096808600C98006840690B900B9809
S3150800285020F007000B900C98416A0B9808430B90E0
S315080028600C98406A042818D1FFE70C98816A0B98DF
S3150800287008430B900C98C06A70B1FFE70C9800F0FB
S315080028808FFA40B1FFE70C99402088650C99012022
S3150800289088630D9080E2FFE7FFE70B980C990968BB
S315080028A048610C9800F0ECFA09900C98006E00F05C
S315080028B01F013F2088400999886022E10C98016829
S315080028C0012045F20842C5F60202914204904ED014
S315080028D0FFE70C980168012045F21C42C5F6020282
S315080028E09142049043D0FFE70C980168012045F215
S315080028F03042C5F602029142049038D0FFE70C98A0
S315080029000168012045F24442C5F60202914204904C
S315080029102DD0FFE70C980168012045F25842C5F60C
S3150800292002029142049022D0FFE70C980168012028
S3150800293045F26C42C5F602029142049017D0FFE7B1
S315080029400C980168012045F28042C5F602029142C0
S3150800295004900CD0FFE70C9800684AF66C31CAF26E
S31508002960FD710844B0FA80F040090490FFE7049826
S31508002970C007002800F0BB80FFE70C98016801201B
S3150800298045F20842C5F60202914203904ED0FFE78F
S315080029900C980168012045F21C42C5F602029142D4
S315080029A0039043D0FFE70C980168012045F23042B6
S315080029B0C5F602029142039038D0FFE70C980168E9
S315080029C0012045F24442C5F60202914203902DD0F9
S315080029D0FFE70C980168012045F25842C5F6020245
S315080029E09142039022D0FFE70C980168012045F236
S315080029F06C42C5F602029142039017D0FFE70C9885
S31508002A000168012045F28042C5F602029142039010
S31508002A100CD0FFE70C9800684AF66C31CAF2FD71D3
S31508002A200844B0FA80F040090390FFE70398C0070E
S31508002A3008B1FFE7FFE70C9902208863FFE70C99C6
S31508002A4000204863FFE70C98006800680B900B9815
S31508002A506FF310100B900C988068402803D1FFE79D
S31508002A601020029008E00C9880688038B0FA80F050
S31508002A70400980030290FFE702980C99CA680B691F
S31508002A80D1F814C0D1F818E0CC694EEA040E4CEA25
S31508002A900E0C43EA0C031A4340EAD200096A40EADC
S31508002AA011110B9808430B900B980C99096808604C
S31508002AB00C9908684AF6F832CAF2FD7210444CF6C8
S31508002AC0CD42CCF6CC42A0FB02026FF0030000EA2E
S31508002AD0920008660C9800F0D3F908900C98006EDE
S31508002AE000F01F01012088400899486008E00C9909
S31508002AF0402088650C990320886301200D904BE1DE
S31508002B00FFE70C98016801201022C4F202029142E4
S31508002B10019000F00381FFE70C9801680120282244
S31508002B20C4F202029142019000F0F880FFE70C9887
S31508002B30016801204022C4F202029142019000F08D
S31508002B40ED80FFE70C98016801205822C4F20202C2
S31508002B509142019000F0E280FFE70C98016801209D
S31508002B607022C4F202029142019000F0D780FFE77A
S31508002B700C98016801208822C4F202029142019051
S31508002B8000F0CC80FFE70C9801680120A022C4F26F
S31508002B9002029142019000F0C180FFE70C9801689B
S31508002BA00120B822C4F202029142019000F0B680D8
S31508002BB0FFE70C980168012040F21042C4F20202B5
S31508002BC09142019000F0AA80FFE70C980168012065
S31508002BD040F22842C4F202029142019000F09E801F
S31508002BE0FFE70C980168012040F24042C4F2020255
S31508002BF09142019000F09280FFE70C98016801204D
S31508002C0040F25842C4F202029142019000F08680D6
S31508002C10FFE70C980168012040F27042C4F20202F4
S31508002C20914201907AD0FFE70C980168012040F2A2
S31508002C308842C4F20202914201906FD0FFE70C98D5
S31508002C400168012040F2A042C4F2020291420190BA
S31508002C5064D0FFE70C980168012040F2B842C4F23C
S31508002C6002029142019059D0FFE70C9801680120B1
S31508002C7045F20842C5F60202914201904ED0FFE79E
S31508002C800C980168012045F21C42C5F602029142E1
S31508002C90019043D0FFE70C980168012045F23042C5
S31508002CA0C5F602029142019038D0FFE70C980168F8
S31508002CB0012045F24442C5F60202914201902DD008
S31508002CC0FFE70C980168012045F25842C5F6020252
S31508002CD09142019022D0FFE70C980168012045F245
S31508002CE06C42C5F602029142019017D0FFE70C9894
S31508002CF00168012045F28042C5F602029142019020
S31508002D000CD0FFE70C9800684AF66C31CAF2FD71E0
S31508002D100844B0FA80F040090190FFE70198C0071F
S31508002D2090B3FFE70C9800F093F90C988068802818
S31508002D3004D1FFE70C9900204860FFE70C99087951
S31508002D40496E08600C98816EC06E48600C984068A1
S31508002D5088B1FFE70C98406808280CD8FFE70C985C
S31508002D6000F032FA0C98016F002008600C98416F49
S31508002D70806F486007E00C99002008670C9948673F
S31508002D800C998867FFE7FFE70C99002088650C9A7D
S31508002D90012191630D90FFE70D980EB010BD00BF9D
S31508002DA085B00490002003900498806908BBFFE76B
S31508002DB00498806A0290032819D80299DFE801F07E
S31508002DC0020C0216049890F82F00C00718B1FFE706
S31508002DD001200390FFE70BE00498C06AB0F1C07FBA
S31508002DE003D1FFE701200390FFE701E000E0FFE7DA
S31508002DF042E004988069B0F5005F23D1FFE70498A4
S31508002E00806A019003281BD80199DFE801F00205C2
S31508002E10020F0120039014E0049890F82F00C007D1
S31508002E2018B1FFE701200390FFE70AE00498C06A9B
S31508002E30B0F1C07F03D1FFE701200390FFE700E070
S31508002E40FFE718E00498806A0090032804D3FFE798
S31508002E500098032803D00CE0012003900AE00498A8
S31508002E6090F82F00C00718B1FFE701200390FFE78D
S31508002E7000E0FFE7FFE7FFE7039805B0704700BFEC
S31508002E8083B002900298016801201022C4F202025F
S31508002E909142009000F0A380FFE7029801680120A4
S31508002EA02822C4F202029142009000F09880FFE7BF
S31508002EB00298016801204022C4F202029142009061
S31508002EC000F08D80FFE70298016801205822C4F2BD
S31508002ED002029142009000F08280FFE702980168A2
S31508002EE001207022C4F202029142009077D0FFE7D7
S31508002EF00298016801208822C4F2020291420090D9
S31508002F006DD0FFE7029801680120A022C4F20202F0
S31508002F109142009063D0FFE7029801680120B82229
S31508002F20C4F202029142009059D0FFE70298016864
S31508002F30012040F21042C4F20202914200904ED0A3
S31508002F40FFE702980168012040F22842C4F2020213
S31508002F509142009043D0FFE702980168012040F2B1
S31508002F604042C4F202029142009038D0FFE702982C
S31508002F700168012040F25842C4F2020291420090D0
S31508002F802DD0FFE702980168012040F27042C4F292
S31508002F9002029142009022D0FFE7029801680120C0
S31508002FA040F28842C4F202029142009017D0FFE72D
S31508002FB002980168012040F2A042C4F2020291423E
S31508002FC000900CD0FFE7029800684FF64831CBF620
S31508002FD0FD710844B0FA80F040090090FFE70098B8
S31508002FE0C00740B3FFE70298007810384AF6AB21CD
S31508002FF0CAF6AA21A0FB011000090190019800F069
S31508003000070149F22A60C0F60100405C0299086689
S315080030100198042807D3FFE702990868042262F397
S315080030200900C86506E00299086840F2FF32904335
S31508003030C865FFE705E00299086820F0FF00C86543
S31508003040FFE70298C06D03B0704700BF00BF00BF1E
S3150800305084B00390039800680190039801680120E2
S3150800306045F20842C5F60202914200904ED0FFE7AB
S3150800307003980168012045F21C42C5F602029142F6
S31508003080009043D0FFE703980168012045F23042DB
S31508003090C5F602029142009038D0FFE7039801680E
S315080030A0012045F24442C5F60202914200902DD015
S315080030B0FFE703980168012045F25842C5F6020267
S315080030C09142009022D0FFE703980168012045F25B
S315080030D06C42C5F602029142009017D0FFE70398AA
S315080030E00168012045F28042C5F60202914200902D
S315080030F00CD0FFE7039800684AF66C31CAF2FD71F6
S315080031000844B0FA80F040090090FFE70098C0072D
S3150800311010B3FFE70398007808384CF6CD41CCF693
S31508003120CC41A0FB011000090290029945F6000067
S31508003130C5F6020000EB810003994866039945F637
S315080031408000C5F602008866029800F01F0101207B
S3150800315088400399C86635E00398007810384AF61F
S31508003160AB21CAF6AA21A0FB01100009029001981A
S3150800317040F2B841C4F2020188420CD8FFE7019830
S3150800318040F21041C4F20201884204D3FFE70298D4
S3150800319008300290FFE7029940F60000C4F20200E8
S315080031A000EB810003994866039940F68000C4F253
S315080031B002008866029800F01F01012088400399E2
S315080031C0C866FFE704B0704783B00290029800799A
S315080031D001900198002800F08A80FFE701980828E6
S315080031E000F28580FFE702980168012045F208424F
S315080031F0C5F60202914200904ED0FFE70298016898
S31508003200012045F21C42C5F602029142009043D0C5
S31508003210FFE702980168012045F23042C5F602022E
S315080032209142009038D0FFE702980168012045F2E4
S315080032304442C5F60202914200902DD0FFE702985B
S315080032400168012045F25842C5F6020291420090F3
S3150800325022D0FFE702980168012045F26C42C5F6C4
S3150800326002029142009017D0FFE7029801680120F8
S3150800327045F28042C5F60202914200900CD0FFE763
S31508003280029800684AF66C31CAF2FD710844B0FA31
S3150800329080F040090090FFE70098C00780B1FFE77B
S315080032A0019945F6FC00C5F6020000EB810002997B
S315080032B00867029945F64010C5F6020048670FE010
S315080032C0019940F6FC00C4F2020000EB8100029965
S315080032D00867029940F64010C4F202004867FFE703
S315080032E00198411E0120884002998867FFE703B0CC
S315080032F0704700BF00BF00BF80B588B0069006982B
S3150800330018B9FFE7012007902BE2069800681021FC
S31508003310C4F20201884200F08180FFE7069800683F
S315080033202821C4F20201884278D0FFE7069800688F
S315080033304021C4F20201884270D0FFE7069800686F
S315080033405821C4F20201884268D0FFE7069800684F
S315080033507021C4F20201884260D0FFE7069800682F
S315080033608821C4F20201884258D0FFE7069800680F
S31508003370A021C4F20201884250D0FFE706980068EF
S31508003380B821C4F20201884248D0FFE706980068CF
S3150800339040F21041C4F2020188423FD0FFE7069886
S315080033A0006840F22841C4F20201884236D0FFE79D
S315080033B00698006840F24041C4F2020188422DD0C6
S315080033C0FFE70698006840F25841C4F202018842B5
S315080033D024D0FFE70698006840F27041C4F2020163
S315080033E088421BD0FFE70698006840F28841C4F27D
S315080033F00201884212D0FFE70698006840F2A04111
S31508003400C4F20201884209D0FFE70698006840F234
S31508003410B841C4F20201884207D1FFE7069801685D
S31508003420086820F00100086006E006980168086848
S3150800343020F001000860FFE70698016801201022C5
S31508003440C4F202029142039000F0A380FFE70698B7
S31508003450016801202822C4F202029142039000F07A
S315080034609880FFE70698016801204022C4F202020C
S315080034709142039000F08D80FFE7069801680120CD
S315080034805822C4F202029142039000F08280FFE7BC
S315080034900698016801207022C4F202029142039044
S315080034A077D0FFE70698016801208822C4F2020255
S315080034B0914203906DD0FFE7069801680120A0228B
S315080034C0C4F202029142039063D0FFE706980168AE
S315080034D00120B822C4F202029142039059D0FFE7B4
S315080034E006980168012040F21042C4F20202914295
S315080034F003904ED0FFE706980168012040F2284263
S31508003500C4F202029142039043D0FFE7069801688D
S31508003510012040F24042C4F202029142039038D0A0
S31508003520FFE706980168012040F25842C4F20202F9
S31508003530914203902DD0FFE706980168012040F2DA
S315080035407042C4F202029142039022D0FFE7069825
S315080035500168012040F28842C4F2020291420390B7
S3150800356017D0FFE706980168012040F2A042C4F28E
S315080035700202914203900CD0FFE7069800684FF6C6
S315080035804831CBF6FD710844B0FA80F04009039043
S31508003590FFE70398C00708B3FFE70698016800200D
S315080035A00860069909684860069909688860069956
S315080035B00968C860069909680861069801682120A3
S315080035C048610698FFF75CFC05900698006E00F0C7
S315080035D01F013F208840059988607DE006980168AC
S315080035E0012045F20842C5F60202914202904ED0E9
S315080035F0FFE706980168012045F21C42C5F602025B
S315080036009142029043D0FFE706980168012045F2EF
S315080036103042C5F602029142029038D0FFE706987A
S315080036200168012045F24442C5F602029142029021
S315080036302DD0FFE706980168012045F25842C5F6E5
S3150800364002029142029022D0FFE706980168012003
S3150800365045F26C42C5F602029142029017D0FFE786
S3150800366006980168012045F28042C5F60202914299
S3150800367002900CD0FFE7069800684AF66C31CAF249
S31508003680FD710844B0FA80F040090290FFE70298FD
S31508003690C007E8B1FFE706980168002008600699A8
S315080036A00968486006990968886006990968C860C3
S315080036B00699096808610698FFF7E2FB04900698E0
S315080036C0006E00F01F01012088400499486002E05E
S315080036D00120079045E0FFE70698FFF7B9FC069832
S315080036E0406E48B1FFE70698416E002008600698CC
S315080036F0816EC06E4860FFE70698406888B1FFE7AC
S315080037000698406808280CD8FFE70698FFF75CFD7E
S315080037100698016F002008600698416F806F486020
S31508003720FFE70699002001900867069948670699F9
S31508003730886706990864069948640699886406990C
S31508003740C8640699086506994865069988650699BC
S315080037508863FFE7069900204863FFE70020079083
S31508003760FFE7079808B080BD80B586B0049003913E
S315080037700292019300200090049818B9FFE70120EF
S3150800378005905DE1FFE70498406B012803D1FFE748
S315080037900220059054E1049901204863FFE7FFE7FA
S315080037A00498806B012840F03C81FFE704990220C9
S315080037B08863049900208865049800681021C4F27B
S315080037C00201884200F08180FFE7049800682821FA
S315080037D0C4F20201884278D0FFE7049800684021C5
S315080037E0C4F20201884270D0FFE7049800685821A5
S315080037F0C4F20201884268D0FFE704980068702185
S31508003800C4F20201884260D0FFE704980068882164
S31508003810C4F20201884258D0FFE704980068A02144
S31508003820C4F20201884250D0FFE704980068B82124
S31508003830C4F20201884248D0FFE70498006840F2C3
S315080038401041C4F2020188423FD0FFE7049800689D
S3150800385040F22841C4F20201884236D0FFE70498B4
S31508003860006840F24041C4F2020188422DD0FFE7C9
S315080038700498006840F25841C4F20201884224D0F4
S31508003880FFE70498006840F27041C4F202018842DA
S315080038901BD0FFE70498006840F28841C4F2020191
S315080038A0884212D0FFE70498006840F2A041C4F2AB
S315080038B00201884209D0FFE70498006840F2B8413F
S315080038C0C4F20201884207D1FFE704980168086834
S315080038D020F00100086006E004980168086820F0F6
S315080038E001000860FFE704980399029A019B00F01B
S315080038F0ABF8049800681021C4F20201884200F06F
S315080039008180FFE7049800682821C4F202018842F2
S3150800391078D0FFE7049800684021C4F20201884283
S3150800392070D0FFE7049800685821C4F20201884263
S3150800393068D0FFE7049800687021C4F20201884243
S3150800394060D0FFE7049800688821C4F20201884223
S3150800395058D0FFE704980068A021C4F20201884203
S3150800396050D0FFE704980068B821C4F202018842E3
S3150800397048D0FFE70498006840F21041C4F20201FB
S3150800398088423FD0FFE70498006840F22841C4F215
S315080039900201884236D0FFE70498006840F24041A9
S315080039A0C4F2020188422DD0FFE70498006840F26D
S315080039B05841C4F20201884224D0FFE704980068FF
S315080039C040F27041C4F2020188421BD0FFE7049816
S315080039D0006840F28841C4F20201884212D0FFE72B
S315080039E00498006840F2A041C4F20201884209D056
S315080039F0FFE70498006840F2B841C4F20201884221
S31508003A0007D1FFE704980168086840F001000860DC
S31508003A1006E004980168086840F001000860FFE7BE
S31508003A200BE004994FF400608865FFE704990020CD
S31508003A304863FFE701200090FFE700980590FFE73D
S31508003A40059806B080BD00BF89B008900791069218
S31508003A5005930898C06D04900898C06D039008985F
S31508003A60016801201022C4F202029142029000F07D
S31508003A700381FFE70898016801202822C4F20202A0
S31508003A809142029000F0F880FFE70898016801204B
S31508003A904022C4F202029142029000F0ED80FFE754
S31508003AA00898016801205822C4F202029142029045
S31508003AB000F0E280FFE70898016801207022C4F24E
S31508003AC002029142029000F0D780FFE70898016849
S31508003AD001208822C4F202029142029000F0CC80B2
S31508003AE0FFE7089801680120A022C4F20202914269
S31508003AF0029000F0C180FFE7089801680120B8220B
S31508003B00C4F202029142029000F0B680FFE70898DC
S31508003B100168012040F21042C4F20202914202906A
S31508003B2000F0AA80FFE708980168012040F22842C1
S31508003B30C4F202029142029000F09E80FFE70898C4
S31508003B400168012040F24042C4F20202914202900A
S31508003B5000F09280FFE708980168012040F2584279
S31508003B60C4F202029142029000F08680FFE70898AC
S31508003B700168012040F27042C4F2020291420290AA
S31508003B807AD0FFE708980168012040F28842C4F21B
S31508003B900202914202906FD0FFE70898016801205F
S31508003BA040F2A042C4F202029142029064D0FFE7BA
S31508003BB008980168012040F2B842C4F20202914214
S31508003BC0029059D0FFE708980168012045F208429B
S31508003BD0C5F60202914202904ED0FFE708980168A6
S31508003BE0012045F21C42C5F602029142029043D0DA
S31508003BF0FFE708980168012045F23042C5F602023F
S31508003C009142029038D0FFE708980168012045F2F2
S31508003C104442C5F60202914202902DD0FFE7089869
S31508003C200168012045F25842C5F602029142029007
S31508003C3022D0FFE708980168012045F26C42C5F6D4
S31508003C4002029142029017D0FFE708980168012006
S31508003C5045F28042C5F60202914202900CD0FFE777
S31508003C60089800684AF66C31CAF2FD710844B0FA41
S31508003C7080F040090290FFE70298C00770B1FFE79D
S31508003C800898816EC06E48600898006F28B1FFE7F3
S31508003C900898416F806F4860FFE7FFE7089801685A
S31508003CA001201022C4F202029142019000F0A38082
S31508003CB0FFE70898016801202822C4F2020291420F
S31508003CC0019000F09880FFE70898016801204022DB
S31508003CD0C4F202029142019000F08D80FFE7089835
S31508003CE0016801205822C4F202029142019000F0B4
S31508003CF08280FFE70898016801207022C4F2020258
S31508003D009142019077D0FFE7089801680120882240
S31508003D10C4F20202914201906DD0FFE7089801684B
S31508003D200120A022C4F202029142019063D0FFE76B
S31508003D30089801680120B822C4F202029142019053
S31508003D4059D0FFE708980168012040F21042C4F2F2
S31508003D500202914201904ED0FFE7089801680120BF
S31508003D6040F22842C4F202029142019043D0FFE792
S31508003D7008980168012040F24042C4F202029142CA
S31508003D80019038D0FFE708980168012040F25842B0
S31508003D90C4F20202914201902DD0FFE7089801680B
S31508003DA0012040F27042C4F202029142019022D0F0
S31508003DB0FFE708980168012040F28842C4F202022F
S31508003DC09142019017D0FFE708980168012040F258
S31508003DD0A042C4F20202914201900CD0FFE7089873
S31508003DE000684FF64831CBF6FD710844B0FA80F00A
S31508003DF040090190FFE70198C00750B3FFE708980C
S31508003E00006E00F01F013F208840049988600898DA
S31508003E100168086820F480200860059808990968F0
S31508003E20486008988068402809D1FFE706980899ED
S31508003E3009688860079808990968C86008E00798BB
S31508003E40089909688860069808990968C860FFE7AC
S31508003E5082E008980168012045F20842C5F6020288
S31508003E60914200904ED0FFE708980168012045F27C
S31508003E701C42C5F602029142009043D0FFE708981B
S31508003E800168012045F23042C5F6020291420090CF
S31508003E9038D0FFE708980168012045F24442C5F684
S31508003EA00202914200902DD0FFE708980168012090
S31508003EB045F25842C5F602029142009022D0FFE729
S31508003EC008980168012045F26C42C5F60202914243
S31508003ED0009017D0FFE708980168012045F2804254
S31508003EE0C5F60202914200900CD0FFE708980068D8
S31508003EF04AF66C31CAF2FD710844B0FA80F04009FE
S31508003F000090FFE70098C00720B3FFE70898006E07
S31508003F1000F01F0101208840039948600598089918
S31508003F200968486008988068402809D1FFE706981C
S31508003F30089909688860079808990968C86008E0B8
S31508003F400798089909688860069808990968C860F2
S31508003F50FFE700E0FFE7FFE709B0704700BF00BFD3
S31508003F6080B588B0069005910492039300200290CC
S31508003F70069818B9FFE70120079063E3FFE706985C
S31508003F80406B012803D1FFE7022007905AE3069900
S31508003F9001204863FFE7FFE70698806B012840F099
S31508003FA04283FFE706990220886306990020886500
S31508003FB0069800681021C4F20201884200F0818048
S31508003FC0FFE7069800682821C4F20201884278D0E3
S31508003FD0FFE7069800684021C4F20201884270D0C3
S31508003FE0FFE7069800685821C4F20201884268D0A3
S31508003FF0FFE7069800687021C4F20201884260D083
S31508004000FFE7069800688821C4F20201884258D062
S31508004010FFE706980068A021C4F20201884250D042
S31508004020FFE706980068B821C4F20201884248D022
S31508004030FFE70698006840F21041C4F20201884280
S315080040403FD0FFE70698006840F22841C4F2020113
S31508004050884236D0FFE70698006840F24041C4F22D
S31508004060020188422DD0FFE70698006840F25841C1
S31508004070C4F20201884224D0FFE70698006840F29D
S315080040807041C4F2020188421BD0FFE70698006817
S3150800409040F28841C4F20201884212D0FFE706982E
S315080040A0006840F2A041C4F20201884209D0FFE745
S315080040B00698006840F2B841C4F20201884207D166
S315080040C0FFE706980168086820F00100086006E026
S315080040D006980168086820F001000860FFE706985E
S315080040E00599049A039BFFF7AFFC0698016801201F
S315080040F01022C4F202029142019000F0A380FFE769
S315080041000698016801202822C4F202029142019011
S3150800411000F09880FFE70698016801204022C4F263
S3150800412002029142019000F08D80FFE7069801682F
S3150800413001205822C4F202029142019000F08280C6
S31508004140FFE70698016801207022C4F20202914234
S31508004150019077D0FFE70698016801208822C4F20B
S315080041600202914201906DD0FFE70698016801208E
S31508004170A022C4F202029142019063D0FFE706989A
S3150800418001680120B822C4F202029142019059D076
S31508004190FFE706980168012040F21042C4F20202C5
S315080041A0914201904ED0FFE706980168012040F23F
S315080041B02842C4F202029142019043D0FFE70698D2
S315080041C00168012040F24042C4F202029142019085
S315080041D038D0FFE706980168012040F25842C4F239
S315080041E00202914201902DD0FFE70698016801204E
S315080041F040F27042C4F202029142019022D0FFE7D7
S3150800420006980168012040F28842C4F202029142EF
S31508004210019017D0FFE706980168012040F2A042F6
S31508004220C4F20202914201900CD0FFE7069800689A
S315080042304FF64831CBF6FD710844B0FA80F04009D4
S315080042400190FFE70198C007A8B1FFE70698006844
S3150800425000680B2161F3440006990968086006980E
S31508004260406C38B1FFE706980168086840F0080016
S315080042700860FFE714E0069800680068052161F306
S3150800428043000699096808600698406C38B1FFE74C
S3150800429006980168086840F004000860FFE7FFE731
S315080042A00698016801201022C4F202029142009089
S315080042B000F00381FFE70698016801202822C4F26E
S315080042C002029142009000F0F880FFE70698016824
S315080042D001204022C4F202029142009000F0ED80D3
S315080042E0FFE70698016801205822C4F202029142AB
S315080042F0009000F0E280FFE706980168012070222E
S31508004300C4F202029142009000F0D780FFE70698B7
S31508004310016801208822C4F202029142009000F04E
S31508004320CC80FFE7069801680120A022C4F20202A9
S315080043309142009000F0C180FFE7069801680120CD
S31508004340B822C4F202029142009000F0B680FFE75C
S3150800435006980168012040F21042C4F20202914216
S31508004360009000F0AA80FFE706980168012040F255
S315080043702842C4F202029142009000F09E80FFE7B4
S3150800438006980168012040F24042C4F202029142B6
S31508004390009000F09280FFE706980168012040F23D
S315080043A05842C4F202029142009000F08680FFE76C
S315080043B006980168012040F27042C4F20202914256
S315080043C000907AD0FFE706980168012040F28842FB
S315080043D0C4F20202914200906FD0FFE70698016886
S315080043E0012040F2A042C4F202029142009064D039
S315080043F0FFE706980168012040F2B842C4F20202BB
S315080044009142009059D0FFE706980168012045F2CD
S315080044100842C5F60202914200904ED0FFE7069880
S315080044200168012045F21C42C5F60202914200903D
S3150800443043D0FFE706980168012045F23042C5F6E9
S3150800444002029142009038D0FFE7069801680120E1
S3150800445045F24442C5F60202914200902DD0FFE78C
S3150800446006980168012045F25842C5F602029142B3
S31508004470009022D0FFE706980168012045F26C42B9
S31508004480C5F602029142009017D0FFE70698016828
S31508004490012045F28042C5F60202914200900CD0F6
S315080044A0FFE7069800684AF66C31CAF2FD710844BF
S315080044B0B0FA80F040090090FFE70098C007D0B135
S315080044C0FFE70698406E0068C003002807D5FFE797
S315080044D00698416E086840F480700860FFE7069801
S315080044E0006F38B1FFE70698016F086840F48070DE
S315080044F00860FFE7FFE7069800681021C4F202018A
S31508004500884200F08180FFE7069800682821C4F2F7
S315080045100201884278D0FFE7069800684021C4F275
S315080045200201884270D0FFE7069800685821C4F255
S315080045300201884268D0FFE7069800687021C4F235
S315080045400201884260D0FFE7069800688821C4F215
S315080045500201884258D0FFE706980068A021C4F2F5
S315080045600201884250D0FFE706980068B821C4F2D5
S315080045700201884248D0FFE70698006840F21041D9
S31508004580C4F2020188423FD0FFE70698006840F26D
S315080045902841C4F20201884236D0FFE7069800682F
S315080045A040F24041C4F2020188422DD0FFE7069846
S315080045B0006840F25841C4F20201884224D0FFE75D
S315080045C00698006840F27041C4F2020188421BD086
S315080045D0FFE70698006840F28841C4F20201884263
S315080045E012D0FFE70698006840F2A041C4F2020123
S315080045F0884209D0FFE70698006840F2B841C4F23D
S315080046000201884207D1FFE706980168086840F06A
S315080046100100086006E006980168086840F0010095
S315080046200860FFE70BE006994FF400608865FFE72E
S31508004630069900204863FFE701200290FFE70298E9
S315080046400790FFE7079808B080BD00BF00BF00BF0E
S3150800465080B58AB00890FDF7DBF80490089820B971
S31508004660FFE70120099000F0A1BC0898806B02289A
S315080046700CD0FFE7089980208865FFE70899002095
S315080046804863FFE70120099000F090BC089801688C
S3150800469001201022C4F202029142039000F0A38086
S315080046A0FFE70898016801202822C4F20202914215
S315080046B0039000F09880FFE70898016801204022DF
S315080046C0C4F202029142039000F08D80FFE7089839
S315080046D0016801205822C4F202029142039000F0B8
S315080046E08280FFE70898016801207022C4F202025E
S315080046F09142039077D0FFE7089801680120882245
S31508004700C4F20202914203906DD0FFE7089801684F
S315080047100120A022C4F202029142039063D0FFE76F
S31508004720089801680120B822C4F202029142039057
S3150800473059D0FFE708980168012040F21042C4F2F8
S315080047400202914203904ED0FFE7089801680120C3
S3150800475040F22842C4F202029142039043D0FFE796
S3150800476008980168012040F24042C4F202029142D0
S31508004770039038D0FFE708980168012040F25842B4
S31508004780C4F20202914203902DD0FFE7089801680F
S31508004790012040F27042C4F202029142039022D0F4
S315080047A0FFE708980168012040F28842C4F2020235
S315080047B09142039017D0FFE708980168012040F25C
S315080047C0A042C4F20202914203900CD0FFE7089877
S315080047D000684FF64831CBF6FD710844B0FA80F010
S315080047E040090390FFE70398C00780B1FFE70898E0
S315080047F00168086820F01E00086008980168486982
S3150800480020F08000486108980068059009E008983B
S315080048100168086820F00E0008600898006805908E
S31508004820FFE70898016801201022C4F202029142AB
S31508004830029000F00381FFE708980168012028220A
S31508004840C4F202029142029000F0F880FFE708984D
S31508004850016801204022C4F202029142029000F04F
S31508004860ED80FFE70898016801205822C4F2020289
S315080048709142029000F0E280FFE708980168012063
S315080048807022C4F202029142029000F0D780FFE73C
S315080048900898016801208822C4F202029142029017
S315080048A000F0CC80FFE7089801680120A022C4F236
S315080048B002029142029000F0C180FFE70898016861
S315080048C00120B822C4F202029142029000F0B6809A
S315080048D0FFE708980168012040F21042C4F202027C
S315080048E09142029000F0AA80FFE70898016801202B
S315080048F040F22842C4F202029142029000F09E80E1
S31508004900FFE708980168012040F24042C4F202021B
S315080049109142029000F09280FFE708980168012012
S3150800492040F25842C4F202029142029000F0868098
S31508004930FFE708980168012040F27042C4F20202BB
S31508004940914202907AD0FFE708980168012040F268
S315080049508842C4F20202914202906FD0FFE708989B
S315080049600168012040F2A042C4F20202914202907C
S3150800497064D0FFE708980168012040F2B842C4F203
S3150800498002029142029059D0FFE708980168012077
S3150800499045F20842C5F60202914202904ED0FFE760
S315080049A008980168012045F21C42C5F602029142A8
S315080049B0029043D0FFE708980168012045F230428B
S315080049C0C5F602029142029038D0FFE708980168BE
S315080049D0012045F24442C5F60202914202902DD0CA
S315080049E0FFE708980168012045F25842C5F6020219
S315080049F09142029022D0FFE708980168012045F20B
S31508004A006C42C5F602029142029017D0FFE7089859
S31508004A100168012045F28042C5F6020291420290E1
S31508004A200CD0FFE7089800684AF66C31CAF2FD71A7
S31508004A300844B0FA80F040090290FFE70298C007E0
S31508004A4038B1FFE70898416E086820F4807008605E
S31508004A50FFE7089800681021C4F20201884200F0B6
S31508004A608180FFE7089800682821C4F2020188427D
S31508004A7078D0FFE7089800684021C4F2020188420E
S31508004A8070D0FFE7089800685821C4F202018842EE
S31508004A9068D0FFE7089800687021C4F202018842CE
S31508004AA060D0FFE7089800688821C4F202018842AE
S31508004AB058D0FFE708980068A021C4F2020188428E
S31508004AC050D0FFE708980068B821C4F2020188426E
S31508004AD048D0FFE70898006840F21041C4F2020186
S31508004AE088423FD0FFE70898006840F22841C4F2A0
S31508004AF00201884236D0FFE70898006840F2404134
S31508004B00C4F2020188422DD0FFE70898006840F2F7
S31508004B105841C4F20201884224D0FFE70898006889
S31508004B2040F27041C4F2020188421BD0FFE70898A0
S31508004B30006840F28841C4F20201884212D0FFE7B9
S31508004B400898006840F2A041C4F20201884209D0E0
S31508004B50FFE70898006840F2B841C4F202018842AB
S31508004B6007D1FFE708980168086820F00100086087
S31508004B7006E008980168086820F001000860FFE769
S31508004B80FFE705980068C007B0B1FFE7FCF740FEED
S31508004B900499401A06280ED3FFE70899202088654D
S31508004BA0089903208863FFE7089900204863FFE710
S31508004BB001200990FAE1E4E708980168012010222B
S31508004BC0C4F202029142019000F0A380FFE7089820
S31508004BD0016801202822C4F202029142019000F0E5
S31508004BE09880FFE70898016801204022C4F2020273
S31508004BF09142019000F08D80FFE708980168012036
S31508004C005822C4F202029142019000F08280FFE726
S31508004C100898016801207022C4F2020291420190AC
S31508004C2077D0FFE70898016801208822C4F20202BB
S31508004C30914201906DD0FFE7089801680120A022F3
S31508004C40C4F202029142019063D0FFE70898016816
S31508004C500120B822C4F202029142019059D0FFE71E
S31508004C6008980168012040F21042C4F202029142FB
S31508004C7001904ED0FFE708980168012040F22842CB
S31508004C80C4F202029142019043D0FFE708980168F6
S31508004C90012040F24042C4F202029142019038D00B
S31508004CA0FFE708980168012040F25842C4F2020260
S31508004CB0914201902DD0FFE708980168012040F243
S31508004CC07042C4F202029142019022D0FFE708988E
S31508004CD00168012040F28842C4F202029142019022
S31508004CE017D0FFE708980168012040F2A042C4F2F5
S31508004CF00202914201900CD0FFE7089800684FF62F
S31508004D004831CBF6FD710844B0FA80F040090190AD
S31508004D10FFE70198C00760B1FFE70898C06D0790E4
S31508004D200898006E00F01F013F20884007998860A8
S31508004D300BE00898C06D06900898006E00F01F01F9
S31508004D400120884006994860FFE708980168012015
S31508004D501022C4F202029142009000F00381FFE79C
S31508004D600898016801202822C4F2020291420090A4
S31508004D7000F0F880FFE70898016801204022C4F295
S31508004D8002029142009000F0ED80FFE70898016862
S31508004D9001205822C4F202029142009000F0E280FB
S31508004DA0FFE70898016801207022C4F202029142C6
S31508004DB0009000F0D780FFE7089801680120882254
S31508004DC0C4F202029142009000F0CC80FFE70898F6
S31508004DD001680120A022C4F202029142009000F06C
S31508004DE0C180FFE7089801680120B822C4F20202D0
S31508004DF09142009000F0B680FFE70898016801200C
S31508004E0040F21042C4F202029142009000F0AA80D9
S31508004E10FFE708980168012040F22842C4F202021E
S31508004E209142009000F09E80FFE7089801680120F3
S31508004E3040F24042C4F202029142009000F0928091
S31508004E40FFE708980168012040F25842C4F20202BE
S31508004E509142009000F08680FFE7089801680120DB
S31508004E6040F27042C4F20202914200907AD0FFE703
S31508004E7008980168012040F28842C4F20202914271
S31508004E8000906FD0FFE708980168012040F2A04221
S31508004E90C4F202029142009064D0FFE708980168C4
S31508004EA0012040F2B842C4F202029142009059D061
S31508004EB0FFE708980168012045F20842C5F6020294
S31508004EC0914200904ED0FFE708980168012045F20C
S31508004ED01C42C5F602029142009043D0FFE70898AB
S31508004EE00168012045F23042C5F60202914200905F
S31508004EF038D0FFE708980168012045F24442C5F614
S31508004F000202914200902DD0FFE70898016801201F
S31508004F1045F25842C5F602029142009022D0FFE7B8
S31508004F2008980168012045F26C42C5F602029142D2
S31508004F30009017D0FFE708980168012045F28042E3
S31508004F40C5F60202914200900CD0FFE70898006867
S31508004F504AF66C31CAF2FD710844B0FA80F040098D
S31508004F600090FFE70098C007A0B1FFE70898816E98
S31508004F70C06E48600898006F58B1FFE70898016F3F
S31508004F80086820F4807008600898416F806F486050
S31508004F90FFE7FFE7089901208863FFE708990020E3
S31508004FA04863FFE7FFE700200990FFE709980AB082
S31508004FB080BD00BF00BF00BF80B586B004900498CE
S31508004FC018B9FFE70120059040E30498806B022892
S31508004FD006D0FFE70499802088650120059035E30F
S31508004FE00498016801201022C4F20202914202903C
S31508004FF000F0A380FFE70498016801202822C4F284
S3150800500002029142029000F09880FFE70498016836
S3150800501001204022C4F202029142029000F08D80E3
S31508005020FFE70498016801205822C4F2020291425F
S31508005030029000F08280FFE7049801680120702240
S31508005040C4F202029142029077D0FFE70498016801
S3150800505001208822C4F20202914202906DD0FFE735
S31508005060049801680120A022C4F20202914202902B
S3150800507063D0FFE7049801680120B822C4F202024F
S315080050809142029059D0FFE704980168012040F246
S315080050901042C4F20202914202904ED0FFE70498F1
S315080050A00168012040F22842C4F2020291420290AD
S315080050B043D0FFE704980168012040F24042C4F259
S315080050C002029142029038D0FFE704980168012055
S315080050D040F25842C4F20202914202902DD0FFE7F4
S315080050E004980168012040F27042C4F2020291421B
S315080050F0029022D0FFE704980168012040F2884216
S31508005100C4F202029142029017D0FFE704980168A0
S31508005110012040F2A042C4F20202914202900CD051
S31508005120FFE7049800684FF64831CBF6FD7108444E
S31508005130B0FA80F040090290FFE70298C0070028FD
S3150800514000F09C80FFE704990420886304980068AF
S315080051501021C4F20201884200F08180FFE704981A
S3150800516000682821C4F20201884278D0FFE7049833
S3150800517000684021C4F20201884270D0FFE7049813
S3150800518000685821C4F20201884268D0FFE70498F3
S3150800519000687021C4F20201884260D0FFE70498D3
S315080051A000688821C4F20201884258D0FFE70498B3
S315080051B00068A021C4F20201884250D0FFE7049893
S315080051C00068B821C4F20201884248D0FFE7049873
S315080051D0006840F21041C4F2020188423FD0FFE75E
S315080051E00498006840F22841C4F20201884236D089
S315080051F0FFE70498006840F24041C4F20201884281
S315080052002DD0FFE70498006840F25841C4F2020125
S31508005210884224D0FFE70498006840F27041C4F23F
S31508005220020188421BD0FFE70498006840F28841D3
S31508005230C4F20201884212D0FFE70498006840F2DF
S31508005240A041C4F20201884209D0FFE70498006829
S3150800525040F2B841C4F20201884207D1FFE7049838
S315080052600168086820F00100086006E004980168F3
S31508005270086820F001000860FFE7E3E10498016888
S31508005280086820F00E000860049800681021C4F22F
S315080052900201884200F08180FFE70498006828210F
S315080052A0C4F20201884278D0FFE7049800684021DA
S315080052B0C4F20201884270D0FFE7049800685821BA
S315080052C0C4F20201884268D0FFE70498006870219A
S315080052D0C4F20201884260D0FFE70498006888217A
S315080052E0C4F20201884258D0FFE704980068A0215A
S315080052F0C4F20201884250D0FFE704980068B8213A
S31508005300C4F20201884248D0FFE70498006840F2D8
S315080053101041C4F2020188423FD0FFE704980068B2
S3150800532040F22841C4F20201884236D0FFE70498C9
S31508005330006840F24041C4F2020188422DD0FFE7DE
S315080053400498006840F25841C4F20201884224D009
S31508005350FFE70498006840F27041C4F202018842EF
S315080053601BD0FFE70498006840F28841C4F20201A6
S31508005370884212D0FFE70498006840F2A041C4F2C0
S315080053800201884209D0FFE70498006840F2B84154
S31508005390C4F20201884207D1FFE704980168086849
S315080053A020F00100086006E004980168086820F00B
S315080053B001000860FFE70498016801201022C4F282
S315080053C002029142019000F00381FFE70498016808
S315080053D001202822C4F202029142019000F0F880CE
S315080053E0FFE70498016801204022C4F202029142B4
S315080053F0019000F0ED80FFE704980168012058222B
S31508005400C4F202029142019000F0E280FFE704989C
S31508005410016801207022C4F202029142019000F054
S31508005420D780FFE70498016801208822C4F20202A7
S315080054309142019000F0CC80FFE7049801680120B2
S31508005440A022C4F202029142019000F0C180FFE757
S31508005450049801680120B822C4F202029142019020
S3150800546000F0B680FFE704980168012040F2104278
S31508005470C4F202029142019000F0AA80FFE7049864
S315080054800168012040F22842C4F2020291420190CA
S3150800549000F09E80FFE704980168012040F2404230
S315080054A0C4F202029142019000F09280FFE704984C
S315080054B00168012040F25842C4F20202914201906A
S315080054C000F08680FFE704980168012040F27042E8
S315080054D0C4F20202914201907AD0FFE7049801686B
S315080054E0012040F28842C4F20202914201906FD034
S315080054F0FFE704980168012040F2A042C4F20202C4
S315080055009142019064D0FFE704980168012040F2B7
S31508005510B842C4F202029142019059D0FFE70498BA
S315080055200168012045F20842C5F60202914201903F
S315080055304ED0FFE704980168012045F21C42C5F6E3
S3150800554002029142019043D0FFE7049801680120C6
S3150800555045F23042C5F602029142019038D0FFE783
S3150800556004980168012045F24442C5F602029142B8
S3150800557001902DD0FFE704980168012045F25842B2
S31508005580C5F602029142019022D0FFE7049801680D
S31508005590012045F26C42C5F602029142019017D0ED
S315080055A0FFE704980168012045F28042C5F6020229
S315080055B0914201900CD0FFE7049800684AF66C31D6
S315080055C0CAF2FD710844B0FA80F040090190FFE77D
S315080055D00198C00728B3FFE70498416E086820F4CD
S315080055E0807008600498C06D03900498006E00F0FF
S315080055F01F0101208840039948600498816EC06E97
S3150800560048600498006F58B1FFE70498016F08686E
S3150800561020F4807008600498416F806F4860FFE747
S31508005620FFE7049901208863FFE70499002048638F
S31508005630FFE70498406D20B1FFE70498416D88475D
S31508005640FFE7FFE7FFE700200590FFE7059806B0AC
S3150800565080BD00BF00BF00BF80B58EB00C900B9117
S315080056600A9200200990FCF7D3F807900C9820B905
S31508005670FFE701200D9000F033BD0C98806B0228DF
S315080056800CD0FFE70C9980208865FFE70C9900206D
S315080056904863FFE701200D9000F022BD0C980168D1
S315080056A001201022C4F202029142049000F0A38065
S315080056B0FFE70C98016801202822C4F202029142F1
S315080056C0049000F09880FFE70C98016801204022BA
S315080056D0C4F202029142049000F08D80FFE70C9814
S315080056E0016801205822C4F202029142049000F097
S315080056F08280FFE70C98016801207022C4F202023A
S315080057009142049077D0FFE70C980168012088221F
S31508005710C4F20202914204906DD0FFE70C9801682A
S315080057200120A022C4F202029142049063D0FFE74E
S315080057300C9801680120B822C4F202029142049032
S3150800574059D0FFE70C980168012040F21042C4F2D4
S315080057500202914204904ED0FFE70C98016801209E
S3150800576040F22842C4F202029142049043D0FFE775
S315080057700C980168012040F24042C4F202029142AC
S31508005780049038D0FFE70C980168012040F258428F
S31508005790C4F20202914204902DD0FFE70C980168EA
S315080057A0012040F27042C4F202029142049022D0D3
S315080057B0FFE70C980168012040F28842C4F2020211
S315080057C09142049017D0FFE70C980168012040F237
S315080057D0A042C4F20202914204900CD0FFE70C9852
S315080057E000684FF64831CBF6FD710844B0FA80F0F0
S315080057F040090490FFE70498C00750B3FFE70C98E8
S3150800580000680068C005002808D5FFE70C994FF422
S315080058108070886501200D9000F062BC0B9840B935
S31508005820FFE70C98006E00F01F01202088400890C2
S3150800583007E00C98006E00F01F01102088400890C1
S31508005840FFE70C98C06D06900C98C06D083005905F
S3150800585029E00C98006800688006002808D5FFE74C
S315080058600C994FF48070886501200D9000F038BCC3
S315080058700B9840B9FFE70C98006E00F01F01022054
S315080058808840089007E00C98006E00F01F0104207D
S3150800589088400890FFE70C98C06D06900C98C06D7C
S315080058A004300590FFE7FFE7069800680899084264
S315080058B040F07E82FFE70C98016801201022C4F2AE
S315080058C002029142039000F0A380FFE70C9801685A
S315080058D001202822C4F202029142039000F0988027
S315080058E0FFE70C98016801204022C4F202029142A7
S315080058F0039000F08D80FFE70C980168012058227C
S31508005900C4F202029142039000F08280FFE70C98ED
S31508005910016801207022C4F202029142039077D0F6
S31508005920FFE70C98016801208822C4F2020291421E
S3150800593003906DD0FFE70C9801680120A022C4F2FD
S3150800594002029142039063D0FFE70C980168012098
S31508005950B822C4F202029142039059D0FFE70C988C
S315080059600168012040F21042C4F2020291420390FB
S315080059704ED0FFE70C980168012040F22842C4F295
S3150800598002029142039043D0FFE70C980168012078
S3150800599040F24042C4F202029142039038D0FFE737
S315080059A00C980168012040F25842C4F20202914262
S315080059B003902DD0FFE70C980168012040F2704251
S315080059C0C4F202029142039022D0FFE70C980168C4
S315080059D0012040F28842C4F202029142039017D095
S315080059E0FFE70C980168012040F2A042C4F20202C7
S315080059F0914203900CD0FFE70C9800684FF64831A7
S31508005A00CBF6FD710844B0FA80F040090390FFE731
S31508005A100398C007002855D0FFE7069800680C9938
S31508005A20096E01F01F01C840C00770B1FFE70C9965
S31508005A30886D40F0020088650C98006E00F01F0122
S31508005A400120884005990860FFE7069800680C99C8
S31508005A50096E01F01F01C840400700280ED5FFE770
S31508005A600C99886D40F0040088650C98006E00F06B
S31508005A701F010420884005990860FFE7069800681A
S31508005A800C99096E01F01F01C8400007002818D5B7
S31508005A90FFE70C99886D40F0010088650C98006E48
S31508005AA000F01F0108208840059908600C9901201C
S31508005AB08863FFE70C9900204863FFE701200D90F3
S31508005AC00EE320E0069800680C99096E01F01F01A4
S31508005AD0C8400007002815D5FFE70C98006E00F0AF
S31508005AE01F01012000FA01F1069A11600C998865D8
S31508005AF00C998863FFE70C9900204863FFE70120AB
S31508005B000D90EDE2FFE70A980130A8B1FFE7FBF731
S31508005B107FFE0799401A0A99884203D8FFE70A9830
S31508005B2048B9FFE70C99202088650C98FEF790FD88
S31508005B3001200D90D4E2FFE70C980168012010229D
S31508005B40C4F202029142029000F00381FFE70C982A
S31508005B50016801202822C4F202029142029000F054
S31508005B60F880FFE70C98016801204022C4F202027F
S31508005B709142029000F0ED80FFE70C980168012041
S31508005B805822C4F202029142029000F0E280FFE736
S31508005B900C98016801207022C4F202029142029018
S31508005BA000F0D780FFE70C98016801208822C4F22C
S31508005BB002029142029000F0CC80FFE70C9801683F
S31508005BC00120A022C4F202029142029000F0C18094
S31508005BD0FFE70C9801680120B822C4F2020291423C
S31508005BE0029000F0B680FFE70C980168012040F2A9
S31508005BF01042C4F202029142029000F0AA80FFE726
S31508005C000C980168012040F22842C4F2020291422F
S31508005C10029000F09E80FFE70C980168012040F290
S31508005C204042C4F202029142029000F09280FFE7DD
S31508005C300C980168012040F25842C4F202029142CF
S31508005C40029000F08680FFE70C980168012040F278
S31508005C507042C4F20202914202907AD0FFE70C9891
S31508005C600168012040F28842C4F202029142029081
S31508005C706FD0FFE70C980168012040F2A042C4F2F9
S31508005C8002029142029064D0FFE70C980168012055
S31508005C9040F2B842C4F202029142029059D0FFE79C
S31508005CA00C980168012045F20842C5F602029142A5
S31508005CB002904ED0FFE70C980168012045F21C427D
S31508005CC0C5F602029142029043D0FFE70C9801689C
S31508005CD0012045F23042C5F602029142029038D0C0
S31508005CE0FFE70C980168012045F24442C5F6020216
S31508005CF0914202902DD0FFE70C980168012045F2E9
S31508005D005842C5F602029142029022D0FFE70C984B
S31508005D100168012045F26C42C5F6020291420290E2
S31508005D2017D0FFE70C980168012045F28042C5F6B6
S31508005D300202914202900CD0FFE70C9800684AF6DE
S31508005D406C31CAF2FD710844B0FA80F0400902903D
S31508005D50FFE70298C00750B3FFE70C98006F98B1A9
S31508005D60FFE70C98406F00680C99896F08420AD0C3
S31508005D70FFE70C98416F806F48600C99886D40F476
S31508005D8080608865FFE7FFE70C98806E00680C99CD
S31508005D90C96E08420AD0FFE70C98816EC06E48604B
S31508005DA00C99886D40F400708865FFE7FFE77BE58E
S31508005DB00B98002840F0CD80FFE70C980168012079
S31508005DC01022C4F202029142019000F0A380FFE77C
S31508005DD00C98016801202822C4F20202914201901F
S31508005DE000F09880FFE70C98016801204022C4F271
S31508005DF002029142019000F08D80FFE70C9801683D
S31508005E0001205822C4F202029142019000F08280D9
S31508005E10FFE70C98016801207022C4F20202914241
S31508005E20019077D0FFE70C98016801208822C4F218
S31508005E300202914201906DD0FFE70C98016801209B
S31508005E40A022C4F202029142019063D0FFE70C98A7
S31508005E5001680120B822C4F202029142019059D089
S31508005E60FFE70C980168012040F21042C4F20202D2
S31508005E70914201904ED0FFE70C980168012040F24C
S31508005E802842C4F202029142019043D0FFE70C98DF
S31508005E900168012040F24042C4F202029142019098
S31508005EA038D0FFE70C980168012040F25842C4F246
S31508005EB00202914201902DD0FFE70C98016801205B
S31508005EC040F27042C4F202029142019022D0FFE7EA
S31508005ED00C980168012040F28842C4F202029142FD
S31508005EE0019017D0FFE70C980168012040F2A04204
S31508005EF0C4F20202914201900CD0FFE70C980068A8
S31508005F004FF64831CBF6FD710844B0FA80F04009E7
S31508005F100190FFE70198C00748B1FFE70C98006EAB
S31508005F2000F01F01302088400599086008E00C98A9
S31508005F30006E00F01F010220884005990860FFE7FF
S31508005F400C9901208863FFE70C9900204863FFE756
S31508005F50C3E00C98016801201022C4F202029142A3
S31508005F60009000F0A380FFE70C9801680120282222
S31508005F70C4F202029142009000F09880FFE70C9864
S31508005F80016801204022C4F202029142009000F00A
S31508005F908D80FFE70C98016801205822C4F202029E
S31508005FA09142009000F08280FFE70C98016801207A
S31508005FB07022C4F202029142009077D0FFE70C9853
S31508005FC0016801208822C4F20202914200906DD035
S31508005FD0FFE70C9801680120A022C4F20202914250
S31508005FE0009063D0FFE70C9801680120B822C4F23C
S31508005FF002029142009059D0FFE70C9801680120EF
S3150800600040F21042C4F20202914200904ED0FFE7DD
S315080060100C980168012040F22842C4F2020291421B
S31508006020009043D0FFE70C980168012040F24042F7
S31508006030C4F202029142009038D0FFE70C9801683A
S31508006040012040F25842C4F20202914200902DD03B
S31508006050FFE70C980168012040F27042C4F2020280
S315080060609142009022D0FFE70C980168012040F287
S315080060708842C4F202029142009017D0FFE70C98BA
S315080060800168012040F2A042C4F202029142009047
S315080060900CD0FFE70C9800684FF64831CBF6FD7137
S315080060A00844B0FA80F040090090FFE70098C0075E
S315080060B048B1FFE70C98006E00F01F0110208840D9
S315080060C00599086008E00C98006E00F01F0104208E
S315080060D0884005990860FFE7FFE709980D90FFE7F4
S315080060E00D980EB080BD00BF80B590B00F9000200F
S315080060F00B9040F20000C2F20040006848F2B51169
S31508006100C1F64E31A0FB0110800A0A900F98C06DA7
S3150800611009900F98C06D0890099800680E90089825
S3150800612000680D900F98016801201022C4F202023F
S315080061309142079000F0A380FFE70F9801680120BD
S315080061402822C4F202029142079000F09880FFE7E5
S315080061500F98016801204022C4F20202914207907A
S3150800616000F08D80FFE70F98016801205822C4F2DD
S3150800617002029142079000F08280FFE70F980168BB
S3150800618001207022C4F202029142079077D0FFE7FD
S315080061900F98016801208822C4F2020291420790F2
S315080061A06DD0FFE70F9801680120A022C4F2020211
S315080061B09142079063D0FFE70F9801680120B82243
S315080061C0C4F202029142079059D0FFE70F9801687E
S315080061D0012040F21042C4F20202914207904ED0CA
S315080061E0FFE70F980168012040F22842C4F2020234
S315080061F09142079043D0FFE70F980168012040F2CB
S315080062004042C4F202029142079038D0FFE70F9845
S315080062100168012040F25842C4F2020291420790F6
S315080062202DD0FFE70F980168012040F27042C4F2B2
S3150800623002029142079022D0FFE70F9801680120D9
S3150800624040F28842C4F202029142079017D0FFE753
S315080062500F980168012040F2A042C4F2020291425E
S3150800626007900CD0FFE70F9800684FF64831CBF639
S31508006270FD710844B0FA80F040090790FFE70798D7
S31508006280C007002800F00A85FFE70E980F99096EE7
S3150800629001F01F01C8400007002840F1B080FFE761
S315080062A00F9800681021C4F20201884200F081802C
S315080062B0FFE70F9800682821C4F20201884278D0C7
S315080062C0FFE70F9800684021C4F20201884270D0A7
S315080062D0FFE70F9800685821C4F20201884268D087
S315080062E0FFE70F9800687021C4F20201884260D067
S315080062F0FFE70F9800688821C4F20201884258D047
S31508006300FFE70F980068A021C4F20201884250D026
S31508006310FFE70F980068B821C4F20201884248D006
S31508006320FFE70F98006840F21041C4F20201884264
S315080063303FD0FFE70F98006840F22841C4F20201F7
S31508006340884236D0FFE70F98006840F24041C4F211
S31508006350020188422DD0FFE70F98006840F25841A5
S31508006360C4F20201884224D0FFE70F98006840F281
S315080063707041C4F2020188421BD0FFE70F980068FB
S3150800638040F28841C4F20201884212D0FFE70F9812
S31508006390006840F2A041C4F20201884209D0FFE732
S315080063A00F98006840F2B841C4F20201884207D14A
S315080063B0FFE70F980068006800F00400069006E002
S315080063C00F980068006800F008000690FFE7069836
S315080063D0A0B1FFE70F980168086820F0040008607C
S315080063E00F98006E00F01F01082088400999886000
S315080063F00F99886D40F001008865FFE7FFE70E9862
S315080064000F99096E01F01F01C840C007002800F067
S31508006410A980FFE70F9800681021C4F2020188429C
S3150800642000F08180FFE70F9800682821C4F2020176
S31508006430884278D0FFE70F9800684021C4F202012D
S31508006440884270D0FFE70F9800685821C4F202010D
S31508006450884268D0FFE70F9800687021C4F20201ED
S31508006460884260D0FFE70F9800688821C4F20201CD
S31508006470884258D0FFE70F980068A021C4F20201AD
S31508006480884250D0FFE70F980068B821C4F202018D
S31508006490884248D0FFE70F98006840F21041C4F2DE
S315080064A0020188423FD0FFE70F98006840F2284172
S315080064B0C4F20201884236D0FFE70F98006840F21E
S315080064C04041C4F2020188422DD0FFE70F980068C8
S315080064D040F25841C4F20201884224D0FFE70F98DF
S315080064E0006840F27041C4F2020188421BD0FFE7FF
S315080064F00F98006840F28841C4F20201884212D01F
S31508006500FFE70F98006840F2A041C4F202018842F2
S3150800651009D0FFE70F98006840F2B841C4F20201BB
S31508006520884207D1FFE70F980068406900F08000AD
S31508006530059005E00F980068006800200590FFE7C1
S31508006540059870B1FFE70F98006E00F01F01012053
S315080065508840099988600F99886D40F0020088651F
S31508006560FFE7FFE70E980F99096E01F01F01C84073
S315080065704007002840F1A980FFE70F98006810211E
S31508006580C4F20201884200F08180FFE70F98006894
S315080065902821C4F20201884278D0FFE70F980068E4
S315080065A04021C4F20201884270D0FFE70F980068C4
S315080065B05821C4F20201884268D0FFE70F980068A4
S315080065C07021C4F20201884260D0FFE70F98006884
S315080065D08821C4F20201884258D0FFE70F98006864
S315080065E0A021C4F20201884250D0FFE70F98006844
S315080065F0B821C4F20201884248D0FFE70F98006824
S3150800660040F21041C4F2020188423FD0FFE70F98DA
S31508006610006840F22841C4F20201884236D0FFE7FA
S315080066200F98006840F24041C4F2020188422DD01A
S31508006630FFE70F98006840F25841C4F20201884209
S3150800664024D0FFE70F98006840F27041C4F20201B7
S3150800665088421BD0FFE70F98006840F28841C4F2D1
S315080066600201884212D0FFE70F98006840F2A04165
S31508006670C4F20201884209D0FFE70F98006840F289
S31508006680B841C4F20201884207D1FFE70F980068B3
S31508006690006800F00200049005E00F9800680068A2
S315080066A000200490FFE7049870B1FFE70F98006E8A
S315080066B000F01F0104208840099988600F99886DA9
S315080066C040F004008865FFE7FFE70E980F99096E0A
S315080066D001F01F01C840C006002840F1DE80FFE730
S315080066E00F9800681021C4F20201884200F08180E8
S315080066F0FFE70F9800682821C4F20201884278D083
S31508006700FFE70F9800684021C4F20201884270D062
S31508006710FFE70F9800685821C4F20201884268D042
S31508006720FFE70F9800687021C4F20201884260D022
S31508006730FFE70F9800688821C4F20201884258D002
S31508006740FFE70F980068A021C4F20201884250D0E2
S31508006750FFE70F980068B821C4F20201884248D0C2
S31508006760FFE70F98006840F21041C4F20201884220
S315080067703FD0FFE70F98006840F22841C4F20201B3
S31508006780884236D0FFE70F98006840F24041C4F2CD
S31508006790020188422DD0FFE70F98006840F2584161
S315080067A0C4F20201884224D0FFE70F98006840F23D
S315080067B07041C4F2020188421BD0FFE70F980068B7
S315080067C040F28841C4F20201884212D0FFE70F98CE
S315080067D0006840F2A041C4F20201884209D0FFE7EE
S315080067E00F98006840F2B841C4F20201884207D106
S315080067F0FFE70F980068006800F00800039006E0BD
S315080068000F980068006800F004000390FFE70398FB
S31508006810002841D0FFE70F98006E00F01F011020F6
S315080068208840099988600F98006800684003002826
S315080068301AD5FFE70F98006800680003002809D4F6
S31508006840FFE70F98406C20B1FFE70F98416C884727
S31508006850FFE708E00F98C06C20B1FFE70F98C16CFE
S315080068608847FFE7FFE716E00F9800680068C0054D
S31508006870002807D4FFE70F980168086820F0080089
S315080068800860FFE70F98406C20B1FFE70F98416C4E
S315080068908847FFE7FFE7FFE7FFE70E980F99096EBE
S315080068A001F01F01C8408006002840F12181FFE75A
S315080068B00F9800681021C4F20201884200F0818016
S315080068C0FFE70F9800682821C4F20201884278D0B1
S315080068D0FFE70F9800684021C4F20201884270D091
S315080068E0FFE70F9800685821C4F20201884268D071
S315080068F0FFE70F9800687021C4F20201884260D051
S31508006900FFE70F9800688821C4F20201884258D030
S31508006910FFE70F980068A021C4F20201884250D010
S31508006920FFE70F980068B821C4F20201884248D0F0
S31508006930FFE70F98006840F21041C4F2020188424E
S315080069403FD0FFE70F98006840F22841C4F20201E1
S31508006950884236D0FFE70F98006840F24041C4F2FB
S31508006960020188422DD0FFE70F98006840F258418F
S31508006970C4F20201884224D0FFE70F98006840F26B
S315080069807041C4F2020188421BD0FFE70F980068E5
S3150800699040F28841C4F20201884212D0FFE70F98FC
S315080069A0006840F2A041C4F20201884209D0FFE71C
S315080069B00F98006840F2B841C4F20201884207D134
S315080069C0FFE70F980068006800F01000029006E0E4
S315080069D00F980068006800F002000290FFE702982E
S315080069E0002800F08480FFE70F98006E00F01F0172
S315080069F020208840099988600F98806B042835D133
S31508006A00FFE70F980168086820F0160008600F98DD
S31508006A100168486920F0800048610F98406C20B9E9
S31508006A20FFE70F98C06C38B1FFE70F980168086850
S31508006A3020F008000860FFE70F98006E00F01F01BD
S31508006A403F208840099988600F9901208863FFE7ED
S31508006A500F9900204863FFE70F98406D20B1FFE7C4
S31508006A600F98416D8847FFE700F00FBC0F98006844
S31508006A700068400300281AD5FFE70F9800680068E9
S31508006A800003002809D4FFE70F98806C20B1FFE7C0
S31508006A900F98816C8847FFE708E00F98006C20B1D3
S31508006AA0FFE70F98016C8847FFE7FFE71EE00F989E
S31508006AB000680068C00500280FD4FFE70F98016832
S31508006AC0086820F0100008600F9901208863FFE726
S31508006AD00F9900204863FFE7FFE70F98006C20B185
S31508006AE0FFE70F98016C8847FFE7FFE7FFE7FFE737
S31508006AF00F98806D002800F0D080FFE70F98806D12
S31508006B00C007002800F0C080FFE70F9904208863BB
S31508006B100F9800681021C4F20201884200F08180B3
S31508006B20FFE70F9800682821C4F20201884278D04E
S31508006B30FFE70F9800684021C4F20201884270D02E
S31508006B40FFE70F9800685821C4F20201884268D00E
S31508006B50FFE70F9800687021C4F20201884260D0EE
S31508006B60FFE70F9800688821C4F20201884258D0CE
S31508006B70FFE70F980068A021C4F20201884250D0AE
S31508006B80FFE70F980068B821C4F20201884248D08E
S31508006B90FFE70F98006840F21041C4F202018842EC
S31508006BA03FD0FFE70F98006840F22841C4F202017F
S31508006BB0884236D0FFE70F98006840F24041C4F299
S31508006BC0020188422DD0FFE70F98006840F258412D
S31508006BD0C4F20201884224D0FFE70F98006840F209
S31508006BE07041C4F2020188421BD0FFE70F98006883
S31508006BF040F28841C4F20201884212D0FFE70F989A
S31508006C00006840F2A041C4F20201884209D0FFE7B9
S31508006C100F98006840F2B841C4F20201884207D1D1
S31508006C20FFE70F980168086820F00100086006E091
S31508006C300F980168086820F001000860FFE7FFE781
S31508006C400B9801300B900A99884201D9FFE707E0B3
S31508006C50FFE70F9800680068C0070028F0D1FFE733
S31508006C600F9800680068C00720B1FFE70F99032056
S31508006C70886303E00F9901208863FFE7FFE70F9910
S31508006C8000204863FFE7FFE70F98006D20B1FFE794
S31508006C900F98016D8847FFE7FFE7F6E20F9801684E
S31508006CA0012045F20842C5F60202914201904ED0F3
S31508006CB0FFE70F980168012045F21C42C5F602025B
S31508006CC09142019043D0FFE70F980168012045F2F1
S31508006CD03042C5F602029142019038D0FFE70F987C
S31508006CE00168012045F24442C5F60202914201902C
S31508006CF02DD0FFE70F980168012045F25842C5F6E6
S31508006D0002029142019022D0FFE70F980168012004
S31508006D1045F26C42C5F602029142019017D0FFE790
S31508006D200F980168012045F28042C5F60202914299
S31508006D3001900CD0FFE70F9800684AF66C31CAF24A
S31508006D40FD710844B0FA80F040090190FFE7019808
S31508006D50C007002800F09782FFE70F9800680068D0
S31508006D600C900D980F99096E01F01F01C840400755
S31508006D70002840F1D780FFE79DF83000400700283B
S31508006D8040F1D080FFE70F98006E00F01F01042045
S31508006D908840089948609DF831000006002818D5F3
S31508006DA0FFE79DF83200C00748B9FFE70F98C06CA7
S31508006DB020B1FFE70F98C16C8847FFE708E00F98F6
S31508006DC0406C20B1FFE70F98416C8847FFE7FFE763
S31508006DD0A7E09DF830008006002800F19980FFE7BB
S31508006DE00F9800681021C4F20201884200F08180E1
S31508006DF0FFE70F9800682821C4F20201884278D07C
S31508006E00FFE70F9800684021C4F20201884270D05B
S31508006E10FFE70F9800685821C4F20201884268D03B
S31508006E20FFE70F9800687021C4F20201884260D01B
S31508006E30FFE70F9800688821C4F20201884258D0FB
S31508006E40FFE70F980068A021C4F20201884250D0DB
S31508006E50FFE70F980068B821C4F20201884248D0BB
S31508006E60FFE70F98006840F21041C4F20201884219
S31508006E703FD0FFE70F98006840F22841C4F20201AC
S31508006E80884236D0FFE70F98006840F24041C4F2C6
S31508006E90020188422DD0FFE70F98006840F258415A
S31508006EA0C4F20201884224D0FFE70F98006840F236
S31508006EB07041C4F2020188421BD0FFE70F980068B0
S31508006EC040F28841C4F20201884212D0FFE70F98C7
S31508006ED0006840F2A041C4F20201884209D0FFE7E7
S31508006EE00F98006840F2B841C4F20201884207D1FF
S31508006EF0FFE70F980168086820F00800086006E0B8
S31508006F000F980168086820F004000860FFE7FFE7AB
S31508006F100F98406C20B1FFE70F98416C8847FFE750
S31508006F20FFE7AFE10D980F99096E01F01F01C84000
S31508006F308007002840F1DF80FFE79DF830008007D2
S31508006F40002840F1D880FFE70F98006E00F01F0177
S31508006F5002208840089948609DF8310000060028FC
S31508006F6018D5FFE79DF83200C00748B9FFE70F9824
S31508006F70806C20B1FFE70F98816C8847FFE708E02F
S31508006F800F98006C20B1FFE70F98016C8847FFE760
S31508006F90FFE7AFE09DF830008006002800F1A180E9
S31508006FA0FFE70F9800681021C4F20201884200F03A
S31508006FB08180FFE70F9800682821C4F20201884201
S31508006FC078D0FFE70F9800684021C4F20201884292
S31508006FD070D0FFE70F9800685821C4F20201884272
S31508006FE068D0FFE70F9800687021C4F20201884252
S31508006FF060D0FFE70F9800688821C4F20201884232
S3150800700058D0FFE70F980068A021C4F20201884211
S3150800701050D0FFE70F980068B821C4F202018842F1
S3150800702048D0FFE70F98006840F21041C4F2020109
S3150800703088423FD0FFE70F98006840F22841C4F223
S315080070400201884236D0FFE70F98006840F24041B7
S31508007050C4F2020188422DD0FFE70F98006840F27B
S315080070605841C4F20201884224D0FFE70F9800680D
S3150800707040F27041C4F2020188421BD0FFE70F9824
S31508007080006840F28841C4F20201884212D0FFE744
S315080070900F98006840F2A041C4F20201884209D064
S315080070A0FFE70F98006840F2B841C4F2020188422F
S315080070B007D1FFE70F980168086820F014000860F8
S315080070C006E00F980168086820F00A000860FFE7E4
S315080070D00F9901208863FFE70F9900204863FFE7AF
S315080070E0FFE70F98006C20B1FFE70F98016C8847FF
S315080070F0FFE7FFE7C5E00D980F99096E01F01F013C
S31508007100C8400007002840F1BA80FFE79DF8300024
S315080071100007002840F1B380FFE70F9800681021A8
S31508007120C4F20201884200F08180FFE70F980068E8
S315080071302821C4F20201884278D0FFE70F98006838
S315080071404021C4F20201884270D0FFE70F98006818
S315080071505821C4F20201884268D0FFE70F980068F8
S315080071607021C4F20201884260D0FFE70F980068D8
S315080071708821C4F20201884258D0FFE70F980068B8
S31508007180A021C4F20201884250D0FFE70F98006898
S31508007190B821C4F20201884248D0FFE70F98006878
S315080071A040F21041C4F2020188423FD0FFE70F982F
S315080071B0006840F22841C4F20201884236D0FFE74F
S315080071C00F98006840F24041C4F2020188422DD06F
S315080071D0FFE70F98006840F25841C4F2020188425E
S315080071E024D0FFE70F98006840F27041C4F202010C
S315080071F088421BD0FFE70F98006840F28841C4F226
S315080072000201884212D0FFE70F98006840F2A041B9
S31508007210C4F20201884209D0FFE70F98006840F2DD
S31508007220B841C4F20201884207D1FFE70F98016806
S31508007230086820F01C00086006E00F9801680868D6
S3150800724020F00E000860FFE70F98006E00F01F019F
S31508007250012000FA01F1089A51600F9988650F9983
S315080072608863FFE70F9900204863FFE70F98006DD2
S3150800727020B1FFE70F98016D8847FFE700E0FFE7B9
S31508007280FFE7FFE700E0FFE7FFE710B080BD00BFBC
S3150800729086B004900391029200200190049818B9D0
S315080072A0FFE70120059043E0FFE70498406B0128BB
S315080072B003D1FFE7022005903AE0049901204863CC
S315080072C0FFE7FFE70498806B012826D1FFE70398BC
S315080072D0009005281DD80099DFE801F003070B0F79
S315080072E0131702980499086416E0029804994864EA
S315080072F012E00298049988640EE002980499C8641A
S315080073000AE002980499086506E002980499486517
S3150800731002E001200190FFE702E001200190FFE76B
S31508007320FFE7049900204863FFE701980590FFE707
S31508007330059806B0704700BF85B0039002910020FB
S315080073400190039818B9FFE70120049052E0FFE77F
S315080073500398406B012803D1FFE70220049049E017
S31508007360039901204863FFE7FFE70398806B01282C
S3150800737035D1FFE70298009006282CD80099DFE857
S3150800738001F004080C1014181C0003990020086466
S3150800739024E003990020486420E0039900208864CB
S315080073A01CE003990020C86418E0039900200865CA
S315080073B014E003990020486510E00399002008644A
S315080073C003994864039988640399C864039908650E
S315080073D00399486502E001200190FFE702E00120D9
S315080073E00190FFE7FFE7039900204863FFE701984C
S315080073F00490FFE7049805B0704700BF00BF00BFC0
S3150800740081B000900098806B01B0704700BF00BF44
S3150800741081B000900098806D01B0704700000000B0
S3150800742090B00F900E9100200D908020C5F60000B8
S315080074300A90FFE70E9800680D99C840002800F0EA
S31508007440CF81FFE70E9800680D9A01219140084008
S315080074500C900C98002800F0BF81FFE70E98406852
S3150800746000F00300012807D0FFE70E98406800F0F7
S31508007470030002282FD1FFE70F9880680B900D981C
S315080074804100032000FA01F10B9888430B900E98EF
S31508007490C0680D99490000FA01F10B9808430B9052
S315080074A00B980F9988600F9840680B900D990120EA
S315080074B000FA01F10B9888430B900E984068C0F3C8
S315080074C000100D9900FA01F10B9808430B900B98E0
S315080074D00F994860FFE70E98406800F003000328FC
S315080074E018D0FFE70F98C0680B900D98410003204D
S315080074F000FA01F10B9888430B900E9880680D9955
S31508007500490000FA01F10B9808430B900B980F9964
S31508007510C860FFE70E98406800F00300022826D1ED
S31508007520FFE70F980D996FF0030202EA510108442C
S31508007530006A0B900D9800F0070081000F2000FAF2
S3150800754001F10B9888430B900E9800690D9901F08C
S315080075500701890000FA01F10B9808430B900B9874
S315080075600F990D9B02EA530211440862FFE70F9830
S3150800757000680B900D984100032000FA01F10B9862
S3150800758088430B900E98406800F003000D99490057
S3150800759000FA01F10B9808430B900B980F990860B5
S315080075A00E9880798007002800F01581FFE7FFE72D
S315080075B044F2F440C5F60200016841F00201016098
S315080075C0006800F0020009900998FFE70D9820F07E
S315080075D0030040F20841C5F6000140580B900D988B
S315080075E000F0030081000F2000FA01F10B98884390
S315080075F00B900F980021C5F60201884203D1FFE7D8
S31508007600002008907AE00F9840F20041C5F6020182
S31508007610884203D1FFE7012007906CE00F9840F6F7
S315080076200001C5F60201884203D1FFE70220069051
S315080076305EE00F9840F60041C5F60201884203D184
S31508007640FFE70320059050E00F9841F20001C5F6C8
S315080076500201884203D1FFE70420049042E00F9814
S3150800766041F20041C5F60201884203D1FFE7052031
S31508007670039034E00F9841F60001C5F602018842EE
S3150800768003D1FFE70620029026E00F9841F6004155
S31508007690C5F60201884203D1FFE70720019018E0EA
S315080076A00F9842F20001C5F60201884203D1FFE7AE
S315080076B0082000900AE00F9942F20042C5F602023D
S315080076C00A20914208BF09200090FFE70098019020
S315080076D0FFE701980290FFE702980390FFE70398F7
S315080076E00490FFE704980590FFE705980690FFE7E2
S315080076F006980790FFE707980890FFE708980D99FE
S3150800770001F00301890000FA01F10B9808430B9078
S315080077100B980D9921F0030140F20842C5F60002C4
S3150800772088504FF0B04000680B900C990B9888432E
S315080077300B900E988079C006002805D5FFE70C99AE
S315080077400B9808430B90FFE70B984FF0B041086081
S315080077500420C5F6000000680B900C990B98884326
S315080077600B900E9880798006002805D5FFE70C99BE
S315080077700B9808430B90FFE70B980421C5F6000108
S3150800778008600A9840680B900C990B9888430B90F0
S315080077900E9880798007002805D5FFE70C990B9885
S315080077A008430B90FFE70B980A9948600A98006807
S315080077B00B900C990B9888430B900E988079C0070C
S315080077C028B1FFE70C990B9808430B90FFE70B9835
S315080077D00A990860FFE7FFE70D9801300D9029E642
S315080077E010B0704700BF00BF90B00F900E910020F8
S315080077F00D908020C5F600000A90FFE70E980D99B7
S31508007800C840002800F01181FFE70E980D9A012163
S31508007810914008400C900C98002800F00281FFE780
S315080078200D9820F0030040F20841C5F600014058C3
S315080078300B900D9800F0030081000F2000FA01F16B
S315080078400B9808400B900B9809900F980021C5F6E5
S315080078500201884203D1FFE7002008907AE00F98DA
S3150800786040F20041C5F60201884203D1FFE7012034
S3150800787007906CE00F9840F60001C5F602018842B1
S3150800788003D1FFE7022006905EE00F9840F600411C
S31508007890C5F60201884203D1FFE70320059050E0B0
S315080078A00F9841F20001C5F60201884203D1FFE7AD
S315080078B00420049042E00F9841F20041C5F6020107
S315080078C0884203D1FFE70520039034E00F9841F67C
S315080078D00001C5F60201884203D1FFE7062002909F
S315080078E026E00F9841F60041C5F60201884203D109
S315080078F0FFE70720019018E00F9842F20001C5F64D
S315080079000201884203D1FFE7082000900AE00F9998
S3150800791042F20042C5F602020A20914208BF092037
S315080079200090FFE700980190FFE701980290FFE7B3
S3150800793002980390FFE703980490FFE704980590E0
S31508007940FFE705980690FFE706980790FFE7079870
S315080079500890FFE7099808990D9A02F00302920029
S31508007960914088422AD1FFE70C9A0A990868904301
S3150800797008600C9A0A994868904348600C9A042152
S31508007980C5F600010868904308600C9A4FF0B041AC
S315080079900868904308600D9800F0030081000F20E6
S315080079A088400B900B9B0D9820F0030140F208428B
S315080079B0C5F60002885898438850FFE70D9841009D
S315080079C0032000FA01F30F9A116819431160DDF8D4
S315080079D034C00CF007018A000F2101FA02F30F994F
S315080079E06FF0030202EA5C020A44116A99431162C3
S315080079F00D99490000FA01F30F9AD1689943D160AD
S31508007A000D9A012101FA02F30F9A516899435160C0
S31508007A100D99490000FA01F20F9988689043886029
S31508007A20FFE70D9801300D90E8E610B0704700BFEB
S31508007A3083B00290ADF8061002980069BDF80610EA
S31508007A40084203D0FFE70120009002E000200090E2
S31508007A50FFE7009803B0704783B00290ADF80610B0
S31508007A600092009828B1FFE7BDF8060002998861E0
S31508007A7005E0BDF80600000402998861FFE703B037
S31508007A80704700BF00BF00BF83B00290ADF8061074
S31508007A90029840690090009ABDF8060002EA0001C3
S31508007AA0904340EA01400299886103B0704700BFDD
S31508007AB084B00290ADF806104FF480300090BDF8FF
S31508007AC0061000980843009000980299C861BDF80E
S31508007AD006000299C86100980299C8610298C069AF
S31508007AE000900298C069C003002803D5FFE700206C
S31508007AF0039002E001200390FFE7039804B0704763
S31508007B0080B582B0ADF806008820C5F6000000688A
S31508007B10BDF8061008420BD0FFE7BDF8060088211D
S31508007B20C5F600010860BDF8060000F005F8FFE795
S31508007B3002B080BD00BF00BF81B0ADF8020001B041
S31508007B407047000000000000704700BF00BF00BF7C
S31508007B5044F60001C5F60201086840F48070086022
S31508007B60704700BF00BF00BF44F60001C5F602011A
S31508007B70086820F480700860704700BF00BF00BF27
S31508007B8081B00090009808B9FFE75AE044F6000172
S31508007B90C5F60201086820F0E000009A1268104352
S31508007BA008608421C5F60001086820F48030086062
S31508007BB08021C5F60001086820F4803008604FF07F
S31508007BC0B041086820F4803008600421C5F6000139
S31508007BD0086820F48030086000988079C00740B1B2
S31508007BE0FFE78021C5F60001086840F48030086088
S31508007BF0FFE7009880798007002808D5FFE78421E9
S31508007C00C5F60001086840F480300860FFE7009870
S31508007C100079C00738B1FFE74FF0B041086840F473
S31508007C2080300860FFE7009800798007002808D5AB
S31508007C30FFE70421C5F60001086840F480300860B3
S31508007C40FFE701B0704700BF44F60001C5F6020120
S31508007C50086840F010000860704700BF00BF00BF0A
S31508007C6044F60001C5F60201086820F01000086015
S31508007C70704700BF00BF00BF81B0009044F62801DE
S31508007C80C5F6020108684CF2C002CFF200021040A5
S31508007C90009A1043086001B0704700BF00BF00BFDC
S31508007CA081B0009000996FF03F0060EA010244F647
S31508007CB02801C5F6020108681040086001B070473F
S31508007CC082B001908DF803104EF61051CEF20001E5
S31508007CD0086820F0040008609DF80300012802D116
S31508007CE0FFE730BF01E020BFFFE702B0704700BFE3
S31508007CF082B001908DF8031044F60001C5F6020122
S31508007D00086820F00100019A1043086044F6100143
S31508007D10C5F60201086820F005000860086820F02A
S31508007D20020008604EF61051CEF20001086840F0D5
S31508007D3004000860BFF34F8FBFF36F8F9DF80300F1
S31508007D40012802D1FFE730BF01E020BFFFE74EF66A
S31508007D501051CEF20001086820F00400086002B055
S31508007D60704700BF00BF00BF44F61001C5F6020108
S31508007D70086840F005000860086840F002000860DE
S31508007D804EF61051CEF20001086840F00400086073
S31508007D90BFF34F8FBFF36F8F30BF704700BF00BF71
S31508007DA04EF61051CEF20001086840F00200086055
S31508007DB0704700BF00BF00BF4EF61051CEF200015B
S31508007DC0086820F002000860704700BF00BF00BFC7
S31508007DD04EF61051CEF20001086840F01000086017
S31508007DE0704700BF00BF00BF4EF61051CEF200012B
S31508007DF0086820F010000860704700BF00BF00BF89
S31508007E0080B58820C5F60000006800F4803100209F
S31508007E10B0EB114F0AD0FFE78821C5F600010868C4
S31508007E2040F48030086000F003F8FFE780BD00BF2B
S31508007E30704700000000000080B584B0029044F648
S31508007E400C00C5F60200006800F004010020B0EB43
S31508007E50910F11D1FFE744F60C00C5F60200006841
S31508007E6000F007000299884203D0FFE7012003903B
S31508007E702BE00020039028E044F60C01C5F6020129
S31508007E80086820F00700029A10430860F9F7C0FC5A
S31508007E900190FFE744F60400C5F60200006800F406
S31508007EA000510020B0EB513F0CD1FFE7F9F7B0FCC9
S31508007EB00199401AB0F57A7F03D9FFE701200390AC
S31508007EC003E0E7E700200390FFE7039804B080BDCE
S31508007ED044F60C00C5F60200006800F0070070477B
S31508007EE080B584B0029044F60400C5F60200006826
S31508007EF000F440400299884203D1FFE7002003902E
S31508007F009FE00298D0BBFFE744F60C00C5F60200D6
S31508007F100068800700282DD5FFE744F61801C5F646
S31508007F200201086840F440400860F9F771FC0190C6
S31508007F30FFE744F60400C5F60200006800F40051A5
S31508007F400020B0EB513F0CD1FFE7F9F761FC01992E
S31508007F50401AB0F57A7F03D9FFE70120039070E055
S31508007F60E7E740F22C41C5F60001086840F0010039
S31508007F70086002E00120039063E043E044F6040051
S31508007F80C5F60200006800F44040B0F5404F2ED117
S31508007F90FFE740F22C40C5F600000068C00728B38A
S31508007FA0FFE740F22C41C5F60001086820F0010001
S31508007FB00860F9F72DFC0190FFE744F60400C5F6C2
S31508007FC00200006800F400510020B0EB513F0CD1CC
S31508007FD0FFE7F9F71DFC0199401AB0F57A7F03D936
S31508007FE0FFE7012003902CE0E7E7FFE7FFE744F609
S31508007FF01801C5F60201086820F44040029A1043A9
S315080080000860FFE7F9F704FC0190FFE744F604006F
S31508008010C5F60200006800F400510020B0EB513F9D
S315080080200CD1FFE7F9F7F4FB0199401AB0F57A7F0E
S3150800803003D9FFE70120039003E0E7E70020039058
S31508008040FFE7039804B080BD44F60400C5F60200B5
S31508008050006800F44040704781B0009044F6000183
S31508008060C5F60201086820F44040009A10430860EB
S31508008070002001B0704700BF44F60000C5F60200B4
S31508008080006800F44040704783B002908DF80710EE
S31508008090009244F60001C5F60201086820F00100C6
S315080080A0029A10430860009830BBFFE744F61001B7
S315080080B0C5F60201086820F0010008604EF6105166
S315080080C0CEF20001086840F004000860BFF34F8F45
S315080080D0BFF36F8F9DF80700012802D1FFE730BF75
S315080080E001E020BFFFE74EF61051CEF20001086806
S315080080F020F00400086016E00098012809D1FFE77F
S3150800810044F61001C5F60201086820F0020008606E
S3150800811008E044F61001C5F60201086820F00400DC
S315080081200860FFE7FFE703B0704700BF00BF00BF66
S3150800813020BF704700BF00BF81B00090009890B97B
S31508008140FFE744F61001C5F60201086840F0010091
S3150800815008604EF61051CEF20001086840F004009F
S31508008160086030BF16E00098012809D1FFE744F6F9
S315080081701001C5F60201086840F00200086008E030
S3150800818044F61001C5F60201086840F004000860CC
S31508008190FFE7FFE701B0704781B0009044F6100191
S315080081A0C5F60201086820F40060009A10430860CA
S315080081B001B0704700BF00BF44F60001C5F60201D2
S315080081C0086840F400700860704700BF00BF00BF31
S315080081D044F60001C5F60201086820F4007008603C
S315080081E0704700BF00BF00BF92B009904FF44030FF
S315080081F006900999086804904968059190FAA0F0D4
S315080082001090109820B9FFE720208DF8470005E068
S315080082101098B0FA80F08DF84700FFE704980599A2
S315080082209DF84720083202F01F0291400843029049
S31508008230099908688968039190FAA0F00E900E983B
S3150800824020B9FFE720208DF83F0005E00E98B0FA28
S3150800825080F08DF83F00FFE7029803999DF83F30BC
S31508008260102202EB430202F01E02914008430890D6
S3150800827009980068019090FAA0F00C900C9820B923
S31508008280FFE720208DF8370005E00C98B0FA80F05B
S315080082908DF83700FFE701989DF8371001F01F02A7
S315080082A04FF480719140084300900998006890FA4D
S315080082B0A0F00A900A9820B9FFE720208DF82F0031
S315080082C005E00A98B0FA80F08DF82F00FFE70098CD
S315080082D09DF82F201E2101EA42024FF440319140B9
S315080082E00843079044F62801C5F602010868079A6C
S315080082F09043089A104308609021C5F60001086863
S3150800830020F0FC50099A126840EAC250086012B080
S31508008310704700BF00BF00BF81B00090009A44F6C6
S315080083202801C5F6020108689043086001B0704745
S3150800833081B0009044F62400C5F602000068009952
S31508008340084001B0704700BF82B00090009A44F61A
S315080083502001C5F6020108681043086044F62400A7
S31508008360C5F6020000680099084203D0FFE701201D
S31508008370019002E000200190FFE7019802B07047E3
S3150800838080B544F62400C5F602000068C00758B157
S31508008390FFE744F62001C5F60201086840F001002F
S315080083A0086000F061F85EE044F62400C5F60200B5
S315080083B00068800700280BD5FFE744F62001C5F6BC
S315080083C00201086840F00200086000F051F849E030
S315080083D044F62400C5F602000068400700280BD5BD
S315080083E0FFE744F62001C5F60201086840F00400DC
S315080083F0086000F041F834E044F62400C5F60200AF
S315080084000068000700280BD5FFE744F62001C5F6EB
S315080084100201086840F00800086000F031F81FE023
S3150800842044F62400C5F602000068C00600280BD5ED
S31508008430FFE744F62001C5F60201086840F010007F
S31508008440086000F021F80AE044F62001C5F60201AA
S31508008450086840F02000086000F01AF8FFE7FFE718
S31508008460FFE7FFE7FFE780BD704700BF00BF00BF1B
S31508008470704700BF00BF00BF704700BF00BF00BF06
S31508008480704700BF00BF00BF704700BF00BF00BFF6
S31508008490704700BF00BF00BF80B582B044F6080130
S315080084A0C5F60201086840F001000860F9F7B0F95E
S315080084B00090FFE744F60800C5F60200006800F4DD
S315080084C080310020B0EB114F0CD1FFE7F9F7A0F986
S315080084D00099401AB0F57A7F03D9FFE70120019089
S315080084E003E0E7E700200190FFE7019802B080BDAE
S315080084F080B582B044F60801C5F60201086820F086
S3150800850001000860F9F784F90090FFE744F60800CF
S31508008510C5F60200006800F480310020B0EB114F68
S315080085200CD0FFE7F9F774F90099401AB0F57A7F8D
S3150800853003D9FFE70120019003E0E7E70020019057
S31508008540FFE7019802B080BD80B582B044F60C0101
S31508008550C5F60201086840F000700860F9F758F996
S315080085600090FFE744F60C00C5F60200006800F02C
S3150800857080610020B0EB916F0CD1FFE7F9F748F95D
S315080085800099401AB0F57A7F03D9FFE701200190D8
S3150800859003E0E7E700200190FFE7019802B080BDFD
S315080085A080B582B044F60C01C5F60201086820F0D1
S315080085B000700860F9F72CF90090FFE744F60C0004
S315080085C0C5F60200006800F080610020B0EB916FEC
S315080085D00CD0FFE7F9F71CF90099401AB0F57A7F35
S315080085E003D9FFE70120019003E0E7E700200190A7
S315080085F0FFE7019802B080BD44F60C01C5F60201FA
S31508008600086840F080700860704700BF00BF00BF70
S3150800861044F60C01C5F60201086820F0807008606F
S31508008620704700BF00BF00BF81B0009044F60C0140
S31508008630C5F60201086820F40070009A1043086025
S31508008640086840F48070086001B0704700BF00BF3A
S3150800865044F60C01C5F60201086820F4807008602B
S31508008660704700BF00BF00BF44F60801C5F6020107
S31508008670086840F010000860704700BF00BF00BFE0
S3150800868044F60801C5F60201086820F010000860E3
S31508008690704700BF00BF00BF82B044F60800C5F6A9
S315080086A00200006800F4400000900098B0F5800FC2
S315080086B004D1FFE74FF4800001900CE00098B0F574
S315080086C0000F04D1FFE74FF40000019002E00020FC
S315080086D00190FFE7FFE7019802B0704700BF00BFAF
S315080086E082B044F60800C5F60200006800F440109F
S315080086F000900098B0F5801F04D1FFE74FF4801072
S3150800870001900CE00098B0F5001F04D1FFE74FF484
S315080087100010019002E000200190FFE7FFE70198B2
S3150800872002B0704700BF00BF81B0009044F6000158
S31508008730C5F60201086820F4C020009A12681043A2
S3150800874008608421C5F60001086820F480300860B6
S315080087508021C5F60001086820F4803008604FF0D3
S31508008760B041086820F4803008600421C5F600018D
S31508008770086820F48030086000988079C00740B106
S31508008780FFE78021C5F60001086840F480300860DC
S31508008790FFE7009880798007002808D5FFE784213D
S315080087A0C5F60001086840F480300860FFE70098C5
S315080087B00079C00738B1FFE74FF0B041086840F4C8
S315080087C080300860FFE7009800798007002808D500
S315080087D0FFE70421C5F60001086840F48030086008
S315080087E0FFE701B0704700BF44F60001C5F6020175
S315080087F0086840F480300860704700BF00BF00BFBB
S3150800880044F60001C5F60201086820F480300860C5
S31508008810704700BF00BF00BF80B544F60000C5F62C
S3150800882002000068C006002823D5FFE78820C5F6A1
S315080088300000006800F480310020B0EB114F17D01B
S31508008840FFE7FFF7F5FA44F60400C5F602000068EC
S3150800885000F480310020B0EB114F08D1FFE78821E2
S31508008860C5F60001086840F480300860FFE7FFE7B6
S31508008870FFE744F60000C5F602000068C0030028BA
S3150800888023D5FFE78820C5F60000006800F480318C
S315080088900020B0EB114F17D0FFE700F019F844F6A7
S315080088A00400C5F60200006800F010010020B0EBD5
S315080088B0111F08D1FFE78821C5F60001086840F4B2
S315080088C080300860FFE7FFE7FFE780BD00BF00BF15
S315080088D0704700000000000080B582B042F2000038
S315080088E0C5F20020006800F00F00062813D8FFE73D
S315080088F042F20000C5F200200168072262F3030174
S315080089000160006800F00F00072803D0FFE7012088
S31508008910019064E1FFE7F8F77BFF009044F200411D
S31508008920C5F60201086840F001000860FFE744F256
S315080089300040C5F602000068400700280BD4FFE790
S31508008940F8F766FF0099401A032803D3FFE70320C8
S31508008950019044E1EBE744F20441C5F602010868D8
S3150800896040F08040086044F21041C5F6020100203C
S31508008970086040F20001C2F2004149F20000C0F26C
S31508008980D030086040F20401C2F20041086040F2AB
S315080089900C00C2F200400068F8F786FE18B1FFE73F
S315080089A0012001901BE1F8F733FF0090FFE744F23E
S315080089B01040C5F60200006810F0380F0DD0FFE72A
S315080089C0F8F726FF0099401A41F28931884203D305
S315080089D0FFE70320019002E1E9E7F8F719FF0090A5
S315080089E044F20041C5F6020108684EF64552CFF634
S315080089F0F67210400860FFE744F20040C5F6020030
S31508008A000068800300280BD5FFE7F8F701FF0099F7
S31508008A10401A652803D3FFE703200190DFE0EBE760
S31508008A20F8F7F6FE009044F20041C5F60201086820
S31508008A3020F080700860FFE744F20040C5F60200A7
S31508008A400068800100280BD5FFE7F8F7E1FE0099DA
S31508008A50401A032803D3FFE703200190BFE0EBE7A2
S31508008A60F8F7D6FE009044F20041C5F60201086800
S31508008A7020F080600860FFE744F20040C5F6020077
S31508008A800068000100280BD5FFE7F8F7C1FE00993A
S31508008A90401A032803D3FFE7032001909FE0EBE782
S31508008AA0F8F7B6FE009044F20041C5F602010868E0
S31508008AB020F080500860FFE744F20040C5F6020047
S31508008AC00068800000280BD5FFE7F8F7A1FE00999B
S31508008AD0401A032803D3FFE7032001907FE0EBE762
S31508008AE044F21841C5F602010020086044F21C4110
S31508008AF0C5F60201086044F22041C5F60201086085
S31508008B0044F22842C5F6020240F20021C0F20221D0
S31508008B10116044F22C42C5F602020021C0F2FF1190
S31508008B20116044F23042C5F6020240F28021C0F2DA
S31508008B300111116044F23442C5F60202106044F293
S31508008B403842C5F60202116044F23C42C5F60202FA
S31508008B50106044F24042C5F60202116044F24441F4
S31508008B60C5F60201086044F20042C5F60202116821
S31508008B7021F48021116044F26041C5F602010860C3
S31508008B8044F26841C5F602014FF0FF30086044F22E
S31508008B90D041C5F60201086840F48030086042F208
S31508008BA00000C5F20020006800F00F00082813D363
S31508008BB0FFE742F20000C5F200200168072262F3CF
S31508008BC003010160006800F00F00072803D0FFE7E3
S31508008BD00120019003E0FFE700200190FFE70198DC
S31508008BE002B080BD00BF00BF80B58CB00A900A985D
S31508008BF020B9FFE701200B9000F087BD0A9800789E
S31508008C00C007002800F0B680FFE744F21040C5F61A
S31508008C100200006800F03800069044F22840C5F6C5
S31508008C20020000680590069810280AD0FFE7069803
S31508008C3018281BD1FFE7059800F00300022815D174
S31508008C40FFE744F20040C5F60200006800F4003170
S31508008C500020B0EB514F08D0FFE70A98406820B9CA
S31508008C60FFE701200B9000F050BD82E0FFE70A986D
S31508008C704068B0F5803F09D1FFE744F20041C5F6E8
S31508008C800201086840F48030086032E00A984068BB
S31508008C9068B9FFE744F20041C5F60201086820F406
S31508008CA080300860086820F48020086020E00A9870
S31508008CB04068B0F5A02F0DD1FFE744F20041C5F694
S31508008CC00201086840F480200860086840F4803093
S31508008CD008600CE044F20041C5F60201086820F479
S31508008CE080300860086820F480200860FFE7FFE706
S31508008CF0FFE7FFE70A984068E8B1FFE7F8F788FD5D
S31508008D000990FFE744F20040C5F60200006800F447
S31508008D1000310020B0EB514F0CD1FFE7F8F778FD92
S31508008D200999401A652804D3FFE703200B9000F041
S31508008D30ECBCE7E71CE0F8F76BFD0990FFE744F2A7
S31508008D400040C5F60200006800F400310020B0EBD0
S31508008D50514F0CD0FFE7F8F75BFD0999401A6528D3
S31508008D6004D3FFE703200B9000F0CFBCE7E7FFE74B
S31508008D70FFE7FFE70A9800788007002840F112818C
S31508008D80FFE744F21040C5F60200006800F038001C
S31508008D90049044F22840C5F602000068039004983F
S31508008DA050B1FFE70498182876D1FFE79DF80C0024
S31508008DB08007002870D1FFE744F20040C5F602009C
S31508008DC0006800F004010020B0EB910F08D0FFE71F
S31508008DD00A98C06820B9FFE701200B9000F095BCFF
S31508008DE044F20041C5F60201086820F019000A9A03
S31508008DF0D26810430860F8F70BFD0990FFE744F2C4
S31508008E000040C5F60200006800F004010020B0EB3F
S31508008E10910F0CD1FFE7F8F7FBFC0999401A0328D4
S31508008E2004D3FFE703200B9000F06FBCE7E7FFE7EA
S31508008E30F8F776FD41F2030188421DD8FFE70A9844
S31508008E40006940280AD1FFE744F20441C5F6020149
S31508008E500868202262F3113008600CE044F20441ED
S31508008E60C5F60201086820F47C300A9A126940EABD
S31508008E7002300860FFE70CE044F20441C5F602013F
S31508008E80086820F0FE400A9A126940EA0260086003
S31508008E90FFE7FFE7FFE784E00A98C06800285BD091
S31508008EA0FFE744F20041C5F60201086820F0190000
S31508008EB00A9AD26810430860F8F7AAFC0990FFE7F7
S31508008EC044F20040C5F60200006800F004010020E4
S31508008ED0B0EB910F0CD1FFE7F8F79AFC0999401A05
S31508008EE0032804D3FFE703200B9000F00EBCE7E746
S31508008EF0FFE7F8F715FD41F2030188421DD8FFE7A1
S31508008F000A98006940280AD1FFE744F20441C5F6E9
S31508008F1002010868202262F3113008600CE044F26E
S31508008F200441C5F60201086820F47C300A9A1269E1
S31508008F3040EA02300860FFE70CE044F20441C5F657
S31508008F400201086820F0FE400A9A126940EA0260A7
S31508008F500860FFE7FFE723E044F20041C5F6020197
S31508008F60086820F001000860F8F752FC0990FFE74E
S31508008F7044F20040C5F60200006800F00401002033
S31508008F80B0EB910F0BD0FFE7F8F742FC0999401AAE
S31508008F90032803D3FFE703200B90B6E3E8E7FFE7D0
S31508008FA0FFE7FFE70A980078C006002840F1E88046
S31508008FB0FFE744F21040C5F60200006800F03800EA
S31508008FC0029044F22840C5F6020000680190029813
S31508008FD008280AD0FFE7029818284FD1FFE701981A
S31508008FE000F00300012849D1FFE744F20040C5F626
S31508008FF00200006800F480710020B0EB112F08D041
S31508009000FFE70A98C069802803D0FFE701200B9084
S315080090107BE3FFE7F8F784FC41F2030188421DD899
S31508009020FFE70A98006A20280AD1FFE744F20441BC
S31508009030C5F602010868102262F39E6008600CE01B
S3150800904044F20441C5F60201086820F0F8400A9A7D
S31508009050126A40EA82600860FFE70CE044F20C41BD
S31508009060C5F60201086820F07C500A9A126A40EA9E
S3150800907002600860FFE7FFE7FFE780E00A98C0693B
S31508009080002857D0FFE744F20041C5F602010868F8
S3150800909040F080000860F8F7BBFB0990FFE744F250
S315080090A00040C5F60200006800F480710020B0EBAD
S315080090B0112F0BD1FFE7F8F7ABFB0999401A0328E4
S315080090C003D3FFE703200B901FE3E8E7FFE7F8F772
S315080090D027FC41F2030188421DD8FFE70A98006A77
S315080090E020280AD1FFE744F20441C5F602010868C0
S315080090F0102262F39E6008600CE044F20441C5F653
S315080091000201086820F0F8400A9A126A40EA82606A
S315080091100860FFE70CE044F20C41C5F60201086856
S3150800912020F07C500A9A126A40EA02600860FFE75B
S31508009130FFE723E044F20041C5F60201086820F083
S3150800914080000860F8F764FB0990FFE744F20040E6
S31508009150C5F60200006800F480710020B0EB112FFC
S315080091600BD0FFE7F8F754FB0999401A032803D3F5
S31508009170FFE703200B90C8E2E8E7FFE7FFE7FFE712
S315080091800A980078000700284DD5FFE70A98406935
S3150800919020B3FFE744F27441C5F60201086840F0BF
S315080091A001000860F8F734FB0990FFE744F27440C1
S315080091B0C5F60200006800F002010020B0EB510F6E
S315080091C00BD1FFE7F8F724FB0999401A032803D3C4
S315080091D0FFE703200B9098E2E8E723E044F27441A6
S315080091E0C5F60201086820F001000860F8F710FBD0
S315080091F00990FFE744F27440C5F60200006800F0E3
S3150800920002010020B0EB510F0BD0FFE7F8F700FB87
S315080092100999401A032803D3FFE703200B9074E249
S31508009220E8E7FFE7FFE70A980078800600284DD5AB
S31508009230FFE70A98806920B3FFE744F20041C5F6C4
S315080092400201086840F480500860F8F7E1FA0990CE
S31508009250FFE744F20040C5F60200006800F400513A
S315080092600020B0EB513F0BD1FFE7F8F7D1FA099987
S31508009270401A032803D3FFE703200B9045E2E8E7EB
S3150800928023E044F20041C5F60201086820F4805044
S315080092900860F8F7BDFA0990FFE744F20040C5F602
S315080092A00200006800F400510020B0EB513F0BD0DB
S315080092B0FFE7F8F7ADFA0999401A032803D3FFE741
S315080092C003200B9021E2E8E7FFE7FFE70A9800781A
S315080092D04007002840F1A480FFE744F60001C5F6E0
S315080092E00201086840F480700860F8F791FA09905E
S315080092F0FFE744F60000C5F602000068C00500282E
S315080093000BD4FFE7F8F784FA0999401A652803D3BE
S31508009310FFE703200B90F8E1EBE7FFE70A98806880
S31508009320012809D1FFE744F27041C5F60201086831
S3150800933040F00100086031E00A98806868B9FFE7E4
S3150800934044F27041C5F60201086820F00100086081
S31508009350086820F0040008601FE00A98806805285D
S315080093600DD1FFE744F27041C5F60201086840F0E6
S3150800937004000860086840F0010008600CE044F248
S315080093807041C5F60201086820F001000860086807
S3150800939020F004000860FFE7FFE7FFE7FFE70A9809
S315080093A08068F0B1FFE7F8F733FA0990FFE744F26F
S315080093B07040C5F60200006800F002010020B0EB1C
S315080093C0510F0DD1FFE7F8F723FA0999401A41F230
S315080093D08931884203D3FFE703200B9095E1E6E73E
S315080093E01DE0F8F715FA0990FFE744F27040C5F654
S315080093F00200006800F002010020B0EB510F0DD00A
S31508009400FFE7F8F705FA0999401A41F289318842C7
S3150800941003D3FFE703200B9077E1E6E7FFE7FFE7D3
S315080094200A98406A002800F06D81FFE744F2104070
S31508009430C5F60200006800F03800182800F0DD8044
S31508009440FFE70A98406A022840F0B280FFE744F234
S315080094500041C5F60201086820F080700860F8F738
S31508009460D7F90990FFE744F20040C5F60200006804
S3150800947000F000710020B0EB516F0BD0FFE7F8F752
S31508009480C7F90999401A032803D3FFE703200B906D
S315080094903BE1E8E7FFE744F22841C5F60201086820
S315080094A040F2F33290430A9B9A6ADB6A42EA031255
S315080094B0104308600A99086BD1F834C08B6BCA6BE5
S315080094C001386FF35F204FF60061CFF6FF7101EBAD
S315080094D04C2189B208440021CFF6FF7101EB034104
S315080094E001F4FE0108444FF07F4101EB026101F0EF
S315080094F0FE41084444F23041C5F602010860FFE720
S3150800950044F22C41C5F602010091086820F00100DA
S31508009510086044F23442C5F6020210684FF6F87342
S3150800952098430A9B9B6C40EAC3001060086820F0C9
S315080095300C000A9A126C10430860086820F00200B2
S315080095400A9A526C10430860086840F48030086034
S31508009550086840F400300860086840F48020086015
S31508009560086840F00100086044F20041C5F60201AF
S31508009570086840F080700860F8F74AF90990FFE734
S3150800958044F20040C5F60200006800F000710020B1
S31508009590B0EB516F0BD1FFE7F8F73AF90999401A82
S315080095A0032803D3FFE703200B90AEE0E8E723E0A8
S315080095B044F20041C5F60201086820F08070086090
S315080095C0F8F726F90990FFE744F20040C5F60200CD
S315080095D0006800F000710020B0EB516F0BD0FFE778
S315080095E0F8F716F90999401A032803D3FFE7032069
S315080095F00B908AE0E8E7FFE783E044F22840C5F6E7
S3150800960002000068089044F23040C5F6020000687F
S3150800961007900A98406A012837D0FFE7089800F0B3
S3150800962003000A99896A88422FD1FFE7089800F44F
S315080096307C710A98C06AB0EB111F26D1FFE707981C
S315080096406FF35F200A99096B013988421DD1FFE73C
S31508009650BDF81C100A98406B0138B0EB512F14D195
S31508009660FFE7079800F4FE010A98806B0138B0EB13
S31508009670114F0AD1FFE7079800F0FE410A98C06B20
S315080096800138B0EB116F03D0FFE701200B903CE0E7
S3150800969044F23440C5F60200006880B2C00808905B
S315080096A00A98806C0899884229D0FFE744F22C4131
S315080096B0C5F60201086820F001000860F8F7A8F866
S315080096C00990FFE7F8F7A4F80999401A08B9FFE7DF
S315080096D0F8E744F23441C5F6020108684FF6F87215
S315080096E090430A9A926C40EAC200086044F22C4100
S315080096F0C5F60201086840F001000860FFE7FFE7C9
S31508009700FFE7FFE700200B90FFE70B980CB080BD42
S3150800971080B586B004900391049818B9FFE7012034
S31508009720059032E2039842F20001C5F20021096869
S3150800973001F00F01884215D9FFE742F20000C5F291
S315080097400020016821F00F01039A114301600068A7
S3150800975000F00F000399884203D0FFE70120059027
S3150800976013E2FFE7049800784007002819D5FFE7B9
S315080097700498006944F21841C5F60201096801F027
S31508009780700188420CD9FFE744F21841C5F6020178
S31508009790086820F07000049A126910430860FFE711
S315080097A0FFE7049800780007002819D5FFE7049812
S315080097B0406944F21C41C5F60201096801F07001CE
S315080097C088420CD9FFE744F21C41C5F60201086835
S315080097D020F07000049A526910430860FFE7FFE71B
S315080097E004980078C006002819D5FFE70498806910
S315080097F044F21C41C5F60201096801F4E061884299
S315080098000CD9FFE744F21C41C5F60201086820F4AA
S31508009810E060049A926910430860FFE7FFE704983E
S3150800982000788006002819D5FFE70498C06944F235
S315080098302041C5F60201096801F0700188420CD979
S31508009840FFE744F22041C5F60201086820F07000DF
S31508009850049AD26910430860FFE7FFE70498007886
S315080098608007002819D5FFE70498C06844F2184114
S31508009870C5F60201096801F00F0188420CD9FFE715
S3150800988044F21841C5F60201086820F00F00049A50
S31508009890D26810430860FFE7FFE704980078C0071E
S315080098A0002800F08780FFE744F21841C5F6020158
S315080098B0086820F47060049A926810430860049857
S315080098C04068022810D1FFE744F20040C5F60200BE
S315080098D0006800F400310020B0EB514F03D1FFE7D8
S315080098E00120059051E13BE004984068032810D117
S315080098F0FFE744F20040C5F60200006800F0007178
S315080099000020B0EB516F03D1FFE7012005903CE141
S3150800991025E004984068012810D1FFE744F200408A
S31508009920C5F60200006800F480710020B0EB112F24
S3150800993003D1FFE70120059027E10FE044F200403C
S31508009940C5F60200006800F004010020B0EB910F94
S3150800995003D1FFE70120059017E1FFE7FFE7FFE7DF
S3150800996044F21041C5F60201086820F00700049A7F
S31508009970526810430860F7F74BFF0190FFE744F27F
S315080099801040C5F60200006800F0380004994968DE
S31508009990B0EBC10F0DD0FFE7F7F73AFF0199401A70
S315080099A041F28931884203D3FFE703200590ECE0B2
S315080099B0E5E7FFE7049800788007002819D5FFE750
S315080099C00498C06844F21841C5F60201096801F016
S315080099D00F0188420CD2FFE744F21841C5F602018E
S315080099E0086820F00F00049AD26810430860FFE761
S315080099F0FFE7039842F20001C5F20021096801F069
S31508009A000F01884215D2FFE742F20000C5F2002096
S31508009A10016821F00F01039A11430160006800F004
S31508009A200F000399884203D0FFE701200590ACE0B8
S31508009A30FFE7049800784007002819D5FFE704983F
S31508009A40006944F21841C5F60201096801F070017F
S31508009A5088420CD2FFE744F21841C5F602010868AD
S31508009A6020F07000049A126910430860FFE7FFE7C8
S31508009A70049800780007002819D5FFE7049840697C
S31508009A8044F21C41C5F60201096801F070018842DA
S31508009A900CD2FFE744F21C41C5F60201086820F023
S31508009AA07000049A526910430860FFE7FFE70498BC
S31508009AB00078C006002819D5FFE70498806944F2A3
S31508009AC01C41C5F60201096801F4E06188420CD21E
S31508009AD0FFE744F21C41C5F60201086820F4E0607D
S31508009AE0049A926910430860FFE7FFE70498007834
S31508009AF08006002819D5FFE70498C06944F220417A
S31508009B00C5F60201096801F0700188420CD2FFE728
S31508009B1044F22041C5F60201086820F07000049A54
S31508009B20D26910430860FFE7FFE700F031F844F216
S31508009B301842C5F602021168C1F3032349F21A61F5
S31508009B40C0F60101CB5C03F01F03D84000900098D3
S31508009B50126802F00F02895C01F01F01C84040F24A
S31508009B600401C2F200410860009840F20001C2F206
S31508009B700041086040F20C00C2F200400068F7F7A6
S31508009B8093FD029002980590FFE7059806B080BD00
S31508009B908AB044F21040C5F60200006800F03800AA
S31508009BA001460191182800F269810199DFE811F050
S31508009BB019006601660166016601660166016601AD
S31508009BC03A0066016601660166016601660166017C
S31508009BD04000660166016601660166016601660166
S31508009BE0460044F20040C5F60200006800F0200175
S31508009BF00020B0EB511F0ED0FFE744F20040C5F637
S31508009C0002000068C0F3C10149F20000C0F2D0307A
S31508009C10C840029005E049F20000C0F2D030029038
S31508009C20FFE731E140F60010C0F23D0002902BE15B
S31508009C3047F64000C0F27D10029025E144F2284024
S31508009C40C5F60200016801F0030108910068C0F337
S31508009C500510079044F22C40C5F60200006800F093
S31508009C6001000690069844F23441C5F602010968D7
S31508009C7089B2C908484300EE100AB8EE400A8DEDCD
S31508009C80040A0798002800F0F580FFE70898009076
S31508009C9048B1FFE70098012869D0FFE70098022835
S31508009CA000F08980ABE044F20040C5F60200006887
S31508009CB000F020010020B0EB511F33D0FFE744F23B
S31508009CC00040C5F602000068C0F3C10149F2000071
S31508009CD0C0F2D030C84005909DED050AB8EE400A9E
S31508009CE09DED071AB8EE411A80EE010A44F230409B
S31508009CF0C5F6020000686FF35F2001EE100AB8EEA1
S31508009D00411A9DED042A9FED633A82EE032A31EE4D
S31508009D10021AB7EE002A31EE021A20EE010A8DED7C
S31508009D20030A23E09DED070AB8EE401A9FED5B0A89
S31508009D3080EE010A44F23040C5F6020000686FF36F
S31508009D405F2001EE100AB8EE411A9DED042A9FED38
S31508009D50513A82EE032A31EE021AB7EE002A31EEA4
S31508009D60021A20EE010A8DED030AFFE76BE09DED6E
S31508009D70070AB8EE401A9FED480A80EE010A44F237
S31508009D803040C5F6020000686FF35F2001EE100A46
S31508009D90B8EE411A9DED042A9FED3E3A82EE032A5B
S31508009DA031EE021AB7EE002A31EE021A20EE010A47
S31508009DB08DED030A47E09DED070AB8EE401A9FEDC0
S31508009DC0340A80EE010A44F23040C5F60200006803
S31508009DD06FF35F2001EE100AB8EE411A9DED042AD2
S31508009DE09FED2C3A82EE032A31EE021AB7EE002ACC
S31508009DF031EE021A20EE010A8DED030A23E09DEDED
S31508009E00070AB8EE401A9FED240A80EE010A44F2CA
S31508009E103040C5F6020000686FF35F2001EE100AB5
S31508009E20B8EE411A9DED042A9FED1A3A82EE032AEE
S31508009E3031EE021AB7EE002A31EE021A20EE010AB6
S31508009E408DED030AFFE744F23040C5F602000068CC
S31508009E5081B2012000EB512009909DED030A9DED8A
S31508009E60091AB8EE411A80EE010ABCEEC00A8DED59
S31508009E70020A02E000200290FFE705E040F6001023
S31508009E80C0F23D000290FFE702980AB0704700BF93
S31508009E9020BCBE4B000000460024744A0024744CC3
S31508009EA080B58AB0099008910792099860BBFFE7C8
S31508009EB0FFE744F2E040C5F60200016841F00101FF
S31508009EC00160006800F0010001900198FFE74FF477
S31508009ED080700290022003900320059000200490D1
S31508009EE006900020C5F6020002A9FDF799FA44F289
S31508009EF01041C5F60201086820F0FE70089A079B13
S31508009F001A43104308602DE0FFE744F2E040C5F627
S31508009F100200016841F004010160006800F00400D5
S31508009F2000900098FFE74FF400700290022003901B
S31508009F300320059000200490069040F60000C5F620
S31508009F40020002A9FDF76CFA44F21041C5F60201B7
S31508009F50086820F07E40089A079B42EAC31210431D
S31508009F600860FFE70AB080BD44F20041C5F6020169
S31508009F70086840F400200860704700BF00BF00BFB3
S31508009F8044F20041C5F60201086820F40020086082
S31508009F90704700BF00BF00BF80B582B0FFF7F8FD6D
S31508009FA044F21842C5F602021168C1F3032349F2C6
S31508009FB01A61C0F60101CB5C03F01F03D84001907B
S31508009FC00198126802F00F02895C01F01F0120FA5D
S31508009FD001F140F20400C2F200400160019940F22A
S31508009FE00002C2F200421160006802B080BD00BFE4
S31508009FF080B5FFF7D1FF44F21C41C5F60201096896
S3150800A000C1F3021249F21A61C0F60101895C01F036
S3150800A0101F01C84080BD00BF80B5FFF7BDFF44F2F1
S3150800A0201C41C5F602010968C1F3022249F21A6108
S3150800A030C0F60101895C01F01F01C84080BD00BF60
S3150800A04080B582B0019001993F20086044F2004033
S3150800A050C5F6020000684003002805D5FFE7019908
S3150800A0604FF4A020486012E044F20040C5F6020012
S3150800A0700068C003002805D5FFE701994FF4803032
S3150800A080486003E0019900204860FFE7FFE744F2D3
S3150800A0900040C5F6020000680006002804D5FFE760
S3150800A0A001998020C86103E001990020C861FFE793
S3150800A0B0F7F736FC41F2030188420AD8FFE744F273
S3150800A0C00440C5F602000068C0F38460019908627E
S3150800A0D009E044F20C40C5F602000068C0F30560CA
S3150800A0E001990862FFE744F20040C5F602000068DD
S3150800A0F0C00720B1FFE701990120C86003E0019974
S3150800A1000020C860FFE7F7F70BFC41F2030188421D
S3150800A1100AD8FFE744F20440C5F602000068C0F317
S3150800A12005300199086109E044F20440C5F60200C9
S3150800A1300068C0F3066001990861FFE744F27040C1
S3150800A140C5F6020000684007002804D5FFE7019914
S3150800A1500520886010E044F27040C5F602000068E9
S3150800A160C00720B1FFE701990120886003E0019943
S3150800A17000208860FFE7FFE744F27440C5F6020056
S3150800A1800068C00720B1FFE701990120486103E094
S3150800A190019900204861FFE744F20040C5F6020035
S3150800A1A00068C004002804D5FFE7019901208861EA
S3150800A1B003E0019900208861FFE744F20040C5F6F4
S3150800A1C002000068C001002804D5FFE701990220B3
S3150800A1D0486203E0019901204862FFE744F22840FB
S3150800A1E0C5F60200016801F00301019A9162006850
S3150800A1F0C0F305100199C86244F23041C5F6020160
S3150800A20008686FF35F200130019A1063086800F050
S3150800A210FE42012000EB1262019BDA630A6892B2E1
S3150800A22000EB5222019B5A63096801F4FE0100EB18
S3150800A23011400199886344F22C40C5F60200016872
S3150800A24001F00C01019A11640068C0F340000199FD
S3150800A250486444F23440C5F60200006880B2C0087B
S3150800A2600199886402B080BD82B00190009101997D
S3150800A2703F20086044F21040C5F60200006800F06E
S3150800A28007000199486044F21840C5F602000168C3
S3150800A29001F47061019A9160016801F00F01019A59
S3150800A2A0D160006800F070000199086144F21C4012
S3150800A2B0C5F60200016801F07001019A5161006853
S3150800A2C000F4E0600199886144F22040C5F6020076
S3150800A2D0006800F070000199C86142F20000C5F2FA
S3150800A2E00020006800F00F000099086002B070476F
S3150800A2F080B544F26440C5F60200006840050028AF
S3150800A3000AD5FFE700F00CF844F26841C5F60201E9
S3150800A3104FF480600860FFE780BD00BF00BF00BF44
S3150800A320704700000000000080B59CB01A9000201D
S3150800A330179016901A98C0780007002842D5FFE7AC
S3150800A3401A98806E159078B1FFE71598B0F5801FBA
S3150800A35013D0FFE71598B0F5001F15D0FFE715983D
S3150800A360B0F5401F17D017E044F22C41C5F602019C
S3150800A370086840F40030086011E01A980830022195
S3150800A38000F082FF17900AE01A982830022101F09F
S3150800A3905BF8179003E002E001201790FFE7179893
S3150800A3A060B9FFE744F25041C5F60201086820F497
S3150800A3B040101A9A926E1043086002E01798169099
S3150800A3C0FFE7FFE71A984078C00700283AD0FFE76A
S3150800A3D01A98806D149004281ED81499DFE801F0A5
S3150800A3E0030C131A1B0044F22C41C5F60201086837
S3150800A3F040F40030086012E01A980830002100F096
S3150800A40043FF17900BE01A982830002101F01CF83A
S3150800A410179004E003E002E001201790FFE7179881
S3150800A42060B9FFE744F25041C5F60201086820F01A
S3150800A43007001A9A926D1043086002E01798169062
S3150800A440FFE7FFE71A9840788007002845D5FFE719
S3150800A4501A98C06D139088B1FFE71398402816D054
S3150800A460FFE71398802819D0FFE71398C0281CD057
S3150800A470FFE71398B0F5807F18D018E044F22C4116
S3150800A480C5F60201086840F40030086012E01A9820
S3150800A4900830002100F0F8FE17900BE01A982830D3
S3150800A4A0002100F0D1FF179004E003E002E001204C
S3150800A4B01790FFE7179860B9FFE744F25041C5F6D1
S3150800A4C00201086820F4E0701A9AD26D10430860F9
S3150800A4D002E017981690FFE7FFE71A9840784007BA
S3150800A4E000284AD5FFE71A98D0F8A8001290A0B11C
S3150800A4F0FFE71298B0F5001F18D0FFE71298B0F5DD
S3150800A500800F1AD0FFE71298B0F5C00F1CD0FFE7EE
S3150800A5101298B0F5000F18D018E044F22C41C5F691
S3150800A5200201086840F40030086012E01A98083002
S3150800A530002100F0A9FE17900BE01A982830002198
S3150800A54000F082FF179004E003E002E00120179074
S3150800A550FFE7179868B9FFE744F25841C5F60201C4
S3150800A560086820F460001A9AD2F8A82010430860F8
S3150800A57002E017981690FFE7FFE71A984078000759
S3150800A58000284AD5FFE71A98D0F8AC001190A0B178
S3150800A590FFE71198B0F1807F18D0FFE71198B0F166
S3150800A5A0007F1AD0FFE71198B0F1407F1CD0FFE773
S3150800A5B01198B0F1806F18D018E044F22C41C5F616
S3150800A5C00201086840F40030086012E01A98083062
S3150800A5D0002100F059FE17900BE01A982830002148
S3150800A5E000F032FF179004E003E002E00120179024
S3150800A5F0FFE7179868B9FFE744F25841C5F6020124
S3150800A600086820F0E0601A9AD2F8AC201043086077
S3150800A61002E017981690FFE7FFE71A98C0788007B8
S3150800A620002839D5FFE71A98C06C1090E8B1FFE703
S3150800A6301098102808D0FFE7109820280DD0FFE7BB
S3150800A6401098302810D011E044F22C41C5F60201CA
S3150800A650086840F4003008600BE01A9808300221B8
S3150800A66000F012FE179004E003E002E001201790C4
S3150800A670FFE7179860B9FFE744F24C41C5F60201B7
S3150800A680086820F030001A9AD26C1043086002E07D
S3150800A69017981690FFE7FFE71A984078C006002833
S3150800A6A048D5FFE71A98006E0F90A0B1FFE70F98FC
S3150800A6B0B0F5805F18D0FFE70F98B0F5005F1AD0A5
S3150800A6C0FFE70F98B0F5405F1CD0FFE70F98B0F58D
S3150800A6D0804F18D018E044F22C41C5F602010868EC
S3150800A6E040F40030086012E01A980830002100F0A3
S3150800A6F0CBFD17900BE01A982830002100F0A4FE35
S3150800A700179004E003E002E001201790FFE717988E
S3150800A71060B9FFE744F25041C5F60201086820F423
S3150800A720E0401A9A126E1043086002E017981690D5
S3150800A730FFE7FFE71A9840788006002846D5FFE726
S3150800A7401A98406E0E90C8B1FFE70E98B0F5803F94
S3150800A75015D0FFE70E98B0F5003F17D0FFE70E9823
S3150800A760B0F5403F19D0FFE70E98B0F5802F15D009
S3150800A770FFE70E98B0F5A02F11D011E013E01A9854
S3150800A7800830012100F080FD17900CE01A98283057
S3150800A790012100F059FE179005E004E003E002E00D
S3150800A7A001201790FFE7179860B9FFE744F2504178
S3150800A7B0C5F60201086820F4E0201A9A526E104382
S3150800A7C0086002E017981690FFE7FFE71A984078A6
S3150800A7D04006002848D5FFE71A98D0F8B0000D9033
S3150800A7E0C8B1FFE70D98B0F1805F15D0FFE70D9867
S3150800A7F0B0F1005F17D0FFE70D98B0F1405F19D0B0
S3150800A800FFE70D98B0F1804F15D0FFE70D98B0F12E
S3150800A810A04F11D011E013E01A980830012100F07A
S3150800A82033FD17900CE01A982830012100F00CFE31
S3150800A830179005E004E003E002E001201790FFE727
S3150800A840179868B9FFE744F25841C5F60201086847
S3150800A85020F0E0401A9AD2F8B0201043086002E0CF
S3150800A86017981690FFE7FFE71A9840780006002821
S3150800A87036D5FFE71A98006F0C90D0B1FFE70C9811
S3150800A880B0F1805F05D0FFE70C98B0F1005F09D002
S3150800A89010E044F22C41C5F60201086840F4003085
S3150800A8A008600AE01A980830012100F0EDFC1790BC
S3150800A8B003E002E001201790FFE7179860B9FFE769
S3150800A8C044F25041C5F60201086820F040501A9A31
S3150800A8D0126F1043086002E017981690FFE7FFE72B
S3150800A8E01A98C078C00790B3FFE71A98806C0B9047
S3150800A8F0032816D80B99DFE801F013020B1244F26D
S3150800A9002C41C5F60201086840F4003008600BE0E7
S3150800A9101A980830022100F0B7FC179004E003E00B
S3150800A92002E001201790FFE7179860B9FFE744F2A5
S3150800A9304C41C5F60201086820F003001A9A926C89
S3150800A9401043086002E017981690FFE7FFE71A9889
S3150800A95080784006002840F1AC80FFE744F6000105
S3150800A960C5F60201086840F480700860F6F750FFE3
S3150800A9701890FFE744F60000C5F602000068C00517
S3150800A98000280BD4FFE7F6F743FF1899401A652805
S3150800A99003D3FFE70320179000E0EBE7179800289A
S3150800A9A040F08380FFE744F27040C5F60200006875
S3150800A9B000F440701A99D1F8B41001F44071884235
S3150800A9C013D0FFE744F27041C5F60201086820F487
S3150800A9D040701990086840F480300860086820F4D0
S3150800A9E08030086019980860FFE71A98D0F8B40014
S3150800A9F0B0F5807F1ED1FFE7F6F70AFF1890FFE74C
S3150800AA0044F27040C5F60200006800F0020100201A
S3150800AA10B0EB510F0DD1FFE7F6F7FAFE1899401A79
S3150800AA2041F28931884203D3FFE70320179000E0FB
S3150800AA30E6E7FFE71798A0BBFFE7FFE71A98D0F805
S3150800AA40B40000F44070B0F5407F13D1FFE744F23C
S3150800AA501041C5F60201086820F47C501A9AD2F80B
S3150800AA60B4204FF6F043C0F6FF731A4040EA1210BE
S3150800AA70086008E044F21041C5F60201086820F4AF
S3150800AA807C500860FFE71A98D0F8B4206FF31F329D
S3150800AA9044F27041C5F60201086810430860FFE7F2
S3150800AAA002E017981690FFE702E017981690FFE75E
S3150800AAB0FFE71A980068C007002800F04680FFE7FD
S3150800AAC01A98C06F0A90282829D80A99DFE801F051
S3150800AAD0152727272727272716272727272727271B
S3150800AAE01D272727272727272427272727272727F5
S3150800AAF02527272727272727260013E01A9808300F
S3150800AB00012100F0C1FB17900CE01A9828300121AA
S3150800AB1000F09AFC179005E004E003E002E001204B
S3150800AB201790FFE7179860B9FFE744F25441C5F656
S3150800AB300201086820F038001A9AD26F104308609C
S3150800AB4002E017981690FFE7FFE71A980078800743
S3150800AB50002833D5FFE71A98806F0990052817D87B
S3150800AB600999DFE801F003040B12131413E01A988D
S3150800AB700830012100F088FB17900CE01A9828305D
S3150800AB80012100F061FC179005E004E003E002E013
S3150800AB9001201790FFE7179860B9FFE744F2544180
S3150800ABA0C5F60201086820F007001A9A926F10434A
S3150800ABB0086002E017981690FFE7FFE71A980078F2
S3150800ABC04007002835D5FFE71A98D0F89400089072
S3150800ABD0052817D80899DFE801F003040B121314A7
S3150800ABE013E01A980830012100F04EFB17900CE08C
S3150800ABF01A982830012100F027FC179005E004E098
S3150800AC0003E002E001201790FFE7179868B9FFE70D
S3150800AC1044F25841C5F60201086820F007001A9A5E
S3150800AC20D2F894201043086002E017981690FFE7C0
S3150800AC30FFE71A9800788006002848D5FFE71A9893
S3150800AC40D0F890000790C8B1FFE70798B0F1805F89
S3150800AC5015D0FFE70798B0F1005F17D0FFE7079810
S3150800AC60B0F1405F19D0FFE70798B0F1804F15D0D3
S3150800AC70FFE70798B0F1A04F11D011E013E01A983A
S3150800AC800830002100F000FB17900CE01A982830D5
S3150800AC90022100F0D9FB179005E004E003E002E08A
S3150800ACA001201790FFE7179868B9FFE744F2544167
S3150800ACB0C5F60201086820F0E0401A9AD2F89020FA
S3150800ACC01043086002E017981690FFE7FFE71A9806
S3150800ACD000784006002848D5FFE71A98D0F89C0067
S3150800ACE00690C8B1FFE70698B0F5806F15D0FFE764
S3150800ACF00698B0F5006F17D0FFE70698B0F5406FD5
S3150800AD0019D0FFE70698B0F5805F15D0FFE70698DB
S3150800AD10B0F5A05F11D011E013E01A9808300021B1
S3150800AD2000F0B2FA17900CE01A982830022100F0C9
S3150800AD308BFB179005E004E003E002E00120179082
S3150800AD40FFE7179868B9FFE744F25841C5F60201CC
S3150800AD50086820F4E0501A9AD2F89C20104308603C
S3150800AD6002E017981690FFE7FFE71A9800780006A2
S3150800AD70002848D5FFE71A98D0F8A0000590C8B172
S3150800AD80FFE70598B0F5005F15D0FFE70598B0F521
S3150800AD90804F17D0FFE70598B0F5C04F19D0FFE7E9
S3150800ADA00598B0F5004F15D0FFE70598B0F5204F88
S3150800ADB011D011E013E01A980830002100F064FA67
S3150800ADC017900CE01A982830022100F03DFB1790E6
S3150800ADD005E004E003E002E001201790FFE717987A
S3150800ADE068B9FFE744F25841C5F60201086820F43D
S3150800ADF060401A9AD2F8A0201043086002E017981B
S3150800AE001690FFE7FFE71A980078000700281FD575
S3150800AE10FFE71A98D0F88400B0F5805F0BD1FFE7FA
S3150800AE201A982830022100F00FFB18B1FFE701201D
S3150800AE301690FFE7FFE744F25441C5F60201086899
S3150800AE4020F440501A9AD2F8842010430860FFE78D
S3150800AE501A980078C00600281FD5FFE71A98D0F878
S3150800AE609800B0F5807F0BD1FFE71A9828300221A9
S3150800AE7000F0EAFA18B1FFE701201690FFE7FFE7AE
S3150800AE8044F25841C5F60201086820F440701A9A3F
S3150800AE90D2F8982010430860FFE71A9880780007D0
S3150800AEA0002836D5FFE71A98D0F8A400049050B1C8
S3150800AEB0FFE70498B0F5803F0CD0FFE70498B0F59B
S3150800AEC0003F0ED00EE01A980830002100F0DCF999
S3150800AED017900AE01A982830022100F0B5FA179060
S3150800AEE003E002E001201790FFE7179868B9FFE72B
S3150800AEF044F25841C5F60201086820F440301A9A0F
S3150800AF00D2F8A4201043086002E017981690FFE7CD
S3150800AF10FFE71A988078400700283AD5FFE71A987D
S3150800AF20D0F888000390B0F5801F0AD0FFE7039891
S3150800AF30B0F5001F0ED0FFE70398B0F5401F10D0FC
S3150800AF4010E044F22C41C5F60201086840F40030CE
S3150800AF5008600AE01A982830012100F075FA17905F
S3150800AF6003E002E001201790FFE7179868B9FFE7AA
S3150800AF7044F25441C5F60201086820F440101A9AB2
S3150800AF80D2F888201043086002E017981690FFE769
S3150800AF90FFE71A988078C00780B3FFE71A98006D14
S3150800AFA0029028B1FFE70298B0F5803F09D00FE07C
S3150800AFB044F22C41C5F60201086840F400300860E6
S3150800AFC009E01A980830022100F05EF9179002E0AD
S3150800AFD001201790FFE7179860B9FFE744F24C4144
S3150800AFE0C5F60201086820F480301A9A126D1043DB
S3150800AFF0086002E017981690FFE7FFE71A98C078EE
S3150800B000800600280BD5FFE71A982830022100F0A1
S3150800B0101BFA18B1FFE701201690FFE7FFE71A9819
S3150800B02080788007002838D5FFE71A98D0F880007E
S3150800B0300190D0B1FFE70198B0F5807F0AD0FFE70D
S3150800B0400198B0F5007F0ED0FFE70198B0F5407F74
S3150800B0500AD00BE044F22C41C5F60201086840F418
S3150800B0600030086005E004E003E002E001201790E4
S3150800B070FFE7179868B9FFE744F25441C5F602019D
S3150800B080086820F440701A9AD2F8802010430860A5
S3150800B09002E017981690FFE7FFE71A988078C0062F
S3150800B0A000280CD5FFE744F25041C5F602010868AE
S3150800B0B020F000401A9A526F10430860FFE71A986A
S3150800B0C0C078C00600280DD5FFE744F21041C5F642
S3150800B0D00201086820F480401A9AD2F8B820104372
S3150800B0E00860FFE71A988078800600280CD5FFE7E5
S3150800B0F044F25041C5F60201086820F080701A9A99
S3150800B100D26E10430860FFE71A98C07840060028F8
S3150800B11011D5FFE7FFE744F21041C5F602010868BA
S3150800B12020F4004008601A98D0F8BC20086810433C
S3150800B1300860FFE7FFE71A98C078000600280CD5D4
S3150800B140FFE744F24C41C5F60201086820F040507A
S3150800B1501A9A526D10430860FFE71A98807800061D
S3150800B16000280DD5FFE744F25441C5F602010868E8
S3150800B17020F440001A9AD2F88C2010430860FFE7A2
S3150800B1801A980079C00770B1FFE71A9808300021AD
S3150800B19000F07AF81790179808B9FFE702E01798B1
S3150800B1A01690FFE7FFE71A980079800700280ED562
S3150800B1B0FFE71A980830012100F066F817901798EB
S3150800B1C008B9FFE702E017981690FFE7FFE71A9815
S3150800B1D00079400700280ED5FFE71A9808300221A3
S3150800B1E000F052F81790179808B9FFE702E0179889
S3150800B1F01690FFE7FFE71A980079000700280ED592
S3150800B200FFE71A982830002100F01EF917901798C2
S3150800B21008B9FFE702E017981690FFE7FFE71A98C4
S3150800B2200079C00600280ED5FFE71A9828300121B4
S3150800B23000F00AF91790179808B9FFE702E017987F
S3150800B2401690FFE7FFE71A980079800600280ED5C2
S3150800B250FFE71A982830022100F0F6F81790179899
S3150800B26008B9FFE702E017981690FFE7FFE7169878
S3150800B27018B9FFE700201B9002E001201B90FFE7AA
S3150800B2801B981CB080BD00BF80B586B004900391A2
S3150800B2900020019044F22840C5F60200006800F03C
S3150800B2A00300032803D1FFE701200590C7E044F215
S3150800B2B00041C5F60201086820F080600860F6F7CC
S3150800B2C0A7FA0290FFE744F20040C5F602000068BC
S3150800B2D000F000610020B0EBD16F0BD0FFE7F6F766
S3150800B2E097FA0299401A032803D3FFE7032005902B
S3150800B2F0A5E0E8E7FFE744F22841C5F60201086839
S3150800B30020F47C30049A126840EA023008600499F6
S3150800B3104868D1F808C0CB680A6901386FF35F201E
S3150800B3204FF60061CFF6FF7101EB4C2189B2084454
S3150800B3300021CFF6FF7101EB034101F4FE01084439
S3150800B3404FF07F4101EB026101F0FE41084444F2EF
S3150800B3503841C5F602010860FFE744F22C41C5F6FC
S3150800B36002010091086820F0C000049A526910434F
S3150800B3700860086820F02000049A92691043086063
S3150800B380086820F01000086044F23C42C5F6020244
S3150800B39010684FF6F8739843049BDB6940EAC300CC
S3150800B3A01060086840F010000860039848B9FFE785
S3150800B3B044F22C41C5F60201086840F400200860F2
S3150800B3C016E00398012809D1FFE744F22C41C5F697
S3150800B3D00201086840F48010086008E044F22C4135
S3150800B3E0C5F60201086840F400100860FFE7FFE7A9
S3150800B3F044F20041C5F60201086840F08060086022
S3150800B400F6F706FA0290FFE744F20040C5F6020096
S3150800B410006800F000610020B0EBD16F0BD1FFE7A8
S3150800B420F6F7F6F90299401A032803D3FFE7032033
S3150800B430059004E0E8E7FFE701980590FFE705981F
S3150800B44006B080BD00BF00BF80B586B004900391EA
S3150800B4500020019044F22840C5F60200006800F07A
S3150800B4600300032803D1FFE701200590C7E044F253
S3150800B4700041C5F60201086820F080500860F6F71A
S3150800B480C7F90290FFE744F20040C5F602000068DB
S3150800B49000F000510020B0EB517F0BD0FFE7F6F724
S3150800B4A0B7F90299401A032803D3FFE7032005904A
S3150800B4B0A5E0E8E7FFE744F22841C5F60201086877
S3150800B4C020F07C70049A126840EA025008600499D9
S3150800B4D04868D1F808C0CB680A6901386FF35F205D
S3150800B4E04FF60061CFF6FF7101EB4C2189B2084493
S3150800B4F00021CFF6FF7101EB034101F4FE01084478
S3150800B5004FF07F4101EB026101F0FE41084444F22D
S3150800B5104041C5F602010860FFE744F22C41C5F632
S3150800B52002010091086820F44060049A52691043A9
S3150800B5300860086820F40070049A9269104308604D
S3150800B540086820F48070086044F24442C5F6020296
S3150800B55010684FF6F8739843049BDB6940EAC3000A
S3150800B5601060086840F480700860039848B9FFE7DF
S3150800B57044F22C41C5F60201086840F480000860D0
S3150800B58016E00398012809D1FFE744F22C41C5F6D5
S3150800B5900201086840F40000086008E044F22C4103
S3150800B5A0C5F60201086840F080700860FFE7FFE70B
S3150800B5B044F20041C5F60201086840F08050086070
S3150800B5C0F6F726F90290FFE744F20040C5F60200B6
S3150800B5D0006800F000510020B0EB517F0BD1FFE767
S3150800B5E0F6F716F90299401A032803D3FFE7032052
S3150800B5F0059004E0E8E7FFE701980590FFE705985E
S3150800B60006B080BD00BF00BF10B582B00190019999
S3150800B610002048604FF2F710CCF6FF100860019939
S3150800B62008684A6840F008004A6008600199086896
S3150800B6304A6840F400704A600860019908684A68D8
S3150800B64040F480604A600860019908684A6840F4D6
S3150800B65000604A600860019908684A6840F000700E
S3150800B6604A600860019908684A6840F080504A6054
S3150800B6700860019908684A6840F000504A60086006
S3150800B68044F22842C5F602021068C0F30550019933
S3150800B690886244F24040C5F6020001686FF35F21F4
S3150800B6A00131019BD962016801F0FE43012101EBDA
S3150800B6B01363DDF804C0CCF8383003689BB201EB9D
S3150800B6C05323DDF804C0CCF83030006800F4FE00DF
S3150800B6D001EB1040019B586344F22C40C5F602006A
S3150800B6E00368C3F38123DDF804C0CCF83C30036853
S3150800B6F0C3F34023DDF804C0CCF840301268C2F327
S3150800B7000532019B9A6044F23842C5F60202136874
S3150800B7106FF35F230133DDF804C0CCF80C301368EF
S3150800B72003F0FE4301EB1363DDF804C0CCF81830D0
S3150800B73013689BB201EB5323DDF804C0CCF8103034
S3150800B740126802F4FE0201EB1241019A5161016886
S3150800B750C9B28909019AD1610068C0F340100199FC
S3150800B760086244F25442C5F60202106800F0380036
S3150800B7700199C867106800F007000199886744F2C4
S3150800B780584CC5F6020CDCF8000000F007000199D9
S3150800B790C1F89400106800F440500199C1F884007B
S3150800B7A0106800F0E0400199C1F89000DCF800004C
S3150800B7B000F4E0500199C1F89C00DCF8000000F4A0
S3150800B7C060400199C1F8A00044F25043C5F602034F
S3150800B7D00093186800F0070001998865186800F456
S3150800B7E0E0700199C865DCF8000000F46000019972
S3150800B7F0C1F8A800DCF8000000F0E0600199C1F883
S3150800B800AC0044F27040C5F60200006800F44070CF
S3150800B8100199C1F8B400106800F440100199C1F804
S3150800B820880044F24C41C5F60201086800F48030ED
S3150800B830DDF804E0CEF85000106800F44070DDF83A
S3150800B84004E0CEF8800044F21040C5F60200D0F8B5
S3150800B85000E00EF4804E019CC4F8B8E0DCF800E085
S3150800B8600EF4403E019CC4F8A4E0D3F800E00EF0C4
S3150800B870004E019CC4F874E0D3F800E00EF0807E18
S3150800B880019CC4F86CE0D3F800E00EF4401E019C5D
S3150800B890C4F868E0D3F800E00EF4E04E019CC4F862
S3150800B8A060E0D3F800E00EF4E02E019CC4F864E0F2
S3150800B8B0DCF800C00CF0E04CDDF804E0CEF8B0C0CF
S3150800B8C01B6803F04053DDF804C0CCF870301268EA
S3150800B8D002F44002019BC3F88C200A6802F00302B6
S3150800B8E0019B9A640A6802F03002019BDA640968CF
S3150800B8F001F04051019A516500680004002805D4FA
S3150800B900FFE701990020C1F8BC0005E001994FF452
S3150800B9100040C1F8BC00FFE702B010BD00BF00BF81
S3150800B92080B59AB0199118901898199980F4807072
S3150800B9300843002840F0A880FFE744F25040C5F6C7
S3150800B9400200006800F007000D900D980A90042880
S3150800B95000F295800A99DFE801F00316298C3C006D
S3150800B96044F20040C5F6020000688001002806D5AA
S3150800B970FFE715A800F0FCFD16980E9002E00020DF
S3150800B9800E90FFE77EE044F20040C5F6020000682C
S3150800B9900001002806D5FFE712A800F041FF12981B
S3150800B9A00E9002E000200E90FFE76BE044F20040A4
S3150800B9B0C5F6020000688000002806D5FFE70FA834
S3150800B9C001F086F80F980E9002E000200E90FFE72F
S3150800B9D058E044F24C40C5F60200006800F04050BA
S3150800B9E00C9044F20040C5F60200006840070028A3
S3150800B9F011D5FFE70C9870B9FFE744F20040C5F689
S3150800BA0002000068C0F3C10149F20000C0F2D0305C
S3150800BA10C8400E902CE044F20040C5F602000068CB
S3150800BA20C00500280BD5FFE70C98B0F1805F06D15A
S3150800BA30FFE740F60010C0F23D000E9017E044F212
S3150800BA400040C5F602000068800300280BD5FFE712
S3150800BA500C98B0F1005F06D1FFE747F64000C0F248
S3150800BA607D100E9002E000200E90FFE7FFE7FFE74B
S3150800BA7008E048F20000C0F2BB000E9002E0002089
S3150800BA800E90FFE700F06EBD1898199980F40070C3
S3150800BA900843002840F0B380FFE744F25040C5F65B
S3150800BAA00200006800F4E0700D900D98099090B1BE
S3150800BAB0FFE70998402821D0FFE70998802830D069
S3150800BAC0FFE70998C02800F08F80FFE70998B0F5CE
S3150800BAD0807F39D08EE044F20040C5F60200006847
S3150800BAE08001002806D5FFE715A800F041FD169845
S3150800BAF00E9002E000200E90FFE77EE044F2004040
S3150800BB00C5F6020000680001002806D5FFE712A85E
S3150800BB1000F086FE12980E9002E000200E90FFE7D5
S3150800BB206BE044F20040C5F6020000688000002879
S3150800BB3006D5FFE70FA800F0CBFF0F980E9002E09E
S3150800BB4000200E90FFE758E044F24C40C5F602008C
S3150800BB50006800F040500C9044F20040C5F6020020
S3150800BB6000684007002811D5FFE70C9870B9FFE771
S3150800BB7044F20040C5F602000068C0F3C10149F26C
S3150800BB800000C0F2D030C8400E902CE044F20040CD
S3150800BB90C5F602000068C00500280BD5FFE70C981B
S3150800BBA0B0F1805F06D1FFE740F60010C0F23D0015
S3150800BBB00E9017E044F20040C5F6020000688003C4
S3150800BBC000280BD5FFE70C98B0F1005F06D1FFE718
S3150800BBD047F64000C0F27D100E9002E000200E905D
S3150800BBE0FFE7FFE7FFE708E048F20000C0F2BB0006
S3150800BBF00E9002E000200E90FFE700F0B2BC189805
S3150800BC00199980F480600843002840F0B580FFE762
S3150800BC1044F25840C5F60200006800F460000D9032
S3150800BC200D980890A8B1FFE70898B0F5001F23D033
S3150800BC30FFE70898B0F5800F31D0FFE70898B0F510
S3150800BC40C00F00F08F80FFE70898B0F5000F39D0D5
S3150800BC508EE044F20040C5F6020000688001002824
S3150800BC6006D5FFE715A800F083FC16980E9002E0AB
S3150800BC7000200E90FFE77EE044F20040C5F6020081
S3150800BC8000680001002806D5FFE712A800F0C8FDE5
S3150800BC9012980E9002E000200E90FFE76BE044F247
S3150800BCA00040C5F6020000688000002806D5FFE7B8
S3150800BCB00FA800F00DFF0F980E9002E000200E90DE
S3150800BCC0FFE758E044F24C40C5F60200006800F071
S3150800BCD040500C9044F20040C5F602000068400748
S3150800BCE0002811D5FFE70C9870B9FFE744F2004029
S3150800BCF0C5F602000068C0F3C10149F20000C0F2AF
S3150800BD00D030C8400E902CE044F20040C5F6020040
S3150800BD100068C00500280BD5FFE70C98B0F1805FD6
S3150800BD2006D1FFE740F60010C0F23D000E9017E07E
S3150800BD3044F20040C5F602000068800300280BD5CF
S3150800BD40FFE70C98B0F1005F06D1FFE747F6400021
S3150800BD50C0F27D100E9002E000200E90FFE7FFE78C
S3150800BD60FFE708E048F20000C0F2BB000E9002E0D0
S3150800BD7000200E90FFE7F3E31898199980F4006005
S3150800BD800843002840F0B580FFE744F25840C5F65E
S3150800BD900200006800F0E0600D900D980790A8B1C9
S3150800BDA0FFE70798B0F1807F23D0FFE70798B0F147
S3150800BDB0007F31D0FFE70798B0F1407F00F08F8011
S3150800BDC0FFE70798B0F1806F39D08EE044F2004063
S3150800BDD0C5F6020000688001002806D5FFE715A809
S3150800BDE000F0C6FB16980E9002E000200E90FFE7C2
S3150800BDF07EE044F20040C5F6020000680001002813
S3150800BE0006D5FFE712A800F00BFD12980E9002E087
S3150800BE1000200E90FFE76BE044F20040C5F60200F2
S3150800BE2000688000002806D5FFE70FA800F050FE3E
S3150800BE300F980E9002E000200E90FFE758E044F2BB
S3150800BE404C40C5F60200006800F040500C9044F2E1
S3150800BE500040C5F6020000684007002811D5FFE734
S3150800BE600C9870B9FFE744F20040C5F60200006876
S3150800BE70C0F3C10149F20000C0F2D030C8400E90AC
S3150800BE802CE044F20040C5F602000068C005002810
S3150800BE900BD5FFE70C98B0F1805F06D1FFE740F6B7
S3150800BEA00010C0F23D000E9017E044F20040C5F6BF
S3150800BEB002000068800300280BD5FFE70C98B0F154
S3150800BEC0005F06D1FFE747F64000C0F27D100E90EE
S3150800BED002E000200E90FFE7FFE7FFE708E048F2E0
S3150800BEE00000C0F2BB000E9002E000200E90FFE7B3
S3150800BEF035E31898199980F480500843002840F0D3
S3150800BF00B580FFE744F25040C5F60200006800F429
S3150800BF10E0400B900B980690A8B1FFE70698B0F59D
S3150800BF20805F23D0FFE70698B0F5005F31D0FFE7C2
S3150800BF300698B0F5405F00F08F80FFE70698B0F5E9
S3150800BF40804F39D08EE044F20040C5F60200006802
S3150800BF508001002806D5FFE715A800F009FB16980A
S3150800BF600E9002E000200E90FFE77EE044F20040CB
S3150800BF70C5F6020000680001002806D5FFE712A8EA
S3150800BF8000F04EFC12980E9002E000200E90FFE79B
S3150800BF906BE044F20040C5F6020000688000002805
S3150800BFA006D5FFE70FA800F093FD0F980E9002E064
S3150800BFB000200E90FFE758E044F24C40C5F6020018
S3150800BFC0006800F040500C9044F20040C5F60200AC
S3150800BFD000684007002811D5FFE70C9870B9FFE7FD
S3150800BFE044F20040C5F602000068C0F3C10149F2F8
S3150800BFF00000C0F2D030C8400E902CE044F2004059
S3150800C000C5F602000068C00500280BD5FFE70C98A6
S3150800C010B0F1805F06D1FFE740F60010C0F23D00A0
S3150800C0200E9017E044F20040C5F60200006880034F
S3150800C03000280BD5FFE70C98B0F1005F06D1FFE7A3
S3150800C04047F64000C0F27D100E9002E000200E90E8
S3150800C050FFE7FFE7FFE708E048F20000C0F2BB0091
S3150800C0600E9002E000200E90FFE777E218981999E3
S3150800C07080F400500843002840F09580FFE744F21A
S3150800C0805040C5F60200006800F4E0200B900B98BB
S3150800C0900590C8B1FFE70598B0F5803F18D0FFE7CF
S3150800C0A00598B0F5003F26D0FFE70598B0F5403F64
S3150800C0B034D0FFE70598B0F5802F4AD0FFE70598FA
S3150800C0C0B0F5A02F58D06AE0FDF792FF0E9069E010
S3150800C0D044F20040C5F6020000680001002806D5B3
S3150800C0E0FFE712A800F09CFB13980E9002E00020D0
S3150800C0F00E90FFE756E044F20040C5F602000068DD
S3150800C1008000002806D5FFE70FA800F0E1FC10988C
S3150800C1100E9002E000200E90FFE743E044F2004054
S3150800C120C5F602000068400700280ED5FFE744F26E
S3150800C1300040C5F602000068C0F3C10149F20000DC
S3150800C140C0F2D030C8400E9002E000200E90FFE703
S3150800C15028E044F20040C5F602000068C005002841
S3150800C16006D5FFE740F60010C0F23D000E9002E04B
S3150800C17000200E90FFE715E044F20040C5F60200E5
S3150800C18000688003002806D5FFE747F64000C0F29E
S3150800C1907D100E9002E000200E90FFE702E00020DE
S3150800C1A00E90FFE7D9E11898199980F40020084302
S3150800C1B0002840F09180FFE744F25840C5F6020097
S3150800C1C0006800F440300B900B98049050B1FFE7DC
S3150800C1D00498B0F5803F18D0FFE70498B0F5003F03
S3150800C1E026D075E044F20040C5F60200006800015A
S3150800C1F0002806D5FFE712A800F012FB12980E9049
S3150800C20002E000200E90FFE765E044F20040C5F624
S3150800C210020000688000002806D5FFE70FA800F096
S3150800C22057FC11980E9002E000200E90FFE752E0AE
S3150800C23044F24C40C5F60200006800F040500C90ED
S3150800C24044F20040C5F6020000684007002811D5F0
S3150800C250FFE70C9870B9FFE744F20040C5F6020004
S3150800C2600068C0F3C10149F20000C0F2D030C840EE
S3150800C2700E902CE044F20040C5F602000068C005A6
S3150800C28000280BD5FFE70C98B0F1805F06D1FFE7D1
S3150800C29040F60010C0F23D000E9017E044F2004050
S3150800C2A0C5F602000068800300280BD5FFE70C9846
S3150800C2B0B0F1005F06D1FFE747F64000C0F27D10F7
S3150800C2C00E9002E000200E90FFE7FFE7FFE702E08E
S3150800C2D000200E90FFE73FE11898199980F4803006
S3150800C2E00843D8BBFFE744F24C40C5F60200006895
S3150800C2F000F480300B900B98039028B1FFE7039861
S3150800C300B0F5803F13D025E044F20040C5F60200A0
S3150800C31000688001002806D5FFE715A800F028F96F
S3150800C32016980E9002E000200E90FFE715E044F202
S3150800C3300040C5F6020000680001002806D5FFE7A0
S3150800C34012A800F06DFA14980E9002E000200E90E4
S3150800C350FFE702E000200E90FFE7FCE01898199925
S3150800C36080F480400843002840F09580FFE744F2B7
S3150800C3705840C5F60200006800F0E0400B900B98A4
S3150800C3800290C8B1FFE70298B0F1805F18D0FFE7C6
S3150800C3900298B0F1005F26D0FFE70298B0F1405F3F
S3150800C3A034D0FFE70298B0F1804F4AD0FFE70298F1
S3150800C3B0B0F1A04F58D06AE000F0E2FC0E9069E0B8
S3150800C3C044F20040C5F6020000680001002806D5C0
S3150800C3D0FFE712A800F024FA13980E9002E0002056
S3150800C3E00E90FFE756E044F20040C5F602000068EA
S3150800C3F08000002806D5FFE70FA800F069FB109813
S3150800C4000E9002E000200E90FFE743E044F2004061
S3150800C410C5F602000068400700280ED5FFE744F27B
S3150800C4200040C5F602000068C0F3C10149F20000E9
S3150800C430C0F2D030C8400E9002E000200E90FFE710
S3150800C44028E044F20040C5F602000068C00500284E
S3150800C45006D5FFE740F60010C0F23D000E9002E058
S3150800C46000200E90FFE715E044F20040C5F60200F2
S3150800C47000688003002806D5FFE747F64000C0F2AB
S3150800C4807D100E9002E000200E90FFE702E00020EB
S3150800C4900E90FFE75EE01898199980F4004008436B
S3150800C4A0002853D1FFE744F25040C5F60200006861
S3150800C4B000F040500B900B98019050B1FFE701989F
S3150800C4C0B0F1805F18D0FFE70198B0F1005F26D081
S3150800C4D038E044F20040C5F60200006880030028F0
S3150800C4E006D5FFE747F64000C0F27D100E9002E041
S3150800C4F000200E90FFE728E044F20040C5F602004F
S3150800C50000688001002806D5FFE715A800F030F876
S3150800C51016980E9002E000200E90FFE715E044F210
S3150800C5200040C5F6020000680001002806D5FFE7AE
S3150800C53012A800F075F913980E9002E000200E90EC
S3150800C540FFE702E000200E90FFE702E000200E90D1
S3150800C550FFE7FFE7FFE7FFE7FFE7FFE7FFE7FFE79D
S3150800C560FFE7FFE70E981AB080BD00BF00BF00BF07
S3150800C57088B0079044F22840C5F60200016801F029
S3150800C580030106910068C0F30510059044F22C409B
S3150800C590C5F60200006800F001000490049844F211
S3150800C5A03441C5F60201096889B2C908484300EE54
S3150800C5B0100AB8EE400A8DED020A0598002800F028
S3150800C5C01B81FFE70698009048B1FFE7009801280D
S3150800C5D069D0FFE70098022800F08980ABE044F2B2
S3150800C5E00040C5F60200006800F020010020B0EB0C
S3150800C5F0511F33D0FFE744F20040C5F60200006839
S3150800C600C0F3C10149F20000C0F2D030C84003901F
S3150800C6109DED030AB8EE400A9DED051AB8EE411ADB
S3150800C62080EE010A44F23040C5F6020000686FF356
S3150800C6305F2001EE100AB8EE411A9DED022A9FED21
S3150800C640743A82EE032A31EE021AB7EE002A31EE68
S3150800C650021A20EE010A8DED010A23E09DED050A76
S3150800C660B8EE401A9FED6C0A80EE010A44F230409B
S3150800C670C5F6020000686FF35F2001EE100AB8EEF7
S3150800C680411A9DED022A9FED623A82EE032A31EEA7
S3150800C690021AB7EE002A31EE021A20EE010A8DEDD3
S3150800C6A0010AFFE76BE09DED050AB8EE401A9FED1B
S3150800C6B0590A80EE010A44F23040C5F602000068C5
S3150800C6C06FF35F2001EE100AB8EE411A9DED022ABB
S3150800C6D09FED4F3A82EE032A31EE021AB7EE002A90
S3150800C6E031EE021A20EE010A8DED010A47E09DEDB2
S3150800C6F0050AB8EE401A9FED450A80EE010A44F293
S3150800C7003040C5F6020000686FF35F2001EE100A9C
S3150800C710B8EE411A9DED022A9FED3D3A82EE032AB4
S3150800C72031EE021AB7EE002A31EE021A20EE010A9D
S3150800C7308DED010A23E09DED050AB8EE401A9FED3E
S3150800C740360A80EE010A44F23040C5F60200006857
S3150800C7506FF35F2001EE100AB8EE411A9DED022A2A
S3150800C7609FED2B3A82EE032A31EE021AB7EE002A23
S3150800C77031EE021A20EE010A8DED010AFFE79DED62
S3150800C780010A44F23040C5F60200016889B2490A36
S3150800C79001EE101AB8EE411AB7EE002A31EE021A67
S3150800C7A080EE010A0799BCEEC00A81ED000A9DEDEC
S3150800C7B0010A0168C1F3064101EE101AB8EE411AE2
S3150800C7C031EE021A80EE010A0799BCEEC00A81ED25
S3150800C7D0010A9DED010A0068C0F3066001EE100A21
S3150800C7E0B8EE411A31EE021A80EE010A0798BCEE3D
S3150800C7F0C00A80ED020A07E0079900200860079939
S3150800C800486007998860FFE708B0704720BCBE4BB0
S3150800C810000000460024744A0024744C00BF00BF80
S3150800C82088B0079044F22840C5F60200016801F076
S3150800C830030106910068C0F30530059044F22C40C8
S3150800C840C5F602000068C0F300100490049844F28C
S3150800C8503C41C5F60201096889B2C908484300EE99
S3150800C860100AB8EE400A8DED020A0598002800F075
S3150800C8701B81FFE70698009048B1FFE7009801285A
S3150800C88069D0FFE70098022800F08980ABE044F2FF
S3150800C8900040C5F60200006800F020010020B0EB59
S3150800C8A0511F33D0FFE744F20040C5F60200006886
S3150800C8B0C0F3C10149F20000C0F2D030C84003906D
S3150800C8C09DED030AB8EE400A9DED051AB8EE411A29
S3150800C8D080EE010A44F23840C5F6020000686FF39C
S3150800C8E05F2001EE100AB8EE411A9DED022A9FED6F
S3150800C8F0743A82EE032A31EE021AB7EE002A31EEB6
S3150800C900021A20EE010A8DED010A23E09DED050AC3
S3150800C910B8EE401A9FED6C0A80EE010A44F23840E0
S3150800C920C5F6020000686FF35F2001EE100AB8EE44
S3150800C930411A9DED022A9FED623A82EE032A31EEF4
S3150800C940021AB7EE002A31EE021A20EE010A8DED20
S3150800C950010AFFE76BE09DED050AB8EE401A9FED68
S3150800C960590A80EE010A44F23840C5F6020000680A
S3150800C9706FF35F2001EE100AB8EE411A9DED022A08
S3150800C9809FED4F3A82EE032A31EE021AB7EE002ADD
S3150800C99031EE021A20EE010A8DED010A47E09DEDFF
S3150800C9A0050AB8EE401A9FED450A80EE010A44F2E0
S3150800C9B03840C5F6020000686FF35F2001EE100AE2
S3150800C9C0B8EE411A9DED022A9FED3D3A82EE032A02
S3150800C9D031EE021AB7EE002A31EE021A20EE010AEB
S3150800C9E08DED010A23E09DED050AB8EE401A9FED8C
S3150800C9F0350A80EE010A44F23840C5F6020000689E
S3150800CA006FF35F2001EE100AB8EE411A9DED022A77
S3150800CA109FED2B3A82EE032A31EE021AB7EE002A70
S3150800CA2031EE021A20EE010A8DED010AFFE79DEDAF
S3150800CA30010A44F23840C5F60200016889B2490A7B
S3150800CA4001EE101AB8EE411AB7EE002A31EE021AB4
S3150800CA5080EE010A0799BCEEC00A81ED000A9DED39
S3150800CA60010A0168C1F3064101EE101AB8EE411A2F
S3150800CA7031EE021A80EE010A0799BCEEC00A81ED72
S3150800CA80010A9DED010A0068C0F3066001EE100A6E
S3150800CA90B8EE411A31EE021A80EE010A0798BCEE8A
S3150800CAA0C00A80ED020A07E0079900200860079986
S3150800CAB0486007998860FFE708B0704720BCBE4BFE
S3150800CAC0000000460024744A0024744C00BF00BFCE
S3150800CAD088B0079044F22840C5F60200016801F0C4
S3150800CAE0030106910068C0F30550059044F22C40F6
S3150800CAF0C5F602000068C0F300200490049844F2CA
S3150800CB004441C5F60201096889B2C908484300EEDE
S3150800CB10100AB8EE400A8DED020A0598002800F0C2
S3150800CB201B81FFE70698009048B1FFE700980128A7
S3150800CB3069D0FFE70098022800F08980ABE044F24C
S3150800CB400040C5F60200006800F020010020B0EBA6
S3150800CB50511F33D0FFE744F20040C5F602000068D3
S3150800CB60C0F3C10149F20000C0F2D030C8400390BA
S3150800CB709DED030AB8EE400A9DED051AB8EE411A76
S3150800CB8080EE010A44F24040C5F6020000686FF3E1
S3150800CB905F2001EE100AB8EE411A9DED022A9FEDBC
S3150800CBA0743A82EE032A31EE021AB7EE002A31EE03
S3150800CBB0021A20EE010A8DED010A23E09DED050A11
S3150800CBC0B8EE401A9FED6C0A80EE010A44F2404026
S3150800CBD0C5F6020000686FF35F2001EE100AB8EE92
S3150800CBE0411A9DED022A9FED623A82EE032A31EE42
S3150800CBF0021AB7EE002A31EE021A20EE010A8DED6E
S3150800CC00010AFFE76BE09DED050AB8EE401A9FEDB5
S3150800CC10590A80EE010A44F24040C5F6020000684F
S3150800CC206FF35F2001EE100AB8EE411A9DED022A55
S3150800CC309FED4F3A82EE032A31EE021AB7EE002A2A
S3150800CC4031EE021A20EE010A8DED010A47E09DED4C
S3150800CC50050AB8EE401A9FED450A80EE010A44F22D
S3150800CC604040C5F6020000686FF35F2001EE100A27
S3150800CC70B8EE411A9DED022A9FED3D3A82EE032A4F
S3150800CC8031EE021AB7EE002A31EE021A20EE010A38
S3150800CC908DED010A23E09DED050AB8EE401A9FEDD9
S3150800CCA0350A80EE010A44F24040C5F602000068E3
S3150800CCB06FF35F2001EE100AB8EE411A9DED022AC5
S3150800CCC09FED2B3A82EE032A31EE021AB7EE002ABE
S3150800CCD031EE021A20EE010A8DED010AFFE79DEDFD
S3150800CCE0010A44F24040C5F60200016889B2490AC1
S3150800CCF001EE101AB8EE411AB7EE002A31EE021A02
S3150800CD0080EE010A0799BCEEC00A81ED000A9DED86
S3150800CD10010A0168C1F3064101EE101AB8EE411A7C
S3150800CD2031EE021A80EE010A0799BCEEC00A81EDBF
S3150800CD30010A9DED010A0068C0F3066001EE100ABB
S3150800CD40B8EE411A31EE021A80EE010A0798BCEED7
S3150800CD50C00A80ED020A07E00799002008600799D3
S3150800CD60486007998860FFE708B0704720BCBE4B4B
S3150800CD70000000460024744A0024744C00BF00BF1B
S3150800CD8080B5FDF709F944F22041C5F602010968A4
S3150800CD90C1F3021249F21A61C0F60101895C01F079
S3150800CDA01F01C84080BD00BF80B5FDF7F5F844F205
S3150800CDB01841C5F602010968C1F3021249F21A615F
S3150800CDC0C0F60101895C01F01F01C84080BD00BFA3
S3150800CDD080B582B0FCF7DCFE44F21842C5F60202C2
S3150800CDE01168C1F3032349F21A61C0F60101CB5C4D
S3150800CDF003F01F03D84001900198126802F00F0251
S3150800CE00895C01F01F01C84040F20401C2F20041EA
S3150800CE100860019840F20001C2F2004108600198DA
S3150800CE2002B080BD00BF00BF44F27041C5F60201E2
S3150800CE30086840F020000860704700BF00BF00BFC8
S3150800CE4044F27041C5F60201086820F02000086027
S3150800CE5044F26041C5F60201086820F400700860D3
S3150800CE60704700BF00BF00BF44F27041C5F602011B
S3150800CE70086840F02000086044F26041C5F60201E7
S3150800CE80086840F4007008608021C5F6000108684B
S3150800CE9040F4802008604FF0B041086840F48020D4
S3150800CEA00860704700BF00BF81B0009044F210418F
S3150800CEB0C5F60201086820F04000009A1043086091
S3150800CEC001B0704700BF00BF81B0009044F2104126
S3150800CED0C5F60201086820F08000009A1043086031
S3150800CEE001B0704700BF00BF81B00090009A44F2BD
S3150800CEF0A041C5F6020108681043086001B07047F2
S3150800CF0080B582B0019044F29441C5F602010868E2
S3150800CF1040F002000860086820F002000860F4F794
S3150800CF20FFFC41F2030188420CD8FFE701984068EC
S3150800CF30B0F1405F06D1FFE70199086889680843A0
S3150800CF40009007E0019908684A6889681043084311
S3150800CF500090FFE70198C16800980843009001987F
S3150800CF600169009840EA01400090009848F204419F
S3150800CF70C4F20001086048F20041C4F200010868E2
S3150800CF8020F47C50019A526940EA02200860086839
S3150800CF9040F06000086002B080BD00BF00BF00BF5F
S3150800CFA048F20041C4F20001086840F080000860B9
S3150800CFB0704700BF00BF00BF81B0009048F2044030
S3150800CFC0C4F20000006880B20099086048F2004088
S3150800CFD0C4F200000068C0F305200099486048F2D2
S3150800CFE00840C4F200000168090C009A91600068C4
S3150800CFF000F400400099C86001B0704700BF00BF48
S3150800D00080B584B0039000200290F4F701FC0190EB
S3150800D010FFE70398013078B1FFE7F4F7F9FB0199C8
S3150800D020401A0399884203D8FFE7039818B9FFE71F
S3150800D03001200290FFE7FFE748F20840C4F200002B
S3150800D0400068C00768B1FFE7029840F00200029046
S3150800D050FFE748F20C41C4F2000101200860FFE72F
S3150800D060FFE748F20840C4F200000068800700287D
S3150800D0700DD5FFE7029840F004000290FFE748F25A
S3150800D0800C41C4F2000102200860FFE7FFE748F2FE
S3150800D0900840C4F200000068400500280DD5FFE7E7
S3150800D0A0029840F020000290FFE748F20C41C4F2D3
S3150800D0B0000104200860FFE7FFE748F20840C4F2D1
S3150800D0C000000068C00500280DD5FFE7029840F06B
S3150800D0D008000290FFE748F20C41C4F20001042060
S3150800D0E00860FFE7FFE748F20840C4F2000000685E
S3150800D0F0800500280DD5FFE7029840F01000029041
S3150800D100FFE748F20C41C4F2000104200860FFE77B
S3150800D110FFE748F20840C4F200000068000700284C
S3150800D12009D5FFE7FFE748F20C41C4F200010820E1
S3150800D1300860FFE7FFE7FFE7029800283FF469AFBA
S3150800D140FFE7029804B080BD80B584B00020039044
S3150800D15048F20840C4F200000068029048F2004015
S3150800D160C4F20000006801909DF80800C00770B17D
S3150800D170FFE79DF80400C00748B1FFE748F20C41F5
S3150800D180C4F200010120086000F066F862E09DF82C
S3150800D1900800800700280FD5FFE79DF804008007E0
S3150800D1A0002809D5FFE748F20C41C4F20001022025
S3150800D1B0086000F055F84CE09DF8080000070028C4
S3150800D1C00FD5FFE79DF804000007002809D5FFE7FB
S3150800D1D048F20C41C4F200010820086000F044F847
S3150800D1E036E09DF808004007002830D5FFE79DF88F
S3150800D1F00400400700282AD5FFE79DF80900C00764
S3150800D20028B1FFE7039840F008000390FFE79DF870
S3150800D21009008007002805D5FFE7039840F01000AD
S3150800D2200390FFE79DF809004007002805D5FFE7AA
S3150800D230039840F020000390FFE748F20C41C4F23F
S3150800D240000104200860039800F012F8FFE7FFE7E2
S3150800D250FFE7FFE704B080BD704700BF00BF00BF0F
S3150800D260704700BF00BF00BF704700BF00BF00BFC8
S3150800D27081B0009001B0704780B544F26440C5F6AD
S3150800D28002000068800500280AD5FFE744F26841D5
S3150800D290C5F602014FF40070086000F005F8FFE7D4
S3150800D2A080BD00BF00BF00BF70470000000000003F
S3150800D2B080B586B00490049818B9FFE70120059058
S3150800D2C037E10498406A08B9FFE7FFE704990020A8
S3150800D2D088620498006843F20001C4F2010188429A
S3150800D2E01AD0FFE70498006843F60001C4F200016B
S3150800D2F0884211D0FFE70498006843F60041C4F25B
S3150800D3000001884208D0FFE70498C068102803D3B4
S3150800D310FFE7012005900CE1049800F00DF9029052
S3150800D3200498006843F20001C4F20101884216D04D
S3150800D330FFE70498006843F60001C4F2000188423A
S3150800D3400DD0FFE70498006843F60041C4F20001D7
S3150800D350884204D0FFE7029808281FD8FFE70498F8
S3150800D360006843F20001C4F20101884212D0FFE7C7
S3150800D3700498006843F60001C4F20001884209D007
S3150800D380FFE70498006843F60041C4F200018842AA
S3150800D39007D1FFE70298112803D3FFE7012005907C
S3150800D3A0C7E00498D0F8840040B9FFE70499002044
S3150800D3B0C1F880000498F3F793F9FFE7049902206F
S3150800D3C0C1F8840004980168086820F00100086024
S3150800D3D004980068806800F4F8100390049880693F
S3150800D3E0B0F1806F1BD1FFE704984068B0F5800F55
S3150800D3F004D1FFE70498806B50B1FFE704984068B2
S3150800D40068B9FFE70498806BB0F1805F07D1FFE742
S3150800D41004980168086840F480500860FFE704989B
S3150800D42080794006002810D5FFE70498C0680728C9
S3150800D4300BD3FFE704980068006820F48070049A0C
S3150800D4401168126D1043086006E0049801680868C0
S3150800D45020F480700860FFE7049B1968DA68D869C9
S3150800D460D3F828C040EA0C00DDF80CC040EA0C00EE
S3150800D470DB6B184310438860049A0192506B516A1B
S3150800D4800843916B0843916908431168D2F804C0B0
S3150800D4909368D2F810E040EA0E00D2F814E040EAA9
S3150800D4A00E00D2F820E040EA0E0040EA0C00D2F85E
S3150800D4B04CC040EA0C001843936C1843926D104315
S3150800D4C0C8600498406898B9FFE7049800688068BF
S3150800D4D0012161F3CC2004990968886004980068E2
S3150800D4E08068022161F34A20049909688860FFE789
S3150800D4F004980168086D20F0010008650498807991
S3150800D500400600280BD5FFE704980068C06820F09D
S3150800D5100040049A1168526D1043C860FFE70499E9
S3150800D5200020C1F88800049A0121C2F884100590E9
S3150800D530FFE7059806B080BD83B002900298C16BDC
S3150800D540012000EB511001900298C068013000904C
S3150800D55000980730C008009000980199484303B026
S3150800D560704700BF00BF00BF81B0009001B0704790
S3150800D57080B582B00090009818B9FFE701200190A5
S3150800D5801CE000990220C1F8840000980168086828
S3150800D59020F0010008600098F3F706F900990020CA
S3150800D5A0C1F888000099C1F88400FFE700990020B7
S3150800D5B0C1F88000FFE700200190FFE7019802B05C
S3150800D5C080BD00BF00BF00BF81B0009001B07047AA
S3150800D5D080B588B006900591ADF812200393069899
S3150800D5E0006820300290F4F713F901900698D0F8F5
S3150800D5F08400012803D0FFE702200790CEE10598B2
S3150800D60020B1FFE7BDF8120018B9FFE7012007901F
S3150800D610C4E1FFE70698D0F88000012803D1FFE7A8
S3150800D62002200790BAE106990120C1F88000FFE7B9
S3150800D630FFE706990320C1F8840006990020C1F87F
S3150800D64088000599069AD165BDF81210069AA2F8BF
S3150800D6506010BDF81210069AA2F86210069948667C
S3150800D6600699A1F868000699A1F86A00069948671C
S3150800D6700699086706988068B0F5C02F07D1FFE7B6
S3150800D68006980168086840F40060086009E0069892
S3150800D6900068C068012161F3524006990968C860AC
S3150800D6A0FFE70698006840684FF6FF718843BDF8A3
S3150800D6B012100844069909684860069801680868BF
S3150800D6C040F00100086006984068B0F5800F07D161
S3150800D6D0FFE706980168086840F400700860FFE7ED
S3150800D6E00698C068102847D3FFE7FFE70698B0F802
S3150800D6F0620000283FD0FFE7069800684069800767
S3150800D700002810D5FFE706980168C06D0068086212
S3150800D7100699C86D0430C8650699B1F862000138E3
S3150800D720A1F8620026E0F4F773F80199401A039904
S3150800D730884204D3FFE70398013018B9FFE7039836
S3150800D740B8B9FFE7069800F02FF90699D1F88800CE
S3150800D75040F48070C1F8880006990120C1F8840059
S3150800D760FFE706990020C1F88000FFE7032007902D
S3150800D77014E1FFE7BAE7E6E00698C068082862D32E
S3150800D780FFE7FFE70698B0F8620000285AD0FFE7DF
S3150800D790069800684069800700282BD5FFE7069899
S3150800D7A0B0F86200022814D3FFE70698C06B80B170
S3150800D7B0FFE706980168C06D006808620699C86D9B
S3150800D7C00430C8650699B1F862000238A1F862000B
S3150800D7D00FE00698C06D0088029908800699C86D02
S3150800D7E00230C8650699B1F862000138A1F86200EE
S3150800D7F0FFE726E0F4F70CF80199401A03998842E6
S3150800D80004D3FFE70398013018B9FFE70398B8B9BE
S3150800D810FFE7069800F0C8F80699D1F8880040F4A2
S3150800D8208070C1F8880006990120C1F88400FFE7D6
S3150800D83006990020C1F88000FFE703200790ADE0B5
S3150800D840FFE79FE77EE0FFE70698B0F8620000284A
S3150800D85077D0FFE70698006840698007002848D512
S3150800D860FFE70698B0F86200042815D3FFE7069884
S3150800D870C06B412810D3FFE706980168C06D0068A1
S3150800D88008620699C86D0430C8650699B1F8620041
S3150800D8900438A1F862002BE00698B0F86200022866
S3150800D8A014D3FFE70698C06B80B1FFE70698C06DF2
S3150800D8B00088029908800699C86D0230C8650699DD
S3150800D8C0B1F862000238A1F8620010E00698016813
S3150800D8D0C06D007881F820000699C86D0130C865CA
S3150800D8E00699B1F862000138A1F86200FFE7FFE780
S3150800D8F026E0F3F78DFF0199401A0399884204D36D
S3150800D900FFE70398013018B9FFE70398B8B9FFE7AE
S3150800D910069800F049F80699D1F8880040F4807016
S3150800D920C1F8880006990120C1F88400FFE7069926
S3150800D9300020C1F88000FFE7032007902EE0FFE7EC
S3150800D94082E7FFE7FFE70698039B01996A4611609D
S3150800D9500821002200F0B4F840B1FFE70699D1F893
S3150800D960880040F02000C1F88800FFE7069800F01C
S3150800D9701BF806990120C1F88400FFE706990020E4
S3150800D980C1F88000FFE70698D0F8880018B1FFE7CD
S3150800D9900120079002E000200790FFE7079808B0EB
S3150800D9A080BD00BF00BF00BF82B00190019800682B
S3150800D9B04069009001980168886940F0080088610C
S3150800D9C001980168886940F010008861019801682B
S3150800D9D0086820F00100086001980168086940F2AB
S3150800D9E06F329043086101980168886820F44040C6
S3150800D9F088600198D0F88400042815D0FFE79DF8C0
S3150800DA000000800600280ED5FFE70199D1F88800A6
S3150800DA1040F08000C1F8880001980168886940F0E4
S3150800DA2020008861FFE7FFE70198D0F88400032803
S3150800DA3015D0FFE79DF80000400600280ED5FFE741
S3150800DA400199D1F8880040F00400C1F888000198CF
S3150800DA500168886940F040008861FFE7FFE79DF8A4
S3150800DA600100800700280ED5FFE70199D1F8880044
S3150800DA7040F00100C1F8880001980168886940F4FF
S3150800DA8000708861FFE79DF80100C00770B1FFE7E5
S3150800DA900199D1F8880040F00800C1F8880001987B
S3150800DAA00168886940F480708861FFE70199002061
S3150800DAB0A1F862000199A1F86A0002B0704700BF98
S3150800DAC080B586B0DDF820C00490039102920193D8
S3150800DAD0FFE704980068406903990840401AB0FABD
S3150800DAE080F040090299884213D1FFE7F3F790FEC8
S3150800DAF00899401A0199884204D3FFE70198013032
S3150800DB0018B9FFE7019818B9FFE70320059003E065
S3150800DB10DFE700200590FFE7059806B080BD00BF47
S3150800DB2080B58AB008900791ADF81A200593089831
S3150800DB30C16B012000EB5110ADF80A000898006887
S3150800DB4030300190F3F764FE04900898D0F884000A
S3150800DB50012803D0FFE7022009903DE2079820B18B
S3150800DB60FFE7BDF81A0018B9FFE70120099033E26C
S3150800DB70FFE70898D0F88000012803D1FFE70220C4
S3150800DB80099029E208990120C1F88000FFE7FFE71C
S3150800DB9008990420C1F8840008990020C1F8880073
S3150800DBA00799089A5166BDF81A10089AA2F86810DB
S3150800DBB0BDF81A10089AA2F86A100899C865089953
S3150800DBC0A1F860000899A1F8620008990867089901
S3150800DBD0486708988068B0F5C02F07D1FFE708980E
S3150800DBE00168086820F40060086009E00898006881
S3150800DBF0C068022161F3524008990968C860FFE7C6
S3150800DC000898006840684FF6FF718843BDF81A10F7
S3150800DC10084408990968486008980168086840F047
S3150800DC200100086008984068B0F5800F07D1FFE743
S3150800DC3008980168086840F400700860FFE70898CB
S3150800DC40C06810286BD3FFE7FFE70898B0F86A00AA
S3150800DC50002863D0FFE70898006840690390089891
S3150800DC6000684069C00788B1FFE708980068006B3C
S3150800DC700899496E08600899486E043048660899FC
S3150800DC80B1F86A000138A1F86A0046E00898B0F8C9
S3150800DC906A00BDF80A10884217DAFFE79DF80D00FA
S3150800DCA00006002811D5FFE708980068006B089958
S3150800DCB0496E08600899486E043048660899B1F8B4
S3150800DCC06A000138A1F86A0026E0F3F7A1FD049975
S3150800DCD0401A0599884204D3FFE70598013018B918
S3150800DCE0FFE70598B8B9FFE70898FFF75DFE0899BA
S3150800DCF0D1F8880040F48070C1F88800089901209E
S3150800DD00C1F88400FFE708990020C1F88000FFE702
S3150800DD100320099060E1FFE7FFE796E744E10898EA
S3150800DD20C0680828C0F09180FFE7FFE70898B0F8B8
S3150800DD306A00002800F08880FFE7089800684069B4
S3150800DD400390089800684069C00780B1FFE701980A
S3150800DD5000880899496E08800899486E0230486616
S3150800DD600899B1F86A000138A1F86A006BE00898CA
S3150800DD70B0F86A00BDF80A1088421FDAFFE79DF876
S3150800DD800D000006002819D5FFE7019800880899B4
S3150800DD90496E08800899486E0230486601980088DE
S3150800DDA00899496E08800899486E023048660899AD
S3150800DDB0B1F86A000238A1F86A0043E00898B0F89A
S3150800DDC06A00012816D1FFE79DF80D008006002895
S3150800DDD010D5FFE7019800880899496E08800899C8
S3150800DDE0486E023048660899B1F86A000138A1F809
S3150800DDF06A0026E0F3F70CFD0499401A0599884253
S3150800DE0004D3FFE70598013018B9FFE70598B8B9B4
S3150800DE10FFE70898FFF7C8FD0899D1F8880040F48D
S3150800DE208070C1F8880008990120C1F88400FFE7CE
S3150800DE3008990020C1F88000FFE703200990CBE08D
S3150800DE40FFE7FFE7FFE771E7ADE0FFE70898B0F8FF
S3150800DE506A00002800F0A680FFE708980068406975
S3150800DE600390089800684069C00790B1FFE70898D2
S3150800DE70006890F830000899496E08700899486E4D
S3150800DE80013048660899B1F86A000138A1F86A00B5
S3150800DE9087E00898B0F86A00BDF80A10884239DAAF
S3150800DEA0FFE79DF80D000006002833D5FFE7089820
S3150800DEB0006890F830000899496E08700899486E0D
S3150800DEC0013048660898006890F830000899496E4D
S3150800DED008700899486E013048660898006890F8F6
S3150800DEE030000899496E08700899486E01304866EE
S3150800DEF00898006890F830000899496E08700899E3
S3150800DF00486E013048660899B1F86A000438A1F8E5
S3150800DF106A0045E00898B0F86A00032818D8FFE7B1
S3150800DF209DF80D0010F0600F12D0FFE70898006802
S3150800DF3090F830000899496E08700899486E0130C3
S3150800DF4048660899B1F86A000138A1F86A0026E01F
S3150800DF50F3F75EFC0499401A0599884204D3FFE753
S3150800DF600598013018B9FFE70598B8B9FFE708988A
S3150800DF70FFF71AFD0899D1F8880040F48070C1F8B7
S3150800DF80880008990120C1F88400FFE70899002055
S3150800DF90C1F88000FFE7032009901DE0FFE7FFE7CF
S3150800DFA0FFE753E7FFE7FFE70898FFF7FDFC089947
S3150800DFB00120C1F88400FFE708990020C1F8800015
S3150800DFC0FFE70898D0F8880018B1FFE70120099004
S3150800DFD002E000200990FFE709980AB080BD00BF5B
S3150800DFE080B590B0DDF848C00E900D910C92ADF852
S3150800DFF02E300E98006820300A900E98006830304F
S3150800E00009900E98C16B012000EB5110ADF8120073
S3150800E010F3F7FEFB0890BDF82E00ADF81600BDF824
S3150800E0202E00ADF814000E98D0F88400012803D00D
S3150800E030FFE702200F9049E30D9838B1FFE70C98E7
S3150800E04020B1FFE7BDF82E0018B9FFE701200F90B1
S3150800E0503CE3FFE70E98D0F88000012803D1FFE7DC
S3150800E06002200F9032E30E990120C1F88000FFE7E5
S3150800E070FFE70E990520C1F884000E990020C1F823
S3150800E08088000C990E9A5166BDF82E100E9AA2F8C1
S3150800E0906A10BDF82E100E9AA2F868100D990E9AFD
S3150800E0A0D165BDF82E100E9AA2F86210BDF82E1092
S3150800E0B00E9AA2F860100E9908670E9948670E988E
S3150800E0C00068C06820F4C0200E990968C8600E98D8
S3150800E0D0006843F20001C4F20101884212D0FFE74A
S3150800E0E00E98006843F60001C4F20001884209D080
S3150800E0F0FFE70E98006843F60041C4F20001884223
S3150800E10003D1FFE71020079002E008200790FFE7F9
S3150800E1100E98006840684FF6FF718843BDF82E10C8
S3150800E12008440E99096848600E980168086840F026
S3150800E130010008600E984068B0F5800F07D1FFE728
S3150800E1400E980168086840F400700860FFE70E98AA
S3150800E150C0681028C0F0B480FFE7079880080790C9
S3150800E160FFE7BDF816100120039039B9FFE7BDF89F
S3150800E1701400002818BF01200390FFE70398C00782
S3150800E180002800F09C80FFE70E9800684069800729
S3150800E190002822D5FFE7BDF81600F0B1FFE7BDF865
S3150800E1A01400BDF81610079A1144884215D2FFE7E5
S3150800E1B00E980168C06D006808620E99C86D043033
S3150800E1C0C8650E99B1F862000138A1F862000E9888
S3150800E1D0B0F86200ADF81600FFE70E9800684069CF
S3150800E1E00690BDF81400002868D0FFE70E9800686E
S3150800E1F04069C007B0B1FFE70E980068006B0E993A
S3150800E200496E08600E99486E043048660E99B1F852
S3150800E2106A000138A1F86A000E98B0F86A00ADF8ED
S3150800E22014004AE0BDF81400BDF8121088421CDA42
S3150800E230FFE79DF819000006002816D5FFE70E9897
S3150800E2400068006B0E99496E08600E99486E043096
S3150800E25048660E99B1F86A000138A1F86A000E9866
S3150800E260B0F86A00ADF8140026E0F3F7D1FA089979
S3150800E270401A1299884204D3FFE71298013018B958
S3150800E280FFE71298B8B9FFE70E98FFF78DFB0E99CE
S3150800E290D1F8880040F48070C1F888000E990120F2
S3150800E2A0C1F88400FFE70E990020C1F88000FFE757
S3150800E2B003200F900AE2FFE7FFE7FFE751E7DAE1FD
S3150800E2C00E98C0680828C0F0DD80FFE70798400868
S3150800E2D00790FFE7BDF816100120029039B9FFE74D
S3150800E2E0BDF81400002818BF01200290FFE7029825
S3150800E2F0C007002800F0C580FFE70E98006840694F
S3150800E3008007002822D5FFE7BDF81600F0B1FFE721
S3150800E310BDF81400BDF81610079A1144884215D2A4
S3150800E320FFE70E98C06D00880A9908800E99C86D97
S3150800E3300230C8650E99B1F862000138A1F862008A
S3150800E3400E98B0F86200ADF81600FFE70E98006860
S3150800E35040690690BDF81400002800F09180FFE798
S3150800E3600E9800684069C007A8B1FFE709980088B9
S3150800E3700E99496E08800E99486E023048660E99C5
S3150800E380B1F86A000138A1F86A000E98B0F86A0078
S3150800E390ADF8140073E0BDF81400BDF812108842F9
S3150800E3A024DAFFE79DF81900000600281ED5FFE7C6
S3150800E3B0099800880E99496E08800E99486E0230B1
S3150800E3C04866099800880E99496E08800E99486E25
S3150800E3D0023048660E99B1F86A000238A1F86A0058
S3150800E3E00E98B0F86A00ADF8140047E0BDF81400BE
S3150800E3F001281BD1FFE79DF819008006002815D5CE
S3150800E400FFE7099800880E99496E08800E99486EAC
S3150800E410023048660E99B1F86A000138A1F86A0018
S3150800E4200E98B0F86A00ADF8140026E0F3F7F0F994
S3150800E4300899401A1299884204D3FFE712980130C6
S3150800E44018B9FFE71298B8B9FFE70E98FFF7ACFAC4
S3150800E4500E99D1F8880040F48070C1F888000E99AA
S3150800E4600120C1F88400FFE70E990020C1F880005A
S3150800E470FFE703200F9029E1FFE7FFE7FFE7FFE744
S3150800E48028E7F7E0FFE7BDF816100120019039B933
S3150800E490FFE7BDF81400002818BF01200190FFE728
S3150800E4A00198C007002800F0E480FFE70E9800688E
S3150800E4B040698007002823D5FFE7BDF81600F8B1A4
S3150800E4C0FFE7BDF81400BDF81610079A11448842F4
S3150800E4D016D2FFE70E980168C06D007881F8200013
S3150800E4E00E99C86D0130C8650E99B1F862000138F9
S3150800E4F0A1F862000E98B0F86200ADF81600FFE7C2
S3150800E5000E98006840690690BDF81400002800F0CF
S3150800E510AF80FFE70E9800684069C007B8B1FFE70B
S3150800E5200E98006890F830000E99496E08700E999A
S3150800E530486E013048660E99B1F86A000138A1F8AC
S3150800E5406A000E98B0F86A00ADF814008FE0BDF8BE
S3150800E5501400BDF8121088423EDAFFE79DF819004C
S3150800E5600006002838D5FFE70E98006890F83000B6
S3150800E5700E99496E08700E99486E013048660E98D5
S3150800E580006890F830000E99496E08700E99486E2A
S3150800E590013048660E98006890F830000E99496E6A
S3150800E5A008700E99486E013048660E98006890F813
S3150800E5B030000E99496E08700E99486E013048660B
S3150800E5C00E99B1F86A000438A1F86A000E98B0F8F6
S3150800E5D06A00ADF8140049E0BDF8140003281DD8F8
S3150800E5E0FFE79DF8190010F0600F17D0FFE70E98A7
S3150800E5F0006890F830000E99496E08700E99486EBA
S3150800E600013048660E99B1F86A000138A1F86A0027
S3150800E6100E98B0F86A00ADF8140026E0F3F7F8F89B
S3150800E6200899401A1299884204D3FFE712980130D4
S3150800E63018B9FFE71298B8B9FFE70E98FFF7B4F9CB
S3150800E6400E99D1F8880040F48070C1F888000E99B8
S3150800E6500120C1F88400FFE70E990020C1F8800068
S3150800E660FFE703200F9031E0FFE7FFE7FFE7FFE74B
S3150800E67009E7FFE7FFE70E98129B08996A461160BB
S3150800E68008210022FFF71CFA40B1FFE70E99D1F8DE
S3150800E690880040F02000C1F88800FFE70E98FFF7D1
S3150800E6A083F90E990120C1F88400FFE70E9900202E
S3150800E6B0C1F88000FFE70E98D0F8880018B1FFE788
S3150800E6C001200F9002E000200F90FFE70F9810B08E
S3150800E6D080BD00BF00BF00BF84B002900191ADF8B5
S3150800E6E00220019820B1FFE7BDF8020018B9FFE73C
S3150800E6F0012003909DE00298D0F88400012803D0F9
S3150800E700FFE70220039094E0FFE70298D0F8800024
S3150800E710012803D1FFE7022003908AE0029901202D
S3150800E720C1F88000FFE7FFE702990320C1F88400DB
S3150800E73002990020C1F888000199029AD165BDF8AE
S3150800E7400210029AA2F86010BDF80210029AA2F806
S3150800E7506210029948660299A1F868000299A1F820
S3150800E7606A00029908670298C068102807D3FFE76D
S3150800E77002994EF63900C0F60000486713E0029881
S3150800E780C068082807D3FFE702994EF67900C0F655
S3150800E7900000486706E002994EF6C100C0F6000080
S3150800E7A04867FFE7FFE702988068B0F5C02F07D1F2
S3150800E7B0FFE702980168086840F40060086009E00D
S3150800E7C002980068C068012161F3524002990968FD
S3150800E7D0C860FFE70298006840684FF6FF718843F3
S3150800E7E0BDF8021008440299096848600298016851
S3150800E7F0086840F001000860FFE702990020C1F8A8
S3150800E8008000FFE702980168086940F22A721043FF
S3150800E810086102984068B0F5800F07D1FFE70298B3
S3150800E8200168086840F400700860FFE7002003905C
S3150800E830FFE7039804B0704781B00090009801681C
S3150800E840C06D006808620099C86D0430C8650099F3
S3150800E850B1F862000138A1F862000098B0F86200C9
S3150800E86038B9FFE700980168086920F002000861D6
S3150800E870FFE701B0704700BF82B0019001980068B9
S3150800E880203000900198C06D008800990880019991
S3150800E890C86D0230C8650199B1F862000138A1F85F
S3150800E8A062000198B0F8620038B9FFE7019801687C
S3150800E8B0086920F002000861FFE702B0704700BF50
S3150800E8C081B0009000980168C06D007881F820003A
S3150800E8D00099C86D0130C8650099B1F86200013821
S3150800E8E0A1F862000098B0F8620038B9FFE700980E
S3150800E8F00168086920F002000861FFE701B0704767
S3150800E90084B002900191ADF802200298D0F88400F4
S3150800E910012803D0FFE7022003909EE0019820B16A
S3150800E920FFE7BDF8020018B9FFE70120039094E05D
S3150800E930FFE70298D0F88000012803D1FFE70220FC
S3150800E94003908AE002990120C1F88000FFE7FFE7FB
S3150800E95002990420C1F8840002990020C1F88800B1
S3150800E9600199029A5166BDF80210029AA2F8681037
S3150800E970BDF80210029AA2F86A100299C8650299AF
S3150800E980A1F860000299A1F8620002994867029806
S3150800E990C068102807D3FFE702994EF66120C0F633
S3150800E9A00000086713E00298C068082807D3FFE745
S3150800E9B002994EF6A120C0F60000086706E0029903
S3150800E9C04EF6E920C0F600000867FFE7FFE7029861
S3150800E9D08068B0F5C02F07D1FFE70298016808687C
S3150800E9E020F40060086009E002980068C068022107
S3150800E9F061F3524002990968C860FFE70298006807
S3150800EA0040684FF6FF718843BDF802100844029922
S3150800EA100968486002980168086840F001000860C3
S3150800EA20FFE702990020C1F88000FFE70298016815
S3150800EA30086940F249721043086102984068B0F5C7
S3150800EA40800F07D1FFE702980168086840F4007054
S3150800EA500860FFE700200390FFE7039804B07047BB
S3150800EA6081B0009000980068006B0099496E0860B4
S3150800EA700099486E043048660099B1F86A00013872
S3150800EA80A1F86A000098B0F86A0038B9FFE700985C
S3150800EA900168086920F001000861FFE701B07047C6
S3150800EAA082B0019001980068303000900098008884
S3150800EAB00199496E08800199486E023048660199A5
S3150800EAC0B1F86A000138A1F86A000198B0F86A003E
S3150800EAD038B9FFE701980168086920F00100086164
S3150800EAE0FFE702B0704700BF81B000900098006849
S3150800EAF090F830000099496E08700099486E013008
S3150800EB0048660099B1F86A000138A1F86A000098C9
S3150800EB10B0F86A0038B9FFE700980168086920F07C
S3150800EB2001000861FFE701B0704700BF00BF00BFE2
S3150800EB3088B0069005910492ADF80E3006980068E4
S3150800EB40203001900698D0F88400012803D0FFE70A
S3150800EB500220079009E1059838B1FFE7049820B12B
S3150800EB60FFE7BDF80E0018B9FFE701200790FCE0A3
S3150800EB70FFE70698D0F88000012803D1FFE70220B6
S3150800EB800790F2E006990120C1F88000FFE7FFE749
S3150800EB9006990520C1F8840006990020C1F8880066
S3150800EBA005980699C865BDF80E000699A1F8600093
S3150800EBB0BDF80E000699A1F8620004980699486601
S3150800EBC0BDF80E000699A1F86800BDF80E00069972
S3150800EBD0A1F86A000698B0F8620002900698C06824
S3150800EBE010280DD3FFE706994EF63900C0F6000047
S3150800EBF0486706994EF66120C0F6000008671FE0D0
S3150800EC000698C06808280DD3FFE706994EF6A12096
S3150800EC10C0F60000086706994EF67900C0F60000AF
S3150800EC2048670CE006994EF6E920C0F6000008672A
S3150800EC3006994EF6C100C0F600004867FFE7FFE7F1
S3150800EC4006980068C06820F4C02006990968C8605C
S3150800EC500698006840684FF6FF718843BDF80E10A5
S3150800EC60084406990968486006980168086840F0EB
S3150800EC7001000860FFE706980068416900208907D7
S3150800EC800029009006D5FFE70298002818BF012042
S3150800EC900090FFE70098C007002849D0FFE70698CC
S3150800ECA0C068102814D3FFE706980168C06D00688D
S3150800ECB008620699C86D0430C8650699B1F86200FD
S3150800ECC00138A1F862000698B0F8620002902EE0BA
S3150800ECD00698C068082814D3FFE70698C06D008810
S3150800ECE0019908800699C86D0230C8650699B1F879
S3150800ECF062000138A1F862000698B0F86200029036
S3150800ED0014E006980168C06D007881F8200006991D
S3150800ED10C86D0130C8650699B1F862000138A1F8D6
S3150800ED2062000698B0F862000290FFE7FFE7A2E7E4
S3150800ED30FFE706990020C1F88000FFE706980168FA
S3150800ED40086940F26C721043086106984068B0F58D
S3150800ED50800F07D1FFE706980168086840F400703D
S3150800ED600860FFE700200790FFE7079808B070479C
S3150800ED7080B584B002900191ADF802200298D0F8CF
S3150800ED808400012803D0FFE7022003903BE10198A5
S3150800ED9020B1FFE7BDF8020018B9FFE7012003908C
S3150800EDA031E1FFE70298D0F88000012803D1FFE798
S3150800EDB00220039027E102990120C1F88000FFE7AD
S3150800EDC0FFE702990320C1F8840002990020C1F8E0
S3150800EDD088000199029AD165BDF80210029AA2F834
S3150800EDE06010BDF80210029AA2F8621002994866ED
S3150800EDF002994867029908670299A1F8680002997A
S3150800EE00A1F86A0002988068B0F5C02F07D1FFE71D
S3150800EE1002980168086840F40060086009E00298F2
S3150800EE200068C068012161F3524002990968C86008
S3150800EE30FFE70298C068102807D3FFE70298806F9B
S3150800EE408069B0F5804F13D1FFE70298C06808289B
S3150800EE5017D3FFE70298806F8069B0F5005F10D07E
S3150800EE60FFE70298806F8069B0F5804F09D0FFE709
S3150800EE70FFE702990020C1F88000FFE70120039010
S3150800EE80C1E00298C068072821D8FFE70298806F7A
S3150800EE908069B0F5005F09D1FFE70298B0F8620013
S3150800EEA0013040080299A1F86200FFE70298806FD6
S3150800EEB08069B0F5804F09D1FFE70298B0F8620083
S3150800EEC0033080080299A1F86200FFE717E002986C
S3150800EED0C0680F2811D8FFE70298806F8069B0F5DF
S3150800EEE0804F09D1FFE70298B0F862000130400868
S3150800EEF00299A1F86200FFE700E0FFE7FFE7029842
S3150800EF00816F4FF21100C0F6000048640298816FC5
S3150800EF104FF22900C0F6000008640298816F4FF28C
S3150800EF207100C0F6000008650298816F00204865E8
S3150800EF3002980168886820F400408860029B1A6875
S3150800EF40D96D986F2032B3F86230F5F709F8A0B199
S3150800EF50FFE70299D1F8880040F01000C1F8880050
S3150800EF6002990120C1F88400FFE702990020C1F840
S3150800EF708000FFE70120039045E00298806FC06992
S3150800EF80B0F5807F0AD1FFE70298006840684FF61F
S3150800EF90FF7188430299096848600CE00298006886
S3150800EFA040684FF6FF718843BDF80210084402997D
S3150800EFB009684860FFE702980168886840F40040DD
S3150800EFC0886002980168086940F4487008610298E8
S3150800EFD00168086840F00100086002984068B0F5CA
S3150800EFE0800F07D1FFE702980168086840F40070AF
S3150800EFF00860FFE7FFE702990020C1F88000FFE7F5
S3150800F00000200390FFE7039804B080BD00BF00BF4F
S3150800F01080B582B001900198C06B0090009801F00D
S3150800F0207BF802B080BD00BF80B582B00190019820
S3150800F030C06B00900098D0F88400072813D0FFE72B
S3150800F0400098806FC069B0F5807F04D1FFE700980B
S3150800F05001F046F806E000980168086940F00800E3
S3150800F0600861FFE7FFE702B080BD00BF00BF00BF31
S3150800F07080B582B001900198C06B00900198F8F7AE
S3150800F080C7F9022812D0FFE70098FEF78DFC009911
S3150800F090D1F8880040F01000C1F8880000990120D6
S3150800F0A0C1F88400009801F00FF8FFE702B080BDB0
S3150800F0B080B584B002900191ADF802200298D0F88C
S3150800F0C08400012809D0FFE7FFE702990020C1F86C
S3150800F0D08000FFE7022003903FE1019820B1FFE797
S3150800F0E0BDF8020048B9FFE7FFE702990020C1F81A
S3150800F0F08000FFE7012003902FE1FFE70298D0F890
S3150800F1008000012803D1FFE70220039025E1029938
S3150800F1100120C1F88000FFE7FFE702990420C1F843
S3150800F120840002990020C1F888000199029A516664
S3150800F130BDF80210029AA2F86810BDF80210029AE9
S3150800F140A2F86A1002990867029948670299A1F815
S3150800F15060000299A1F8620002988068B0F5C02F95
S3150800F16007D1FFE702980168086820F40060086084
S3150800F17009E002980068C068022161F352400299CA
S3150800F1800968C860FFE70298C068102807D3FFE738
S3150800F1900298C06F8069B0F5804F13D1FFE70298D7
S3150800F1A0C068082817D3FFE70298C06F8069B0F5D2
S3150800F1B0005F10D0FFE70298C06F8069B0F5804FF6
S3150800F1C009D0FFE7FFE702990020C1F88000FFE7B2
S3150800F1D001200390C1E002980168886820F4804005
S3150800F1E088600298C068072821D8FFE70298C06F90
S3150800F1F08069B0F5005F09D1FFE70298B0F86A00A8
S3150800F200013040080299A1F86A00FFE70298C06F2A
S3150800F2108069B0F5804F09D1FFE70298B0F86A0017
S3150800F220033080080299A1F86A00FFE717E0029800
S3150800F230C0680F2811D8FFE70298C06F8069B0F53B
S3150800F240804F09D1FFE70298B0F86A0001304008FC
S3150800F2500299A1F86A00FFE700E0FFE7FFE70298D6
S3150800F260C16F4FF26130C0F6000048640298C16F62
S3150800F2704FF27930C0F6000008640298C16F4FF269
S3150800F2807100C0F6000008650298C16F0020486545
S3150800F290029B19685A6ED86F3031B3F86A30F4F7A2
S3150800F2A05FFEA0B1FFE70299D1F8880040F0100090
S3150800F2B0C1F8880002990120C1F88400FFE7029985
S3150800F2C00020C1F88000FFE70120039045E002987E
S3150800F2D0C06FC069B0F5807F0AD1FFE70298006861
S3150800F2E040684FF6FF7188430299096848600CE048
S3150800F2F00298006840684FF6FF718843BDF802100F
S3150800F3000844029909684860FFE702980168886816
S3150800F31040F48040886002980168086940F450709B
S3150800F320086102980168086840F0010008600298C0
S3150800F3304068B0F5800F07D1FFE7029801680868B2
S3150800F34040F400700860FFE7FFE702990020C1F863
S3150800F3508000FFE700200390FFE7039804B080BD14
S3150800F36080B582B001900198C06B0090009800F0BB
S3150800F370D7FE02B080BD00BF80B582B0019001986B
S3150800F380C06B00900098D0F88400072813D0FFE7D8
S3150800F3900098C06FC069B0F5807F04D1FFE7009878
S3150800F3A000F09AFE06E000980168086940F0080037
S3150800F3B00861FFE7FFE702B080BD00BF00BF00BFDE
S3150800F3C080B586B0049003910292ADF80630049891
S3150800F3D0D0F88400012803D0FFE702200590B3E1A6
S3150800F3E0039838B1FFE7029820B1FFE7BDF8060099
S3150800F3F018B9FFE701200590A6E1FFE70498D0F8C1
S3150800F4008000012803D1FFE7022005909CE10499BA
S3150800F4100120C1F88000FFE7FFE704990520C1F83D
S3150800F420840004990020C1F888000399049AD165DC
S3150800F430BDF80610049AA2F86010BDF80610049AE2
S3150800F440A2F862100299049A5166BDF80610049A49
S3150800F450A2F86810BDF80610049AA2F86A10049972
S3150800F46008670499486704980068C06820F4C020B3
S3150800F47004990968C86004980168886820F44040BF
S3150800F48088600498C06810280ED3FFE70498C06FF8
S3150800F4908069B0F5804F28D1FFE70498806F8069AE
S3150800F4A0B0F5804F21D1FFE70498C068082825D316
S3150800F4B0FFE70498C06F8069B0F5005F07D0FFE7E3
S3150800F4C00498C06F8069B0F5804F0ED1FFE70498A5
S3150800F4D0806F8069B0F5005F10D0FFE70498806FF1
S3150800F4E08069B0F5804F09D0FFE7FFE7049900204F
S3150800F4F0C1F88000FFE70120059025E10498C0685F
S3150800F500072841D8FFE70498806F8069B0F5005F47
S3150800F51009D1FFE70498B0F8620001304008049961
S3150800F520A1F86200FFE70498806F8069B0F5804F04
S3150800F53009D1FFE70498B0F86200033080080499FF
S3150800F540A1F86200FFE70498C06F8069B0F5005F14
S3150800F55009D1FFE70498B0F86A0001304008049919
S3150800F560A1F86A00FFE70498C06F8069B0F5804F7C
S3150800F57009D1FFE70498B0F86A00033080080499B7
S3150800F580A1F86A00FFE727E00498C0680F2821D889
S3150800F590FFE70498806F8069B0F5804F09D1FFE7CF
S3150800F5A00498B0F86200013040080499A1F8620096
S3150800F5B0FFE70498C06F8069B0F5804F09D1FFE76F
S3150800F5C00498B0F86A00013040080499A1F86A0066
S3150800F5D0FFE700E0FFE7FFE70498C16F4FF25170BD
S3150800F5E0C0F6000048640498C16F4FF26970C0F60F
S3150800F5F0000008640498C16F4FF27100C0F600005D
S3150800F60008650498C16F00204865049B19685A6EFE
S3150800F610D86F3031B3F86A30F4F7A2FCA0B1FFE72F
S3150800F6200499D1F8880040F01000C1F888000499C0
S3150800F6300120C1F88400FFE704990020C1F8800082
S3150800F640FFE7012005907FE004980168886840F488
S3150800F650804088600498816F002048640499896F07
S3150800F66008640499896F48650498816F4FF27100A0
S3150800F670C0F600000865049B1A68D96D986F203299
S3150800F680B3F86230F4F76CFCC0B1FFE70498C06FBA
S3150800F690F4F7DEFF0499D1F8880040F01000C1F8AD
S3150800F6A0880004990120C1F88400FFE70499002026
S3150800F6B0C1F88000FFE70120059045E00498806FB7
S3150800F6C0C069B0F5807F0AD1FFE7049800684068F2
S3150800F6D04FF6FF7188430499096848600CE004985E
S3150800F6E0006840684FF6FF718843BDF80610084465
S3150800F6F0049909684860FFE704980168886840F437
S3150800F7000040886004980168086940F458700861E8
S3150800F71004980168086840F0010008600498406889
S3150800F720B0F5800F07D1FFE704980168086840F430
S3150800F73000700860FFE7FFE704990020C1F8800021
S3150800F740FFE700200590FFE7059806B080BD00BFDB
S3150800F75080B582B001900198C06B0090009800F0C7
S3150800F760E3FC02B080BD00BF80B582B0019001986D
S3150800F770C06B00900098D0F88400072813D0FFE7E4
S3150800F7800098806FC069B0F5807F04D1FFE70098C4
S3150800F79000F09EFC06E000980168086940F0080041
S3150800F7A00861FFE7FFE702B080BD00BF00BF00BFEA
S3150800F7B080B584B00290FFE70298D0F8800001284F
S3150800F7C003D1FFE702200390ECE002990120C1F87B
S3150800F7D08000FFE7FFE702990720C1F884000020B0
S3150800F7E0019040F20000C2F2004000684AF6AB21E0
S3150800F7F0CAF6AA21A0FB0110000944F6D351C1F2AA
S3150800F8006201A0FB01108009642148430090029818
S3150800F81000680068800500285DD5FFE70298016842
S3150800F820086920F008000861FFE700980138009091
S3150800F830009840B9FFE70299D1F8880040F04000E7
S3150800F840C1F8880008E0FFE702980068006900F040
S3150800F85008000828E9D0FFE702980168086840F41C
S3150800F86080600860FFE7009801380090009840B96A
S3150800F870FFE70299D1F8880040F04000C1F88800F7
S3150800F88009E0FFE702980068006800F40070B0F528
S3150800F890007FE8D0FFE702980168886940F40060B5
S3150800F8A08861FFE7009801380090009840B9FFE7A3
S3150800F8B00299D1F8880040F04000C1F8880009E0B4
S3150800F8C0FFE702980068406900F40060B0F5006F31
S3150800F8D0E8D0FFE7FFE70298006880680004002880
S3150800F8E01DD5FFE70298806FC0B1FFE70298816FC8
S3150800F8F0002048650298806FF4F7AAFE68B1FFE712
S3150800F9000298806FF7F784FD202805D1FFE7029952
S3150800F9104020C1F88800FFE7FFE7FFE7FFE7029806
S3150800F92000688068400400281DD5FFE70298C06F6C
S3150800F930C0B1FFE70298C16F002048650298C06F02
S3150800F940F4F786FE68B1FFE70298C06FF7F760FD27
S3150800F950202805D1FFE702994020C1F88800FFE773
S3150800F960FFE7FFE7FFE7029800F022F80298D0F8D1
S3150800F97088004006002803D5FFE70120019004E02F
S3150800F98002990020C1F88800FFE702990120C1F812
S3150800F9908400FFE702990020C1F88000FFE701987C
S3150800F9A00390FFE7039804B080BD00BF00BF00BF07
S3150800F9B081B0009000980168086820F0010008608E
S3150800F9C000980168086940F26F3290430861009810
S3150800F9D00168886940F008008861009801688869AC
S3150800F9E040F01000886100980168886820F440405B
S3150800F9F0886000980168886940F04000886100982E
S3150800FA000168886940F02000886100980168886963
S3150800FA1040F48070886100980168886940F4007035
S3150800FA20886100980168886940F4006088610099D7
S3150800FA300020A1F862000099A1F86A0001B0704799
S3150800FA4080B586B00590012002900190059907209F
S3150800FA50C1F884000020049040F20000C2F2004081
S3150800FA6000684AF6AB21CAF6AA21A0FB01100009D4
S3150800FA7044F6D351C1F26201A0FB0110800964214A
S3150800FA8048430390059800680068800500285DD5FE
S3150800FA90FFE705980168086920F008000861FFE794
S3150800FAA0039801380390039840B9FFE70599D1F800
S3150800FAB0880040F04000C1F8880008E0FFE7059894
S3150800FAC00068006900F008000828E9D0FFE70598F3
S3150800FAD00168086840F480600860FFE70398013809
S3150800FAE00390039840B9FFE70599D1F8880040F0DC
S3150800FAF04000C1F8880009E0FFE70598006800683B
S3150800FB0000F40070B0F5007FE8D0FFE705980168BB
S3150800FB10886940F400608861FFE70398013803901C
S3150800FB20039840B9FFE70599D1F8880040F04000EE
S3150800FB30C1F8880009E0FFE705980068406900F405
S3150800FB400060B0F5006FE8D0FFE7FFE70598806F23
S3150800FB5060B3FFE7059800688068000400281FD591
S3150800FB60FFE70598816F4FF65940C0F600004865D3
S3150800FB70002002900598806FF5F71EFA78B1FFE726
S3150800FB800598806FF7F744FC802807D1FFE7012026
S3150800FB9002900598816F00204865FFE7FFE704E0BB
S3150800FBA00598816F00204865FFE7FFE70598C06F55
S3150800FBB060B3FFE7059800688068400400281FD5F1
S3150800FBC0FFE70598C16F4FF6A140C0F600004865EB
S3150800FBD0002001900598C06FF5F7EEF978B1FFE7B8
S3150800FBE00598C06FF7F714FC802807D1FFE70120B6
S3150800FBF001900598C16F00204865FFE7FFE704E01C
S3150800FC000598C16F00204865FFE7FFE702980128BD
S3150800FC101ED1FFE7019801281AD1FFE70598FFF7DB
S3150800FC20C7FE0598D0F888004006002803D5FFE7E8
S3150800FC300120049004E005990020C1F88800FFE738
S3150800FC4005990120C1F88400059800F04DF8FFE7F2
S3150800FC50049806B080BD00BF80B582B001900198B7
S3150800FC60C06B00900098816F002048650098C06FAF
S3150800FC7038B1FFE70098C06F406D08B1FFE70BE0A9
S3150800FC80FFE70098FFF794FE00990120C1F8840069
S3150800FC90009800F029F8FFE702B080BD00BF00BF5A
S3150800FCA080B582B001900198C06B00900098C16F32
S3150800FCB0002048650098806F38B1FFE70098806F8C
S3150800FCC0406D08B1FFE70BE0FFE70098FFF770FE0D
S3150800FCD000990120C1F88400009800F005F8FFE7B4
S3150800FCE002B080BD00BF00BF81B0009001B0704770
S3150800FCF081B000900099D1F8880040F48060C1F87E
S3150800FD008800012001B0704781B000900099D1F8B1
S3150800FD10880040F48060C1F88800012001B070476F
S3150800FD2081B000900099D1F8880040F48060C1F84D
S3150800FD308800012001B0704780B588B00790079801
S3150800FD40006800690690079800684069059006985B
S3150800FD500599084004900798006880680390002079
S3150800FD6002900798D0F88400019007980068303010
S3150800FD7000909DF815000007002810D5FFE79DF8AC
S3150800FD801800000700280AD5FFE707980168886960
S3150800FD9040F400608861079800F092F98EE19DF8BA
S3150800FDA010004006002815D4FFE79DF810008006CD
S3150800FDB000280FD4FFE79DF810004007002809D552
S3150800FDC0FFE70798416F88470798016F8847012022
S3150800FDD00290FFE79DF810004006002811D4FFE7BF
S3150800FDE09DF81000C00760B1FFE79DF810004007B6
S3150800FDF0002806D4FFE70798016F8847012002907C
S3150800FE00FFE79DF810008006002812D4FFE79DF84A
S3150800FE101000800700280CD5FFE79DF81000400762
S3150800FE20002806D4FFE70798416F8847012002900B
S3150800FE30FFE7029808B1FFE740E19DF810000007C8
S3150800FE40002840F18680FFE707980168886940F036
S3150800FE500800886107980168886940F01000886181
S3150800FE6007980168886940F4006088610798016806
S3150800FE70086920F00800086107980068806810F48F
S3150800FE80404F3AD1FFE7FFE70798B0F86A0098B302
S3150800FE90FFE70798C06810280BD3FFE707980068A4
S3150800FEA0006B0799496E08600799486E04304866E2
S3150800FEB01BE00798C06808280AD3FFE7009800885F
S3150800FEC00799496E08800799486E023048660BE024
S3150800FED00798006890F830000799496E08700799E6
S3150800FEE0486E01304866FFE7FFE70799B1F86A00F0
S3150800FEF00138A1F86A00C7E7FFE70798FDF754FD40
S3150800FF0007990120C1F884000798D0F8880020B125
S3150800FF10FFE7079800F0D8F8D0E00198052804D143
S3150800FF20FFE7079800F0D4F812E00198042804D1F6
S3150800FF30FFE7079800F0D0F809E00198032804D1F4
S3150800FF40FFE7079800F0CCF800E0FFE7FFE7FFE7D8
S3150800FF50B4E0BDF8100010F4587F00F0AF80FFE75A
S3150800FF609DF81000400600280ED5FFE70799D1F83E
S3150800FF70880040F00400C1F888000798016888697D
S3150800FF8040F040008861FFE79DF8110080070028CF
S3150800FF900ED5FFE70799D1F8880040F00100C1F8AF
S3150800FFA0880007980168886940F400708861FFE74F
S3150800FFB09DF81100C00770B1FFE70799D1F88800CE
S3150800FFC040F00800C1F8880007980168886940F47D
S3150800FFD080708861FFE79DF81000800600280ED51E
S3150800FFE0FFE70799D1F8880040F08000C1F888003B
S3150800FFF007980168886940F020008861FFE707983C
S31508010000D0F88800002858D0FFE7079801680868E3
S3150801001020F00100086007980168086940F26B3210
S3150801002090430861039800F44040B0F5404F3BD136
S31508010030FFE707980168886820F4404088600798B8
S31508010040C06FB0B1FFE70798C16F40F2E900C0F68B
S31508010050010048650798C06FF4F7AEFF40B1FFE7A6
S315080100600799D1F8880040F04000C1F88800FFE7F9
S31508010070FFE70798806FB0B1FFE70798816F40F2F5
S31508010080E900C0F6010048650798806FF4F794FF08
S3150801009040B1FFE70799D1F8880040F04000C1F860
S315080100A08800FFE7FFE707E007990120C1F8840008
S315080100B0079800F009F8FFE7FFE7FFE708B080BDFA
S315080100C081B0009001B0704781B0009001B07047CF
S315080100D081B0009001B0704781B0009001B07047BF
S315080100E081B0009001B0704780B582B00190019847
S315080100F0C06B009000990020A1F86A000099A1F848
S31508010100620000990120C1F884000098FFF7DCFF1E
S3150801011002B080BD00BF00BF81B0009001B070473A
S3150801012081B0009001B0704781B0009001B070476E
S3150801013081B000900098D0F8840001B0704700BFE4
S3150801014081B000900098D0F8880001B0704700008F
S3150801015080B582B00090009818B9FFE70120019098
S3150801016035E00098006C38B9FFE700990020C863AC
S31508010170009800F031F8FFE7009902200864009919
S3150801018051F8040B00F02CF800990120C866FFE726
S31508010190009901204864009988640099C864009907
S315080101A008650099486500998865FFE7FFE70099A2
S315080101B00120C8650099086600994866009988660D
S315080101C0FFE700990120086400200190FFE70198E4
S315080101D002B080BD00BF00BF81B0009001B070477A
S315080101E083B002900191029800680090029800215C
S315080101F0C4F20101884225D0FFE70298B0F1804F89
S3150801020020D0FFE7029840F20041C4F2000188427B
S3150801021018D0FFE7029840F60001C4F200018842AF
S3150801022010D0FFE7029840F60041C4F20001884267
S3150801023008D0FFE7029840F20041C4F20101884262
S315080102400AD1FFE7009820F07000009001984168F4
S31508010250009808430090FFE702980021C4F20101C3
S3150801026088423DD0FFE70298B0F1804F38D0FFE7CA
S31508010270029840F20041C4F20001884230D0FFE7FB
S31508010280029840F60001C4F20001884228D0FFE72F
S31508010290029840F60041C4F20001884220D0FFE7E7
S315080102A0029840F20041C4F20101884218D0FFE7E2
S315080102B0029844F20001C4F20101884210D0FFE716
S315080102C0029844F20041C4F20101884208D0FFE7CE
S315080102D0029844F60001C4F2010188420AD1FFE7F7
S315080102E0009820F4407000900198C168009808436E
S315080102F00090FFE7009820F08000019949690843BA
S315080103000090019880680299C8620198006802996C
S31508010310886202980021C4F20101884220D0FFE7D1
S31508010320029840F20041C4F20101884218D0FFE761
S31508010330029844F20001C4F20101884210D0FFE795
S31508010340029844F20041C4F20101884208D0FFE74D
S31508010350029844F60001C4F20101884205D1FFE77B
S315080103600198006902990863FFE70299086840F055
S315080103700400086002990120486100980299086002
S3150801038003B0704700BF00BF80B582B001900199E4
S3150801039002200864FFE701980068006A41F211111A
S315080103A0084210D1FFE701980068006A40F244410B
S315080103B0084207D1FFE701980168086820F00100A3
S315080103C00860FFE7FFE7FFE7019800F029F80199C0
S315080103D00020C866FFE701990020486401998864EE
S315080103E00199C86401990865019948650199886563
S315080103F0FFE7FFE701990020C86501990866019999
S31508010400486601998866FFE7019900200864FFE7B5
S3150801041001990020C863FFE7002002B080BD00BF34
S3150801042081B0009001B0704783B001900198006CCB
S31508010430012803D0FFE70120029069E00199022013
S315080104400864019800680021C4F2010188423CD081
S31508010450FFE701980068B0F1804F36D0FFE70198B1
S31508010460006840F20041C4F2000188422DD0FFE73E
S315080104700198006840F60001C4F20001884224D0C0
S31508010480FFE70198006840F60041C4F2000188427E
S315080104901BD0FFE70198006840F20041C4F2010150
S315080104A0884212D0FFE70198006841F60001C4F2BC
S315080104B00001884209D0FFE70198006844F200016B
S315080104C0C4F20101884219D1FFE7019800688068E2
S315080104D00721C0F2010108400090009806280CD0B7
S315080104E0FFE70098B0F5803F07D0FFE7019801685C
S315080104F0086840F001000860FFE706E00198016816
S31508010500086840F001000860FFE700200290FFE755
S31508010510029803B0704700BF81B00090FFE70098CA
S315080105200068006A41F21111084210D1FFE70098EC
S315080105300068006A40F24441084207D1FFE7009883
S315080105400168086820F001000860FFE7FFE7FFE798
S31508010550009901200864002001B0704700BF00BF60
S3150801056083B001900198006C012803D0FFE70120B0
S3150801057002906FE001990220086401980168C86831
S3150801058040F00100C860019800680021C4F2010129
S3150801059088423CD0FFE701980068B0F1804F36D019
S315080105A0FFE70198006840F20041C4F20001884261
S315080105B02DD0FFE70198006840F60001C4F200015A
S315080105C0884224D0FFE70198006840F60041C4F24A
S315080105D0000188421BD0FFE70198006840F20041FC
S315080105E0C4F20101884212D0FFE70198006841F67A
S315080105F00001C4F20001884209D0FFE701980068AA
S3150801060044F20001C4F20101884219D1FFE70198B9
S31508010610006880680721C0F201010840009000982F
S3150801062006280CD0FFE70098B0F5803F07D0FFE712
S3150801063001980168086840F001000860FFE706E0D4
S3150801064001980168086840F001000860FFE700208A
S315080106500290FFE7029803B0704700BF00BF00BFD2
S3150801066081B0009000980168C86820F00100C86050
S31508010670FFE700980068006A41F21111084210D19B
S31508010680FFE700980068006A40F24441084207D132
S31508010690FFE700980168086820F001000860FFE795
S315080106A0FFE7FFE7009901200864002001B07047C1
S315080106B080B586B004900391ADF80A200498006CC1
S315080106C0022803D1FFE702200590A7E00498006CF1
S315080106D001280FD1FFE7039820B1FFE7BDF80A000B
S315080106E018B9FFE70120059098E0049902200864EB
S315080106F0FFE702E00120059090E0FFE70498016A10
S3150801070040F62900C0F6010008640498016A40F61B
S315080107105100C0F6010048640498016A40F6690070
S31508010720C0F60100086504980268006A03992C322C
S31508010730BDF80A30F3F714FC18B1FFE7012005905C
S315080107406CE004980168C86840F48070C860049831
S3150801075000680021C4F2010188423CD0FFE70498F1
S315080107600068B0F1804F36D0FFE70498006840F280
S315080107700041C4F2000188422DD0FFE704980068C1
S3150801078040F60001C4F20001884224D0FFE704982C
S31508010790006840F60041C4F2000188421BD0FFE719
S315080107A00498006840F20041C4F20101884212D05F
S315080107B0FFE70498006841F60001C4F20001884287
S315080107C009D0FFE70498006844F20001C4F2010168
S315080107D0884219D1FFE70498006880680721C0F2AA
S315080107E0010108400190019806280CD0FFE70198FD
S315080107F0B0F5803F07D0FFE704980168086840F024
S3150801080001000860FFE706E004980168086840F0FF
S3150801081001000860FFE700200590FFE7059806B08C
S3150801082080BD00BF00BF00BF80B582B001900198AE
S31508010830C06B00900098006AC06920B9FFE700996B
S3150801084001200864FFE7009804F056FB02B080BD5A
S3150801085080B582B001900198C06B0090009806F0AF
S315080108604FFA02B080BD00BF80B582B001900198F1
S31508010870C06B009001980099496A884206D1FFE742
S3150801088000990120C861009948642DE001980099F2
S31508010890896A884207D1FFE700990220C861009951
S315080108A0012088641FE001980099C96A884207D126
S315080108B0FFE700990420C86100990120C86411E086
S315080108C001980099096B884207D1FFE7009908202A
S315080108D0C86100990120086503E0009901200864B0
S315080108E0FFE7FFE7FFE7FFE7009806F019FA009927
S315080108F00020C86102B080BD80B582B00190019820
S315080109000168C86820F48070C8600198006AF4F725
S3150801091053FBFFE701980068006A41F2111108428A
S3150801092010D1FFE701980068006A40F24441084285
S3150801093007D1FFE701980168086820F001000860FF
S31508010940FFE7FFE7FFE7019901200864002002B0ED
S3150801095080BD00BF00BF00BF80B582B0009000987F
S3150801096018B9FFE70120019035E00098006C38B905
S31508010970FFE700990020C863009800F031F8FFE707
S31508010980009902200864009951F8040BFFF728FC26
S3150801099000990120C866FFE700990120486400997B
S315080109A088640099C86400990865009948650099A2
S315080109B08865FFE7FFE700990120C8650099086681
S315080109C00099486600998866FFE70099012008643E
S315080109D000200190FFE7019802B080BD00BF00BF6B
S315080109E081B0009001B0704780B582B0019001993D
S315080109F002200864FFE701980068006A41F21111B4
S31508010A00084210D1FFE701980068006A40F24441A4
S31508010A10084207D1FFE701980168086820F001003C
S31508010A200860FFE7FFE7FFE7019800F029F8019959
S31508010A300020C866FFE70199002048640199886487
S31508010A400199C864019908650199486501998865FC
S31508010A50FFE7FFE701990020C86501990866019932
S31508010A60486601998866FFE7019900200864FFE74F
S31508010A7001990020C863FFE7002002B080BD00BFCE
S31508010A8081B0009001B0704780B590B00E900D917D
S31508010A900D9820B9FFE70E98406C0B902FE00D9842
S31508010AA0042804D1FFE70E98806C0A9024E00D987B
S31508010AB0082804D1FFE70E98C06C099019E00D9833
S31508010AC00C2804D1FFE70E98006D08900EE00D98EA
S31508010AD0102804D1FFE70E98406D079003E00E98A1
S31508010AE0806D0790FFE707980890FFE70898099037
S31508010AF0FFE709980A90FFE70A980B90FFE70B981A
S31508010B00012803D0FFE701200F90EAE00D9820B9EC
S31508010B10FFE70E990220486433E00D98042805D1B1
S31508010B20FFE70E9902208864069028E00D980828A8
S31508010B3005D1FFE70E990220C86405901CE00D98BF
S31508010B400C2805D1FFE70E9902200865049010E0EC
S31508010B500D98102805D1FFE70E99022048650390E4
S31508010B6004E00E99022088650390FFE70398049034
S31508010B70FFE704980590FFE705980690FFE70698B2
S31508010B80FFE70E9800680D990122019200F0ACF872
S31508010B9001980E9909680022C4F201029142029055
S31508010BA02DD0FFE70E980168012040F20042C4F2F9
S31508010BB001029142029022D0FFE70E9801680120B6
S31508010BC044F20002C4F201029142029017D0FFE7F3
S31508010BD00E980168012044F20042C4F201029142D2
S31508010BE002900CD0FFE70E9800684BF60001CBF691
S31508010BF0FE710844B0FA80F040090290FFE70298B6
S31508010C00C00738B1FFE70E980168486C40F4004008
S31508010C104864FFE70E9800680021C4F20101884282
S31508010C203CD0FFE70E980068B0F1804F36D0FFE759
S31508010C300E98006840F20041C4F2000188422DD0A6
S31508010C40FFE70E98006840F60001C4F200018842E9
S31508010C5024D0FFE70E98006840F60041C4F200016F
S31508010C6088421BD0FFE70E98006840F20041C4F2A3
S31508010C700101884212D0FFE70E98006841F600018B
S31508010C80C4F20001884209D0FFE70E98006844F2D1
S31508010C900001C4F20101884219D1FFE70E980068E4
S31508010CA080680721C0F2010108400C900C980628BB
S31508010CB00CD0FFE70C98B0F5803F07D0FFE70E98F8
S31508010CC00168086840F001000860FFE706E00E9831
S31508010CD00168086840F001000860FFE700200F90EE
S31508010CE0FFE70F9810B080BD84B00390029101927E
S31508010CF0029800F01F01012088400090009A03998C
S31508010D00086A904308620198029901F01F0100FAE6
S31508010D1001F20399086A1043086204B0704700BFDC
S31508010D2080B588B007900691079800680699002251
S31508010D30FFF7DAFF0798016801200022C4F20102D1
S31508010D40914205902DD0FFE707980168012040F2EE
S31508010D500042C4F201029142059022D0FFE70798AA
S31508010D600168012044F20002C4F201029142059091
S31508010D7017D0FFE707980168012044F20042C4F240
S31508010D800102914205900CD0FFE7079800684BF6DF
S31508010D900001CBF6FE710844B0FA80F040090590CF
S31508010DA0FFE70598C007D8B1FFE7FFE7079800688E
S31508010DB0006A41F21111084210D1FFE7079800684D
S31508010DC0006A40F24441084207D1FFE707980168E3
S31508010DD0486C20F400404864FFE7FFE7FFE7FFE7B8
S31508010DE0FFE707980068006A41F21111084210D11D
S31508010DF0FFE707980068006A40F24441084207D1B4
S31508010E00FFE707980168086820F001000860FFE716
S31508010E10FFE7FFE7069820B9FFE70799012048642D
S31508010E2033E00698042805D1FFE70799012088646D
S31508010E30049028E00698082805D1FFE707990120BC
S31508010E40C86403901CE006980C2805D1FFE70799AA
S31508010E5001200865029010E00698102805D1FFE7E1
S31508010E60079901204865019004E0079901208865E2
S31508010E700190FFE701980290FFE702980390FFE7C8
S31508010E8003980490FFE70498FFE7002008B080BDA7
S31508010E9080B592B010900F9100200E900F9820B94E
S31508010EA0FFE71098406C0C902FE00F98042804D1A6
S31508010EB0FFE71098806C0B9024E00F98082804D15E
S31508010EC0FFE71098C06C0A9019E00F980C2804D116
S31508010ED0FFE71098006D09900EE00F98102804D1CD
S31508010EE0FFE71098406D089003E01098806D089010
S31508010EF0FFE708980990FFE709980A90FFE70A981B
S31508010F000B90FFE70B980C90FFE70C98012803D08C
S31508010F10FFE7012011901DE10F9820B9FFE710990D
S31508010F200220486433E00F98042805D1FFE7109999
S31508010F3002208864079028E00F98082805D1FFE762
S31508010F4010990220C86406901CE00F980C2805D158
S31508010F50FFE7109902200865059010E00F98102800
S31508010F6005D1FFE7109902204865049004E010991D
S31508010F70022088650490FFE704980590FFE7059825
S31508010F800690FFE706980790FFE70798FFE70F988F
S31508010F9003900C2825D80399DFE801F007232323BA
S31508010FA00E232323152323231C0010980168C868E0
S31508010FB040F00200C86017E010980168C86840F060
S31508010FC00400C86010E010980168C86840F008007D
S31508010FD0C86009E010980168C86840F01000C86048
S31508010FE002E001200E90FFE70E98002840F0AF803E
S31508010FF0FFE7109800680F9901220192FFF774FE26
S315080110000198109909680022C4F2010291420290DE
S315080110102DD0FFE710980168012040F20042C4F282
S3150801102001029142029022D0FFE71098016801203F
S3150801103044F20002C4F201029142029017D0FFE77E
S3150801104010980168012044F20042C4F2010291425B
S3150801105002900CD0FFE7109800684BF60001CBF61A
S31508011060FE710844B0FA80F040090290FFE7029841
S31508011070C00738B1FFE710980168486C40F4004092
S315080110804864FFE7109800680021C4F2010188420C
S315080110903CD0FFE710980068B0F1804F36D0FFE7E3
S315080110A01098006840F20041C4F2000188422DD030
S315080110B0FFE71098006840F60001C4F20001884273
S315080110C024D0FFE71098006840F60041C4F20001F9
S315080110D088421BD0FFE71098006840F20041C4F22D
S315080110E00101884212D0FFE71098006841F6000115
S315080110F0C4F20001884209D0FFE71098006844F25B
S315080111000001C4F20101884219D1FFE7109800686D
S3150801111080680721C0F2010108400D900D98062844
S315080111200CD0FFE70D98B0F5803F07D0FFE7109880
S315080111300168086840F001000860FFE706E01098BA
S315080111400168086840F001000860FFE7FFE70E98AC
S315080111501190FFE7119812B080BD00BF00BF00BF14
S3150801116080B58AB0099008910020079008980690E2
S315080111700C2825D80699DFE801F0072323230E2337
S315080111802323152323231C0009980168C86820F026
S315080111900200C86017E009980168C86820F00400D1
S315080111A0C86010E009980168C86820F00800C8609E
S315080111B009E009980168C86820F01000C86002E0D3
S315080111C001200790FFE70798002840F0B380FFE762
S315080111D00998006808990022FFF786FD09980168B1
S315080111E001200022C4F20102914205902DD0FFE7A9
S315080111F009980168012040F20042C4F201029142B5
S31508011200059022D0FFE709980168012044F20002FF
S31508011210C4F201029142059017D0FFE709980168C7
S31508011220012044F20042C4F20102914205900CD019
S31508011230FFE7099800684BF60001CBF6FE710844F2
S31508011240B0FA80F040090590FFE70598C007D8B1C4
S31508011250FFE7FFE709980068006A41F211110842A1
S3150801126010D1FFE709980068006A40F24441084234
S3150801127007D1FFE709980168486C20F400404864E3
S31508011280FFE7FFE7FFE7FFE7FFE709980068006A5E
S3150801129041F21111084210D1FFE709980068006A66
S315080112A040F24441084207D1FFE7099801680868F6
S315080112B020F001000860FFE7FFE7FFE7089820B97B
S315080112C0FFE709990120486433E00898042805D105
S315080112D0FFE7099901208864049028E008980828FE
S315080112E005D1FFE709990120C86403901CE0089815
S315080112F00C2805D1FFE7099901200865029010E03D
S315080113000898102805D1FFE7099901204865019039
S3150801131004E00999012088650190FFE70198029088
S31508011320FFE702980390FFE703980490FFE7049804
S31508011330FFE7FFE707980AB080BD00BF00BF00BFFF
S3150801134080B598B0169015911492ADF84E300020DC
S315080113501290159820B9FFE71698406C10902FE067
S315080113601598042804D1FFE71698806C0F9024E09D
S315080113701598082804D1FFE71698C06C0E9019E055
S3150801138015980C2804D1FFE71698006D0D900EE00C
S315080113901598102804D1FFE71698406D0C9003E0C4
S315080113A01698806D0C90FFE70C980D90FFE70D9845
S315080113B00E90FFE70E980F90FFE70F981090FFE742
S315080113C01098022803D1FFE702201790F5E1159836
S315080113D020B9FFE71698406C0B902FE01598042862
S315080113E004D1FFE71698806C0A9024E0159808281E
S315080113F004D1FFE71698C06C099019E015980C28D6
S3150801140004D1FFE71698006D08900EE0159810288C
S3150801141004D1FFE71698406D079003E01698806D92
S315080114200790FFE707980890FFE708980990FFE7F4
S3150801143009980A90FFE70A980B90FFE70B9801288D
S3150801144047D1FFE7149820B1FFE7BDF84E0018B958
S31508011450FFE701201790B0E1159820B9FFE7169923
S315080114600220486433E01598042805D1FFE7169948
S3150801147002208864069028E01598082805D1FFE718
S3150801148016990220C86405901CE015980C2805D108
S31508011490FFE7169902200865049010E015981028B0
S315080114A005D1FFE7169902204865039004E01699CD
S315080114B0022088650390FFE703980490FFE70498E4
S315080114C00590FFE705980690FFE70698FFE7FFE70F
S315080114D002E00120179070E1FFE7159802900C28A9
S315080114E000F2B2800299DFE801F007AFAFAF31AF82
S315080114F0AFAF5BAFAFAF85001698416A41F2C170D5
S31508011500C0F6010008641698416A41F67900C0F6EA
S31508011510010048641698416A40F66900C0F6010060
S31508011520086516980268406A14993432BDF84E3037
S31508011530F2F716FD18B1FFE7012017903DE116985D
S315080115400168C86840F40070C86080E01698816A2E
S3150801155041F2C170C0F6010008641698816A41F625
S315080115607900C0F6010048641698816A40F6690058
S31508011570C0F60100086516980268806A149938321F
S31508011580BDF84E30F2F7ECFC18B1FFE701201790D1
S3150801159013E116980168C86840F48060C86056E08F
S315080115A01698C16A41F2C170C0F60100086416981E
S315080115B0C16A41F67900C0F6010048641698C16A05
S315080115C040F66900C0F60100086516980268C06A07
S315080115D014993C32BDF84E30F2F7C2FC18B1FFE758
S315080115E001201790E9E016980168C86840F4006080
S315080115F0C8602CE01698016B41F2C170C0F6010073
S3150801160008641698016B41F67900C0F60100486432
S315080116101698016B40F66900C0F601000865169830
S315080116200268006B14994032BDF84E30F2F798FC07
S3150801163018B1FFE701201790BFE016980168C8683E
S3150801164040F48050C86002E001201290FFE712982A
S31508011650002840F0AF80FFE7169800681599012227
S315080116600092FFF741FB0098169909680022C4F217
S315080116700102914201902DD0FFE7169801680120D9
S3150801168040F20042C4F201029142019022D0FFE7E2
S3150801169016980168012044F20002C4F2010291423F
S315080116A0019017D0FFE716980168012044F200421D
S315080116B0C4F20102914201900CD0FFE71698006826
S315080116C04BF60001CBF6FE710844B0FA80F04009EA
S315080116D00190FFE70198C00738B1FFE7169801683E
S315080116E0486C40F400404864FFE7169800680021FA
S315080116F0C4F2010188423CD0FFE716980068B0F1B0
S31508011700804F36D0FFE71698006840F20041C4F2D0
S31508011710000188422DD0FFE71698006840F60001BF
S31508011720C4F20001884224D0FFE71698006840F603
S315080117300041C4F2000188421BD0FFE716980068F1
S3150801174040F20041C4F20101884212D0FFE716981F
S31508011750006841F60001C4F20001884209D0FFE79A
S315080117601698006844F20001C4F20101884219D1B1
S31508011770FFE71698006880680721C0F20101084052
S315080117801190119806280CD0FFE71198B0F5803F03
S3150801179007D0FFE716980168086840F0010008605D
S315080117A0FFE706E016980168086840F0010008603E
S315080117B0FFE7FFE712981790FFE7179818B080BD63
S315080117C080B582B001900198C06B0090019800998C
S315080117D0496A88420CD1FFE700990120C86101983E
S315080117E0C06920B9FFE7009901204864FFE739E09D
S315080117F001980099896A88420CD1FFE7009902206D
S31508011800C8610198C06920B9FFE700990120886479
S31508011810FFE726E001980099C96A88420CD1FFE7DB
S3150801182000990420C8610198C06920B9FFE70099A9
S315080118300120C864FFE713E001980099096B884203
S315080118400CD1FFE700990820C8610198C06920B941
S31508011850FFE7009901200865FFE700E0FFE7FFE7DA
S31508011860FFE7FFE7009803F043FB00990020C861F2
S3150801187002B080BD00BF00BF80B582B0019001985B
S31508011880C06B009001980099496A884204D1FFE724
S3150801189000990120C86121E001980099896A884266
S315080118A004D1FFE700990220C86116E00198009962
S315080118B0C96A884204D1FFE700990420C8610BE090
S315080118C001980099096B884204D1FFE7009908201D
S315080118D0C86100E0FFE7FFE7FFE7FFE7009805F0CB
S315080118E017FA00990020C86102B080BD00BF00BF89
S315080118F080B58AB00990089100200790089806904B
S315080119000C2835D80699DFE801F00733333312334B
S3150801191033331D333333280009980168C86820F426
S315080119200070C8600998406AF3F746FB23E00998F6
S315080119300168C86820F48060C8600998806AF3F76E
S315080119403BFB18E009980168C86820F40060C86084
S315080119500998C06AF3F730FB0DE009980168C86871
S3150801196020F48050C8600998006BF3F725FB02E064
S3150801197001200790FFE70798002840F0B380FFE7AA
S315080119800998006808990022FFF7AEF909980168D5
S3150801199001200022C4F20102914205902DD0FFE7F1
S315080119A009980168012040F20042C4F201029142FD
S315080119B0059022D0FFE709980168012044F2000248
S315080119C0C4F201029142059017D0FFE70998016810
S315080119D0012044F20042C4F20102914205900CD062
S315080119E0FFE7099800684BF60001CBF6FE7108443B
S315080119F0B0FA80F040090590FFE70598C007D8B10D
S31508011A00FFE7FFE709980068006A41F211110842E9
S31508011A1010D1FFE709980068006A40F2444108427C
S31508011A2007D1FFE709980168486C20F4004048642B
S31508011A30FFE7FFE7FFE7FFE7FFE709980068006AA6
S31508011A4041F21111084210D1FFE709980068006AAE
S31508011A5040F24441084207D1FFE70998016808683E
S31508011A6020F001000860FFE7FFE7FFE7089820B9C3
S31508011A70FFE709990120486433E00898042805D14D
S31508011A80FFE7099901208864049028E00898082846
S31508011A9005D1FFE709990120C86403901CE008985D
S31508011AA00C2805D1FFE7099901200865029010E085
S31508011AB00898102805D1FFE7099901204865019082
S31508011AC004E00999012088650190FFE701980290D1
S31508011AD0FFE702980390FFE703980490FFE704984D
S31508011AE0FFE7FFE707980AB080BD00BF00BF00BF48
S31508011AF080B582B00090009818B9FFE701200190DF
S31508011B0035E00098006C38B9FFE700990020C863F2
S31508011B10009800F031F8FFE700990220086400995F
S31508011B2051F8040BFEF75CFB00990120C866FFE734
S31508011B30009901204864009988640099C86400994D
S31508011B4008650099486500998865FFE7FFE70099E8
S31508011B500120C86500990866009948660099886653
S31508011B60FFE700990120086400200190FFE701982A
S31508011B7002B080BD00BF00BF81B0009001B07047C0
S31508011B8080B582B00190019902200864FFE70198A7
S31508011B900068006A41F21111084210D1FFE7019865
S31508011BA00068006A40F24441084207D1FFE70198FC
S31508011BB00168086820F001000860FFE7FFE7FFE712
S31508011BC0019800F029F801990020C866FFE70199F4
S31508011BD000204864019988640199C86401990865D7
S31508011BE00199486501998865FFE7FFE70199002092
S31508011BF0C865019908660199486601998866FFE7EB
S31508011C00019900200864FFE701990020C863FFE7EE
S31508011C10002002B080BD00BF81B0009001B07047BE
S31508011C2080B590B00E900D910D9820B9FFE70E98EA
S31508011C30406C0B902FE00D98042804D1FFE70E980D
S31508011C40806C0A9024E00D98082804D1FFE70E98C5
S31508011C50C06C099019E00D980C2804D1FFE70E987D
S31508011C60006D08900EE00D98102804D1FFE70E9834
S31508011C70406D079003E00E98806D0790FFE707987F
S31508011C800890FFE708980990FFE709980A90FFE787
S31508011C900A980B90FFE70B98012803D0FFE701206C
S31508011CA00F90EAE00D9820B9FFE70E9902204864E3
S31508011CB033E00D98042805D1FFE70E9902208864C0
S31508011CC0069028E00D98082805D1FFE70E9902200D
S31508011CD0C86405901CE00D980C2805D1FFE70E99FC
S31508011CE002200865049010E00D98102805D1FFE739
S31508011CF00E9902204865039004E00E990220886532
S31508011D000390FFE703980490FFE704980590FFE71F
S31508011D1005980690FFE70698FFE70E9800680D9963
S31508011D2001220192FEF7E0FF01980E990968002247
S31508011D30C4F20102914202902DD0FFE70E98016884
S31508011D40012040F20042C4F201029142029022D0DF
S31508011D50FFE70E980168012044F20002C4F201026D
S31508011D609142029017D0FFE70E980168012044F2CC
S31508011D700042C4F20102914202900CD0FFE70E988C
S31508011D8000684BF60001CBF6FE710844B0FA80F004
S31508011D9040090290FFE70298C00738B1FFE70E989D
S31508011DA00168486C40F400404864FFE70E980068F3
S31508011DB00021C4F2010188423CD0FFE70E98006871
S31508011DC0B0F1804F36D0FFE70E98006840F2004127
S31508011DD0C4F2000188422DD0FFE70E98006840F64C
S31508011DE00001C4F20001884224D0FFE70E9800687A
S31508011DF040F60041C4F2000188421BD0FFE70E9865
S31508011E00006840F20041C4F20101884212D0FFE79E
S31508011E100E98006841F60001C4F20001884209D013
S31508011E20FFE70E98006844F20001C4F201018842F6
S31508011E3019D1FFE70E98006880680721C0F20101F1
S31508011E4008400C900C9806280CD0FFE70C98B0F5C2
S31508011E50803F07D0FFE70E980168086840F0010047
S31508011E600860FFE706E00E980168086840F001007F
S31508011E700860FFE700200F90FFE70F9810B080BDBC
S31508011E8080B588B0079006910798006806990022E0
S31508011E90FEF72AFF0798016801200022C4F2010211
S31508011EA0914205902DD0FFE707980168012040F27D
S31508011EB00042C4F201029142059022D0FFE7079839
S31508011EC00168012044F20002C4F201029142059020
S31508011ED017D0FFE707980168012044F20042C4F2CF
S31508011EE00102914205900CD0FFE7079800684BF66E
S31508011EF00001CBF6FE710844B0FA80F0400905905E
S31508011F00FFE70598C007D8B1FFE7FFE7079800681C
S31508011F10006A41F21111084210D1FFE707980068DB
S31508011F20006A40F24441084207D1FFE70798016871
S31508011F30486C20F400404864FFE7FFE7FFE7FFE746
S31508011F40FFE707980068006A41F21111084210D1AB
S31508011F50FFE707980068006A40F24441084207D142
S31508011F60FFE707980168086820F001000860FFE7A5
S31508011F70FFE7FFE7069820B9FFE7079901204864BC
S31508011F8033E00698042805D1FFE7079901208864FC
S31508011F90049028E00698082805D1FFE7079901204B
S31508011FA0C86403901CE006980C2805D1FFE7079939
S31508011FB001200865029010E00698102805D1FFE770
S31508011FC0079901204865019004E007990120886571
S31508011FD00190FFE701980290FFE702980390FFE757
S31508011FE003980490FFE70498FFE7002008B080BD36
S31508011FF080B592B010900F9100200E900F9820B9DD
S31508012000FFE71098406C0C902FE00F98042804D134
S31508012010FFE71098806C0B9024E00F98082804D1EC
S31508012020FFE71098C06C0A9019E00F980C2804D1A4
S31508012030FFE71098006D09900EE00F98102804D15B
S31508012040FFE71098406D089003E01098806D08909E
S31508012050FFE708980990FFE709980A90FFE70A98A9
S315080120600B90FFE70B980C90FFE70C98012803D01B
S31508012070FFE7012011901DE10F9820B9FFE710999C
S315080120800220486433E00F98042805D1FFE7109928
S3150801209002208864079028E00F98082805D1FFE7F1
S315080120A010990220C86406901CE00F980C2805D1E7
S315080120B0FFE7109902200865059010E00F9810288F
S315080120C005D1FFE7109902204865049004E01099AC
S315080120D0022088650490FFE704980590FFE70598B4
S315080120E00690FFE706980790FFE70798FFE70F981E
S315080120F003900C2825D80399DFE801F00723232349
S315080121000E232323152323231C0010980168C8686E
S3150801211040F00200C86017E010980168C86840F0EE
S315080121200400C86010E010980168C86840F008000B
S31508012130C86009E010980168C86840F01000C860D6
S3150801214002E001200E90FFE70E98002840F0AF80CC
S31508012150FFE7109800680F9901220192FEF7C4FD66
S315080121600198109909680022C4F20102914202906D
S315080121702DD0FFE710980168012040F20042C4F211
S3150801218001029142029022D0FFE7109801680120CE
S3150801219044F20002C4F201029142029017D0FFE70D
S315080121A010980168012044F20042C4F201029142EA
S315080121B002900CD0FFE7109800684BF60001CBF6A9
S315080121C0FE710844B0FA80F040090290FFE70298D0
S315080121D0C00738B1FFE710980168486C40F4004021
S315080121E04864FFE7109800680021C4F2010188429B
S315080121F03CD0FFE710980068B0F1804F36D0FFE772
S315080122001098006840F20041C4F2000188422DD0BE
S31508012210FFE71098006840F60001C4F20001884201
S3150801222024D0FFE71098006840F60041C4F2000187
S3150801223088421BD0FFE71098006840F20041C4F2BB
S315080122400101884212D0FFE71098006841F60001A3
S31508012250C4F20001884209D0FFE71098006844F2E9
S315080122600001C4F20101884219D1FFE710980068FC
S3150801227080680721C0F2010108400D900D980628D3
S315080122800CD0FFE70D98B0F5803F07D0FFE710980F
S315080122900168086840F001000860FFE706E0109849
S315080122A00168086840F001000860FFE7FFE70E983B
S315080122B01190FFE7119812B080BD00BF00BF00BFA3
S315080122C080B58AB009900891002007900898069071
S315080122D00C2825D80699DFE801F0072323230E23C6
S315080122E02323152323231C0009980168C86820F0B5
S315080122F00200C86017E009980168C86820F0040060
S31508012300C86010E009980168C86820F00800C8602C
S3150801231009E009980168C86820F01000C86002E061
S3150801232001200790FFE70798002840F0B380FFE7F0
S315080123300998006808990022FEF7D6FC09980168F1
S3150801234001200022C4F20102914205902DD0FFE737
S3150801235009980168012040F20042C4F20102914243
S31508012360059022D0FFE709980168012044F200028E
S31508012370C4F201029142059017D0FFE70998016856
S31508012380012044F20042C4F20102914205900CD0A8
S31508012390FFE7099800684BF60001CBF6FE71084481
S315080123A0B0FA80F040090590FFE70598C007D8B153
S315080123B0FFE7FFE709980068006A41F21111084230
S315080123C010D1FFE709980068006A40F244410842C3
S315080123D007D1FFE709980168486C20F40040486472
S315080123E0FFE7FFE7FFE7FFE7FFE709980068006AED
S315080123F041F21111084210D1FFE709980068006AF5
S3150801240040F24441084207D1FFE709980168086884
S3150801241020F001000860FFE7FFE7FFE7089820B909
S31508012420FFE709990120486433E00898042805D193
S31508012430FFE7099901208864049028E0089808288C
S3150801244005D1FFE709990120C86403901CE00898A3
S315080124500C2805D1FFE7099901200865029010E0CB
S315080124600898102805D1FFE70999012048650190C8
S3150801247004E00999012088650190FFE70198029017
S31508012480FFE702980390FFE703980490FFE7049893
S31508012490FFE7FFE707980AB080BD00BF00BF00BF8E
S315080124A080B598B0169015911492ADF84E3000206B
S315080124B01290159820B9FFE71698406C10902FE0F6
S315080124C01598042804D1FFE71698806C0F9024E02C
S315080124D01598082804D1FFE71698C06C0E9019E0E4
S315080124E015980C2804D1FFE71698006D0D900EE09B
S315080124F01598102804D1FFE71698406D0C9003E053
S315080125001698806D0C90FFE70C980D90FFE70D98D3
S315080125100E90FFE70E980F90FFE70F981090FFE7D0
S315080125201098022803D1FFE702201790F5E11598C4
S3150801253020B9FFE71698406C0B902FE015980428F0
S3150801254004D1FFE71698806C0A9024E015980828AC
S3150801255004D1FFE71698C06C099019E015980C2864
S3150801256004D1FFE71698006D08900EE0159810281B
S3150801257004D1FFE71698406D079003E01698806D21
S315080125800790FFE707980890FFE708980990FFE783
S3150801259009980A90FFE70A980B90FFE70B9801281C
S315080125A047D1FFE7149820B1FFE7BDF84E0018B9E7
S315080125B0FFE701201790B0E1159820B9FFE71699B2
S315080125C00220486433E01598042805D1FFE71699D7
S315080125D002208864069028E01598082805D1FFE7A7
S315080125E016990220C86405901CE015980C2805D197
S315080125F0FFE7169902200865049010E0159810283F
S3150801260005D1FFE7169902204865039004E016995B
S31508012610022088650390FFE703980490FFE7049872
S315080126200590FFE705980690FFE70698FFE7FFE79D
S3150801263002E00120179070E1FFE7159802900C2837
S3150801264000F2B2800299DFE801F007AFAFAF31AF10
S31508012650AFAF5BAFAFAF85001698416A41F2C17063
S31508012660C0F6010008641698416A41F67900C0F679
S31508012670010048641698416A40F66900C0F60100EF
S31508012680086516980268406A14993432BDF84E30C6
S31508012690F1F766FC18B1FFE7012017903DE116989E
S315080126A00168C86840F40070C86080E01698816ABD
S315080126B041F2C170C0F6010008641698816A41F6B4
S315080126C07900C0F6010048641698816A40F66900E7
S315080126D0C0F60100086516980268806A14993832AE
S315080126E0BDF84E30F1F73CFC18B1FFE70120179011
S315080126F013E116980168C86840F48060C86056E01E
S315080127001698C16A41F2C170C0F6010008641698AC
S31508012710C16A41F67900C0F6010048641698C16A93
S3150801272040F66900C0F60100086516980268C06A95
S3150801273014993C32BDF84E30F1F712FC18B1FFE797
S3150801274001201790E9E016980168C86840F400600E
S31508012750C8602CE01698016B41F2C170C0F6010001
S3150801276008641698016B41F67900C0F601004864C1
S315080127701698016B40F66900C0F6010008651698BF
S315080127800268006B14994032BDF84E30F1F7E8FB48
S3150801279018B1FFE701201790BFE016980168C868CD
S315080127A040F48050C86002E001201290FFE71298B9
S315080127B0002840F0AF80FFE71698006815990122B6
S315080127C00092FEF791FA0098169909680022C4F258
S315080127D00102914201902DD0FFE716980168012068
S315080127E040F20042C4F201029142019022D0FFE771
S315080127F016980168012044F20002C4F201029142CE
S31508012800019017D0FFE716980168012044F20042AB
S31508012810C4F20102914201900CD0FFE716980068B4
S315080128204BF60001CBF6FE710844B0FA80F0400978
S315080128300190FFE70198C00738B1FFE716980168CC
S31508012840486C40F400404864FFE716980068002188
S31508012850C4F2010188423CD0FFE716980068B0F13E
S31508012860804F36D0FFE71698006840F20041C4F25F
S31508012870000188422DD0FFE71698006840F600014E
S31508012880C4F20001884224D0FFE71698006840F692
S315080128900041C4F2000188421BD0FFE71698006880
S315080128A040F20041C4F20101884212D0FFE71698AE
S315080128B0006841F60001C4F20001884209D0FFE729
S315080128C01698006844F20001C4F20101884219D140
S315080128D0FFE71698006880680721C0F201010840E1
S315080128E01190119806280CD0FFE71198B0F5803F92
S315080128F007D0FFE716980168086840F001000860EC
S31508012900FFE706E016980168086840F001000860CC
S31508012910FFE7FFE712981790FFE7179818B080BDF1
S3150801292080B58AB00990089100200790089806900A
S315080129300C2835D80699DFE801F00733333312330B
S3150801294033331D333333280009980168C86820F4E6
S315080129500070C8600998406AF2F72EFB23E00998CF
S315080129600168C86820F48060C8600998806AF2F72F
S3150801297023FB18E009980168C86820F40060C8605C
S315080129800998C06AF2F718FB0DE009980168C8684A
S3150801299020F48050C8600998006BF2F70DFB02E03D
S315080129A001200790FFE70798002840F0B380FFE76A
S315080129B00998006808990022FEF796F909980168AE
S315080129C001200022C4F20102914205902DD0FFE7B1
S315080129D009980168012040F20042C4F201029142BD
S315080129E0059022D0FFE709980168012044F2000208
S315080129F0C4F201029142059017D0FFE709980168D0
S31508012A00012044F20042C4F20102914205900CD021
S31508012A10FFE7099800684BF60001CBF6FE710844FA
S31508012A20B0FA80F040090590FFE70598C007D8B1CC
S31508012A30FFE7FFE709980068006A41F211110842A9
S31508012A4010D1FFE709980068006A40F2444108423C
S31508012A5007D1FFE709980168486C20F400404864EB
S31508012A60FFE7FFE7FFE7FFE7FFE709980068006A66
S31508012A7041F21111084210D1FFE709980068006A6E
S31508012A8040F24441084207D1FFE7099801680868FE
S31508012A9020F001000860FFE7FFE7FFE7089820B983
S31508012AA0FFE709990120486433E00898042805D10D
S31508012AB0FFE7099901208864049028E00898082806
S31508012AC005D1FFE709990120C86403901CE008981D
S31508012AD00C2805D1FFE7099901200865029010E045
S31508012AE00898102805D1FFE7099901204865019042
S31508012AF004E00999012088650190FFE70198029091
S31508012B00FFE702980390FFE703980490FFE704980C
S31508012B10FFE7FFE707980AB080BD00BF00BF00BF07
S31508012B2080B582B00090009818B9FFE7012001909E
S31508012B3035E00098006C38B9FFE700990020C863B2
S31508012B40009800F031F8FFE700990220086400991F
S31508012B5051F8040BFDF744FB00990120C866FFE70D
S31508012B60009901204864009988640099C86400990D
S31508012B7008650099486500998865FFE7FFE70099A8
S31508012B800120C86500990866009948660099886613
S31508012B90FFE700990120086400200190FFE70198EA
S31508012BA002B080BD00BF00BF81B0009001B0704780
S31508012BB080B582B00190019902200864FFE7019867
S31508012BC00068006A41F21111084210D1FFE7019825
S31508012BD00068006A40F24441084207D1FFE70198BC
S31508012BE00168086820F001000860FFE7FFE7FFE7D2
S31508012BF0019800F029F801990020C866FFE70199B4
S31508012C0000204864019988640199C8640199086596
S31508012C100199486501998865FFE7FFE70199002051
S31508012C20C865019908660199486601998866FFE7AA
S31508012C30019900200864FFE701990020C863FFE7AE
S31508012C40002002B080BD00BF81B0009001B070477E
S31508012C5080B594B012901191119820B9FFE7129896
S31508012C60406C0D902FE01198042804D1FFE71298C3
S31508012C70806C0C9024E01198082804D1FFE712987B
S31508012C80C06C0B9019E011980C2804D1FFE7129833
S31508012C90006D0A900EE01198102804D1FFE71298EA
S31508012CA0406D099003E01298806D0990FFE7099835
S31508012CB00A90FFE70A980B90FFE70B980C90FFE73D
S31508012CC00C980D90FFE70D980F90119820B9FFE722
S31508012CD01298C06D089019E01198042804D1FFE7ED
S31508012CE01298006E07900EE01198082804D1FFE7A4
S31508012CF01298406E069003E01298806E0690FFE7E0
S31508012D0006980790FFE707980890FFE708980E903E
S31508012D100F98012804D1FFE70E98012803D0FFE791
S31508012D2001201390CAE0119820B9FFE712990220F1
S31508012D30486433E01198042805D1FFE71299022067
S31508012D408864059028E01198082805D1FFE71299AB
S31508012D500220C86404901CE011980C2805D1FFE7ED
S31508012D60129902200865039010E01198102805D1E0
S31508012D70FFE7129902204865029004E012990220A1
S31508012D8088650290FFE702980390FFE7039804908D
S31508012D90FFE704980590FFE70598FFE7119820B922
S31508012DA0FFE712990220C8651BE01198042805D18E
S31508012DB0FFE7129902200866019010E01198082889
S31508012DC005D1FFE7129902204866009004E012999E
S31508012DD0022088660090FFE700980190FFE70198B6
S31508012DE0FFE71298006811990122FDF77DFF1298F5
S31508012DF000680021C4F2010188423CD0FFE712981D
S31508012E000068B0F1804F36D0FFE71298006840F2AB
S31508012E100041C4F2000188422DD0FFE712980068EC
S31508012E2040F60001C4F20001884224D0FFE7129857
S31508012E30006840F60041C4F2000188421BD0FFE752
S31508012E401298006840F20041C4F20101884212D08A
S31508012E50FFE71298006841F60001C4F200018842B2
S31508012E6009D0FFE71298006844F20001C4F2010193
S31508012E70884219D1FFE71298006880680721C0F2D5
S31508012E80010108401090109806280CD0FFE7109809
S31508012E90B0F5803F07D0FFE712980168086840F04F
S31508012EA001000860FFE706E012980168086840F02B
S31508012EB001000860FFE700201390FFE7139814B09C
S31508012EC080BD00BF00BF00BF80B588B007900691DE
S31508012ED00798006806990022FDF706FFFFE707989D
S31508012EE00068006A41F21111084210D1FFE70798FC
S31508012EF00068006A40F24441084207D1FFE7079893
S31508012F000168086820F001000860FFE7FFE7FFE7AE
S31508012F10069820B9FFE707990120486433E0069827
S31508012F20042805D1FFE7079901208864059028E060
S31508012F300698082805D1FFE707990120C864049077
S31508012F401CE006980C2805D1FFE7079901200865BA
S31508012F50039010E00698102805D1FFE7079901208C
S31508012F604865029004E00799012088650290FFE709
S31508012F7002980390FFE703980490FFE704980590E9
S31508012F80FFE70598FFE7069820B9FFE707990120AB
S31508012F90C8651BE00698042805D1FFE707990120B3
S31508012FA00866019010E00698082805D1FFE70799F9
S31508012FB001204866009004E0079901208866009080
S31508012FC0FFE700980190FFE70198FFE7002008B0A6
S31508012FD080BD00BF00BF00BF80B596B014901391A5
S31508012FE000201290139820B9FFE71498406C0E90B0
S31508012FF02FE01398042804D1FFE71498806C0D90EC
S3150801300024E01398082804D1FFE71498C06C0C90A3
S3150801301019E013980C2804D1FFE71498006D0B905A
S315080130200EE01398102804D1FFE71498406D0A9012
S3150801303003E01498806D0A90FFE70A980B90FFE762
S315080130400B980C90FFE70C980D90FFE70D980E90E2
S31508013050FFE70E981090139820B9FFE71498C06DF2
S31508013060099019E01398042804D1FFE71498006E13
S3150801307008900EE01398082804D1FFE71498406ECB
S31508013080079003E01498806E0790FFE70798089069
S31508013090FFE708980990FFE709980F90109801280B
S315080130A004D1FFE70F98012803D0FFE70120159007
S315080130B0FCE0139820B9FFE714990220486433E02D
S315080130C01398042805D1FFE714990220886406900D
S315080130D028E01398082805D1FFE714990220C86447
S315080130E005901CE013980C2805D1FFE714990220D6
S315080130F00865049010E01398102805D1FFE7149984
S3150801310002204865039004E014990220886503901B
S31508013110FFE703980490FFE704980590FFE70598F1
S315080131200690FFE70698FFE7139820B9FFE7149979
S315080131300220C8651BE01398042805D1FFE71499F6
S3150801314002200866029010E01398082805D1FFE7C7
S31508013150149902204866019004E0149902208866B1
S315080131600190FFE701980290FFE70298FFE713989D
S3150801317000900C2825D80099DFE801F007232323BE
S315080131800E232323152323231C0014980168C868DA
S3150801319040F00200C86017E014980168C86840F05A
S315080131A00400C86010E014980168C86840F0080077
S315080131B0C86009E014980168C86840F01000C86042
S315080131C002E001201290FFE7129800286BD1FFE771
S315080131D01498006813990122FDF786FD1498006872
S315080131E00021C4F2010188423CD0FFE71498006827
S315080131F0B0F1804F36D0FFE71498006840F20041DD
S31508013200C4F2000188422DD0FFE71498006840F601
S315080132100001C4F20001884224D0FFE7149800682F
S3150801322040F60041C4F2000188421BD0FFE714981A
S31508013230006840F20041C4F20101884212D0FFE75A
S315080132401498006841F60001C4F20001884209D0C9
S31508013250FFE71498006844F20001C4F201018842AC
S3150801326019D1FFE71498006880680721C0F20101A7
S3150801327008401190119806280CD0FFE71198B0F56F
S31508013280803F07D0FFE714980168086840F00100FD
S315080132900860FFE706E014980168086840F0010035
S315080132A00860FFE7FFE712981590FFE7159816B033
S315080132B080BD00BF00BF00BF80B58AB009900891E4
S315080132C000200790089806900C2825D80699DFE86B
S315080132D001F0072323230E232323152323231C006D
S315080132E009980168C86820F00200C86017E00998C3
S315080132F00168C86820F00400C86010E009980168F0
S31508013300C86820F00800C86009E009980168C8681B
S3150801331020F01000C86002E001200790FFE7079837
S31508013320002840F08080FFE7099800680899002284
S31508013330FDF7DAFCFFE709980068006A41F2111106
S31508013340084210D1FFE709980068006A40F2444133
S31508013350084207D1FFE709980168086820F00100CB
S315080133600860FFE7FFE7FFE7089820B9FFE7099933
S315080133700120486433E00898042805D1FFE7099934
S3150801338001208864059028E00898082805D1FFE7F8
S3150801339009990120C86404901CE008980C2805D1F5
S315080133A0FFE7099901200865039010E0089810289D
S315080133B005D1FFE7099901204865029004E00999BA
S315080133C0012088650290FFE702980390FFE70398BA
S315080133D00490FFE704980590FFE70598FFE708982A
S315080133E020B9FFE709990120C8651BE00898042858
S315080133F005D1FFE7099901200866019010E00898B0
S31508013400082805D1FFE7099901204866009004E0DC
S315080134100999012088660090FFE700980190FFE767
S315080134200198FFE7FFE707980AB080BD00BF00BF14
S3150801343080B598B0169015911492ADF84E300020CB
S315080134401290159820B9FFE71698406C0E902FE058
S315080134501598042804D1FFE71698806C0D9024E08E
S315080134601598082804D1FFE71698C06C0C9019E046
S3150801347015980C2804D1FFE71698006D0B900EE0FD
S315080134801598102804D1FFE71698406D0A9003E0B5
S315080134901698806D0A90FFE70A980B90FFE70B983C
S315080134A00C90FFE70C980D90FFE70D980E90FFE73B
S315080134B00E981090159820B9FFE71698C06D0990D7
S315080134C019E01598042804D1FFE71698006E0890AC
S315080134D00EE01598082804D1FFE71698406E079064
S315080134E003E01698806E0790FFE707980890FFE7B4
S315080134F008980990FFE709980F901098022804D0B8
S31508013500FFE70F98022803D1FFE7022017909CE1F5
S31508013510109801286ED1FFE70F9801286AD1FFE7B5
S31508013520149820B1FFE7BDF84E0018B9FFE701204E
S3150801353017908AE1159820B9FFE716990220486481
S3150801354033E01598042805D1FFE716990220886407
S31508013550069028E01598082805D1FFE71699022054
S31508013560C86405901CE015980C2805D1FFE7169943
S3150801357002200865049010E01598102805D1FFE788
S31508013580169902204865039004E016990220886579
S315080135900390FFE703980490FFE704980590FFE777
S315080135A005980690FFE70698FFE7159820B9FFE703
S315080135B016990220C8651BE01598042805D1FFE76E
S315080135C0169902200866029010E01598082805D178
S315080135D0FFE7169902204866019004E01699022031
S315080135E088660190FFE701980290FFE70298FFE7D6
S315080135F0FFE702E00120179027E1FFE71698006828
S3150801360015990122FDF770FB159800900C2800F218
S31508013610B2800099DFE801F007AFAFAF31AFAFAFC6
S315080136205BAFAFAF85001698416A43F65100C0F605
S31508013630010008641698416A43F61910C0F601009C
S3150801364048641698416A40F66900C0F601000865A3
S3150801365016980168406A3431149ABDF84E30F0F76D
S315080136607FFC18B1FFE701201790EEE01698016874
S31508013670C86840F40070C86080E01698816A43F60D
S315080136805100C0F6010008641698816A43F61910BC
S31508013690C0F6010048641698816A40F66900C0F6CA
S315080136A00100086516980168806A3831149ABDF8D0
S315080136B04E30F0F755FC18B1FFE701201790C4E02A
S315080136C016980168C86840F48060C86056E0169884
S315080136D0C16A43F65100C0F6010008641698C16A2A
S315080136E043F61910C0F6010048641698C16A40F6F7
S315080136F06900C0F60100086516980168C06A3C3180
S31508013700149ABDF84E30F0F72BFC18B1FFE70120EB
S3150801371017909AE016980168C86840F40060C86076
S315080137202CE01698016B43F65100C0F601000864B7
S315080137301698016B43F61910C0F6010048641698ED
S31508013740016B40F66900C0F6010008651698016824
S31508013750006B4031149ABDF84E30F0F701FC18B1F0
S31508013760FFE70120179070E016980168C86840F4D1
S315080137708050C86002E001201290FFE716980068A1
S315080137800021C4F2010188423CD0FFE7169800687F
S31508013790B0F1804F36D0FFE71698006840F2004135
S315080137A0C4F2000188422DD0FFE71698006840F65A
S315080137B00001C4F20001884224D0FFE71698006888
S315080137C040F60041C4F2000188421BD0FFE7169873
S315080137D0006840F20041C4F20101884212D0FFE7B5
S315080137E01698006841F60001C4F20001884209D022
S315080137F0FFE71698006844F20001C4F20101884205
S3150801380019D1FFE71698006880680721C0F20101FF
S3150801381008401190119806280CD0FFE71198B0F5C9
S31508013820803F07D0FFE716980168086840F0010055
S315080138300860FFE706E016980168086840F001008D
S315080138400860FFE712981790FFE7179818B080BD30
S3150801385080B582B001900198C06B009001980099DB
S31508013860496A88420ED1FFE700990120C86101988B
S31508013870C06930B9FFE70099012048640099C86515
S31508013880FFE73FE001980099896A88420ED1FFE770
S3150801389000990220C8610198C06930B9FFE700990B
S315080138A00120886400990866FFE72AE001980099D3
S315080138B0C96A88420ED1FFE700990420C8610198B8
S315080138C0C06930B9FFE700990120C86400994866C4
S315080138D0FFE715E001980099096B88420ED1FFE7C9
S315080138E000990820C8610198C06930B9FFE70099B5
S315080138F00120086500998866FFE700E0FFE7FFE712
S31508013900FFE7FFE7009801F0EBFA00990020C8618C
S3150801391002B080BD00BF00BF80B582B0019001989A
S31508013920C06B009001980099496A884204D1FFE763
S3150801393000990120C86121E001980099896A8842A5
S3150801394004D1FFE700990220C86116E001980099A1
S31508013950C96A884204D1FFE700990420C8610BE0CF
S3150801396001980099096B884204D1FFE7009908205C
S31508013970C86100E0FFE7FFE7FFE7FFE7009803F00C
S31508013980C3F900990020C86102B080BD00BF00BF1D
S3150801399080B58AB0099008910022079209980068B3
S315080139A00899FDF7A1F9089806900C2835D80699C3
S315080139B0DFE801F007333333123333331D3333333F
S315080139C0280009980168C86820F40070C860099839
S315080139D0406AF1F7F1FA23E009980168C86820F40A
S315080139E08060C8600998806AF1F7E6FA18E00998D4
S315080139F00168C86820F40060C8600998C06AF1F7D0
S31508013A00DBFA0DE009980168C86820F48050C8609F
S31508013A100998006BF1F7D0FA02E001200790FFE759
S31508013A200798002879D1FFE7FFE709980068006A37
S31508013A3041F21111084210D1FFE709980068006A9E
S31508013A4040F24441084207D1FFE70998016808682E
S31508013A5020F001000860FFE7FFE7FFE7089820B9B3
S31508013A60FFE709990120486433E00898042805D13D
S31508013A70FFE7099901208864059028E00898082835
S31508013A8005D1FFE709990120C86404901CE008984C
S31508013A900C2805D1FFE7099901200865039010E074
S31508013AA00898102805D1FFE7099901204865029071
S31508013AB004E00999012088650290FFE702980390BE
S31508013AC0FFE703980490FFE704980590FFE7059838
S31508013AD0FFE7089820B9FFE709990120C8651BE0A7
S31508013AE00898042805D1FFE709990120086601907D
S31508013AF010E00898082805D1FFE7099901204866CA
S31508013B00009004E00999012088660090FFE7009873
S31508013B100190FFE70198FFE7FFE707980AB080BD24
S31508013B2080B584B002900191029818B9FFE7012087
S31508013B3003902EE00298006C38B9FFE7029900203D
S31508013B40C863029800F028F8FFE702990220086482
S31508013B50029951F8040BFCF743FB029801680868BF
S31508013B6020F008000860019A029801680868104365
S31508013B70086002990120C866029948640299886416
S31508013B800299C8650299086602990864002003909B
S31508013B90FFE7039804B080BD81B0009001B070477B
S31508013BA080B582B00190019902200864FFE7019867
S31508013BB00068006A41F21111084210D1FFE7019825
S31508013BC00068006A40F24441084207D1FFE70198BC
S31508013BD00168086820F001000860FFE7FFE7FFE7D2
S31508013BE0019800F015F801990020C8660199486402
S31508013BF0019988640199C86501990866019908645B
S31508013C00FFE701990020C863FFE7002002B080BDE5
S31508013C1081B0009001B0704780B58AB008900791CD
S31508013C200898406C06900898806C05900898C06DB5
S31508013C3004900898006E0390069801280CD1FFE7B6
S31508013C400598012808D1FFE70498012804D1FFE760
S31508013C500398012803D0FFE7012009905AE0089943
S31508013C6002204864089988640899C865089908660D
S31508013C7008980068002101220192FDF735F8019A9A
S31508013C80089800680421FDF72FF801980899096832
S31508013C900022C4F20102914202902DD0FFE7089852
S31508013CA00168012040F20042C4F2010291420290E9
S31508013CB022D0FFE708980168012044F20002C4F205
S31508013CC001029142029017D0FFE708980168012086
S31508013CD044F20042C4F20102914202900CD0FFE77D
S31508013CE0089800684BF60001CBF6FE710844B0FA55
S31508013CF080F040090290FFE70298C00738B1FFE754
S31508013D0008980168486C40F400404864FFE70020C1
S31508013D100990FFE709980AB080BD00BF00BF00BF40
S31508013D2080B584B00390029103980068002200923E
S31508013D301146FCF7D9FF009A039800680421FCF79D
S31508013D40D3FF0398016801200022C4F201029142BF
S31508013D5001902DD0FFE703980168012040F2004247
S31508013D60C4F201029142019022D0FFE7039801684B
S31508013D70012044F20002C4F201029142019017D0D7
S31508013D80FFE703980168012044F20042C4F20102E8
S31508013D90914201900CD0FFE7039800684BF60001A9
S31508013DA0CBF6FE710844B0FA80F040090190FFE7AE
S31508013DB00198C007D8B1FFE7FFE703980068006AD2
S31508013DC041F21111084210D1FFE703980068006A11
S31508013DD040F24441084207D1FFE703980168486C5D
S31508013DE020F400404864FFE7FFE7FFE7FFE7FFE746
S31508013DF003980068006A41F21111084210D1FFE7E1
S31508013E0003980068006A40F24441084207D1FFE777
S31508013E1003980168086820F001000860FFE7FFE7DA
S31508013E20FFE7039901204864039988640399C865E3
S31508013E3003990866002004B080BD00BF00BF00BF1B
S31508013E4080B58AB0089007910898406C0690089842
S31508013E50806C05900898C06D04900898006E0390D0
S31508013E60069801280CD1FFE70598012808D1FFE734
S31508013E700498012804D1FFE70398012803D0FFE736
S31508013E800120099066E00899022048640899886427
S31508013E900899C8650899086608980168C86840F0CD
S31508013EA00200C86008980168C86840F00400C86044
S31508013EB008980068002101220192FCF715FF019A72
S31508013EC0089800680421FCF70FFF0198089909680A
S31508013ED00022C4F20102914202902DD0FFE7089810
S31508013EE00168012040F20042C4F2010291420290A7
S31508013EF022D0FFE708980168012044F20002C4F2C3
S31508013F0001029142029017D0FFE708980168012043
S31508013F1044F20042C4F20102914202900CD0FFE73A
S31508013F20089800684BF60001CBF6FE710844B0FA12
S31508013F3080F040090290FFE70298C00738B1FFE711
S31508013F4008980168486C40F400404864FFE700207F
S31508013F500990FFE709980AB080BD00BF00BF00BFFE
S31508013F6080B584B00390029103980168C86820F06F
S31508013F700200C86003980168C86820F00400C86098
S31508013F8003980068002200921146FCF7ADFE009ADC
S31508013F90039800680421FCF7A7FE0398016801202D
S31508013FA00022C4F20102914201902DD0FFE7039845
S31508013FB00168012040F20042C4F2010291420190D7
S31508013FC022D0FFE703980168012044F20002C4F2F7
S31508013FD001029142019017D0FFE703980168012079
S31508013FE044F20042C4F20102914201900CD0FFE76B
S31508013FF0039800684BF60001CBF6FE710844B0FA47
S3150801400080F040090190FFE70198C007D8B1FFE7A2
S31508014010FFE703980068006A41F21111084210D1BE
S31508014020FFE703980068006A40F24441084207D155
S31508014030FFE703980168486C20F400404864FFE7ED
S31508014040FFE7FFE7FFE7FFE703980068006A41F229
S315080140501111084210D1FFE703980068006A40F27F
S315080140604441084207D1FFE703980168086820F030
S3150801407001000860FFE7FFE7FFE7039901204864AD
S31508014080039988640399C86503990866002004B0F2
S3150801409080BD00BF00BF00BF80B586B00490039104
S315080140A0049818B9FFE70120059080E00498006C90
S315080140B038B9FFE704990020C8630498ECF738FE7D
S315080140C0FFE70499022008640498016888684BF69A
S315080140D0F872CFF6FE7210408860049951F8040B05
S315080140E0FCF77EF8049800688068029004980068D6
S315080140F08069019004980068006A00900398016835
S31508014100029808430290019840F2033188430190CE
S3150801411003998868896940EA012101980843019051
S31508014120019840F60C418843019001984FF2F0013D
S31508014130884301900399C868C96940EA0121019831
S315080141400843019003990869096A000140EA0131A7
S31508014150019808430190009820F0220000900098E9
S3150801416020F08800009003994868496940EA0111DE
S315080141700098084300900298049909688860019894
S31508014180049909688861009804990968086204997C
S315080141900120C86604994864049988640499C86525
S315080141A0049908660499086400200590FFE70598B4
S315080141B006B080BD00BF00BF81B0009001B0704756
S315080141C080B582B00190019902200864FFE7019841
S315080141D00068006A41F21111084210D1FFE70198FF
S315080141E00068006A40F24441084207D1FFE7019896
S315080141F00168086820F001000860FFE7FFE7FFE7AC
S315080142000198ECF7D5FD01990020C8660199486423
S31508014210019988640199C865019908660199086434
S31508014220FFE701990020C863FFE7002002B080BDBF
S3150801423081B0009001B0704780B58AB008900791A7
S315080142400898406C06900898806C05900898C06D8F
S3150801425004900898006E0390079890B9FFE70698AE
S31508014260012804D1FFE70498012803D0FFE70120BC
S31508014270099068E00899022048640899C865FFE72B
S3150801428034E00798042812D1FFE70598012804D1DC
S31508014290FFE70398012803D0FFE70120099052E0C0
S315080142A008990220886408990866FFE71DE00698C0
S315080142B001280CD1FFE70598012808D1FFE70498E2
S315080142C0012804D1FFE70398012803D0FFE701205D
S315080142D0099038E008990220486408998864089981
S315080142E0C86508990866FFE7FFE7FFE707980290A0
S315080142F020B1FFE70298042807D00DE00898006866
S3150801430000210122FCF7F0FC14E00898006804215A
S315080143100122FCF7E9FC0DE008980068002101225A
S315080143200192FCF7E1FC019A089800680421FCF760
S31508014330DBFCFFE708980168086840F0010008609F
S3150801434000200990FFE709980AB080BD00BF00BFA9
S3150801435080B58AB0099008910898079020B1FFE7BF
S315080143600798042807D00DE009980068002211462D
S31508014370FCF7BAFC14E00998006804210022FCF74E
S31508014380B3FC0DE009980068002206921146FCF775
S31508014390ABFC069A099800680421FCF7A5FCFFE71F
S315080143A0FFE709980068006A41F21111084210D125
S315080143B0FFE709980068006A40F24441084207D1BC
S315080143C0FFE709980168086820F001000860FFE71F
S315080143D0FFE7FFE7089820B1FFE7089804285FD1AF
S315080143E0FFE7089820B9FFE709990120486433E0F7
S315080143F00898042805D1FFE70999012088640590E2
S3150801440028E00898082805D1FFE709990120C8641A
S3150801441004901CE008980C2805D1FFE709990120AA
S315080144200865039010E00898102805D1FFE7099957
S3150801443001204865029004E00999012088650290E7
S31508014440FFE702980390FFE703980490FFE70498B3
S315080144500590FFE70598FFE7089820B9FFE709994E
S315080144600120C8651BE00898042805D1FFE70999CA
S3150801447001200866019010E00898082805D1FFE791
S31508014480099901204866009004E009990120886687
S315080144900090FFE700980190FFE70198FFE709E020
S315080144A0099901204864099988640999C86509998F
S315080144B00866FFE700200AB080BD00BF00BF00BF45
S315080144C080B58AB0089007910898406C06900898BC
S315080144D0806C05900898C06D04900898006E03904A
S315080144E0079890B9FFE70698012804D1FFE70498D1
S315080144F0012803D0FFE70120099080E008990220EE
S3150801450048640899C865FFE734E00798042812D17A
S31508014510FFE70598012804D1FFE70398012803D08E
S31508014520FFE7012009906AE0089902208864089942
S315080145300866FFE71DE0069801280CD1FFE70598F4
S31508014540012808D1FFE70498012804D1FFE7039859
S31508014550012803D0FFE70120099050E008990220BD
S315080145604864089988640899C86508990866FFE740
S31508014570FFE7FFE70798029020B1FFE702980428B2
S315080145800DD019E00898006800210122FCF7ACFB60
S3150801459008980168C86840F00200C86026E00898D3
S315080145A0006804210122FCF79FFB08980168C86886
S315080145B040F00400C86019E008980068002101224B
S315080145C00192FCF791FB019A089800680421FCF70F
S315080145D08BFB08980168C86840F00200C860089813
S315080145E00168C86840F00400C860FFE708980168D8
S315080145F0086840F00100086000200990FFE7099863
S315080146000AB080BD00BF00BF80B58AB00990089185
S31508014610089868B9FFE70998006800221146FCF76F
S3150801462063FB09980168C86820F00200C8602BE09E
S31508014630089804280DD1FFE709980068042100228B
S31508014640FCF752FB09980168C86820F00400C860A5
S3150801465019E009980068002207921146FCF744FB05
S31508014660079A099800680421FCF73EFB0998016836
S31508014670C86820F00200C86009980168C86820F077
S315080146800400C860FFE7FFE7FFE709980068006ACA
S3150801469041F21111084210D1FFE709980068006A32
S315080146A040F24441084207D1FFE7099801680868C2
S315080146B020F001000860FFE7FFE7FFE7089820B14F
S315080146C0FFE7089804285FD1FFE7089820B9FFE7B4
S315080146D009990120486433E00898042805D1FFE7C1
S315080146E0099901208864069028E00898082805D1C8
S315080146F0FFE709990120C86405901CE008980C2871
S3150801470005D1FFE7099901200865049010E008988A
S31508014710102805D1FFE7099901204865039004E0AF
S315080147200999012088650390FFE703980490FFE73C
S3150801473004980590FFE705980690FFE70698FFE7B6
S31508014740089820B9FFE709990120C8651BE0089870
S31508014750042805D1FFE7099901200866029010E0AF
S315080147600898082805D1FFE70999012048660190AC
S3150801477004E00999012088660190FFE701980290F3
S31508014780FFE70298FFE709E00999012048640999BA
S3150801479088640999C86509990866FFE700200AB07F
S315080147A080BD00BF00BF00BF80B58CB084460E989F
S315080147B0CDF828C0099108920793ADF81A000A980E
S315080147C0406C05900A98806C04900A98C06D039015
S315080147D00A98006E0290099848BBFFE705980228D7
S315080147E004D0FFE70398022803D1FFE702200B90C4
S315080147F068E10598012815D1FFE70398012811D129
S31508014800FFE7089820B1FFE7BDF81A0018B9FFE7D6
S3150801481001200B9056E10A99022048640A99C86555
S31508014820FFE702E001200B904CE1FFE76DE00998F4
S31508014830042829D1FFE70498022804D0FFE7029843
S31508014840022803D1FFE702200B903BE104980128D7
S3150801485015D1FFE70298012811D1FFE7079820B182
S31508014860FFE7BDF81A0018B9FFE701200B9029E107
S315080148700A99022088640A990866FFE702E001207E
S315080148800B901FE1FFE73FE0059802280CD0FFE7F0
S315080148900498022808D0FFE70398022804D0FFE706
S315080148A00298022803D1FFE702200B900AE1059836
S315080148B0012824D1FFE70498012820D1FFE70398AE
S315080148C001281CD1FFE70298012818D1FFE70898AB
S315080148D038B1FFE7079820B1FFE7BDF81A0018B904
S315080148E0FFE701200B90EDE00A99022048640A9936
S315080148F088640A99C8650A990866FFE702E00120F3
S315080149000B90DFE0FFE7FFE7FFE70998019020B189
S31508014910FFE70198042836D06BE00A98416A43F606
S315080149205100C0F6010008640A98416A43F6191055
S31508014930C0F6010048640A98416A40F66900C0F663
S31508014940010008650A980168406A3431089ABDF879
S315080149501A30EFF705FB18B1FFE701200B90B1E01C
S315080149600A980168C86840F40070C8600A98006827
S3150801497000210122FCF7B8F90A980168086840F095
S31508014980010008609BE00A98816A43F65100C0F667
S31508014990010008640A98816A43F61910C0F60100F5
S315080149A048640A98816A40F66900C0F601000865FC
S315080149B00A980168806A3831079ABDF81A30EFF704
S315080149C0CFFA18B1FFE701200B907BE00A9801683E
S315080149D0C86840F48060C8600A980068042101220A
S315080149E0FCF782F90A980168086840F00100086036
S315080149F065E00A98416A43F65100C0F60100086469
S31508014A000A98416A43F61910C0F6010048640A98E3
S31508014A10416A40F66900C0F6010008650A9801680E
S31508014A20406A3431089ABDF81A30EFF799FA18B185
S31508014A30FFE701200B9045E00A98816A43F6510089
S31508014A40C0F6010008640A98816A43F61910C0F68F
S31508014A50010048640A98816A40F66900C0F60100B7
S31508014A6008650A980168806A3831079ABDF81A30CC
S31508014A70EFF776FA18B1FFE701200B9022E00A98C2
S31508014A800168C86840F40070C8600A980168C86877
S31508014A9040F48060C8600A980068002101220092EB
S31508014AA0FCF722F9009A0A9800680421FCF71CF918
S31508014AB00A980168086840F001000860FFE70020CD
S31508014AC00B90FFE70B980CB080BD00BF00BF00BF7D
S31508014AD080B58AB009900891089888B9FFE70998BE
S31508014AE0006800221146FCF7FFF809980168C868B2
S31508014AF020F40070C8600998406AF0F75DFA37E05B
S31508014B000898042811D1FFE70998006804210022B2
S31508014B10FCF7EAF809980168C86820F48060C8605B
S31508014B200998806AF0F748FA21E009980068002296
S31508014B3007921146FCF7D8F8079A099800680421E4
S31508014B40FCF7D2F809980168C86820F40070C860B3
S31508014B5009980168C86820F48060C8600998406AA5
S31508014B60F0F72AFA0998806AF0F726FAFFE7FFE7CD
S31508014B70FFE709980068006A41F21111084210D14D
S31508014B80FFE709980068006A40F24441084207D1E4
S31508014B90FFE709980168086820F001000860FFE747
S31508014BA0FFE7FFE7089820B1FFE7089804285FD1D7
S31508014BB0FFE7089820B9FFE709990120486433E01F
S31508014BC00898042805D1FFE7099901208864069009
S31508014BD028E00898082805D1FFE709990120C86443
S31508014BE005901CE008980C2805D1FFE709990120D2
S31508014BF00865049010E00898102805D1FFE709997F
S31508014C0001204865039004E009990120886503900D
S31508014C10FFE703980490FFE704980590FFE70598D6
S31508014C200690FFE70698FFE7089820B9FFE7099974
S31508014C300120C8651BE00898042805D1FFE70999F2
S31508014C4001200866029010E00898082805D1FFE7B8
S31508014C50099901204866019004E0099901208866AE
S31508014C600190FFE701980290FFE70298FFE709E044
S31508014C70099901204864099988640999C8650999B7
S31508014C800866FFE700200AB080BD00BF00BF00BF6D
S31508014C9080B584B0039003980068C06802900398B1
S31508014CA00068006901909DF804008007002824D552
S31508014CB0FFE79DF80800800700281DD5FFE7039840
S31508014CC001686FF00200086103990120C861039821
S31508014CD000688069800720B1FFE7039800F000F9B2
S31508014CE006E0039800F000F9039800F001F9FFE7E0
S31508014CF003990020C861FFE7FFE79DF80400400714
S31508014D00002825D5FFE79DF80800400700281ED58D
S31508014D10FFE7039801686FF0040008610399022010
S31508014D20C86103980068806910F4407F04D0FFE7E2
S31508014D30039800F0D5F806E0039800F0D5F8039833
S31508014D4000F0D6F8FFE703990020C861FFE7FFE7FF
S31508014D509DF804000007002824D5FFE79DF8080000
S31508014D60000700281DD5FFE7039801686FF00800C2
S31508014D70086103990420C86103980068C06980071F
S31508014D8020B1FFE7039800F0ABF806E0039800F0BE
S31508014D90ABF8039800F0ACF8FFE703990020C86167
S31508014DA0FFE7FFE79DF80400C006002825D5FFE7C1
S31508014DB09DF80800C00600281ED5FFE7039801687C
S31508014DC06FF01000086103990820C861039800680C
S31508014DD0C06910F4407F04D0FFE7039800F080F81B
S31508014DE006E0039800F080F8039800F081F8FFE7E1
S31508014DF003990020C861FFE7FFE79DF80400C00793
S31508014E0078B1FFE79DF80800C00748B1FFE70398A6
S31508014E1001686FF001000861039800F06DF8FFE77B
S31508014E20FFE7019800F08000802806D0FFE79DF88B
S31508014E3005008006002810D5FFE79DF80800000642
S31508014E40002809D5FFE7039801686FF40250086145
S31508014E50039804F05DFBFFE7FFE79DF80500C0072F
S31508014E6080B1FFE79DF808000006002809D5FFE78D
S31508014E70039801686FF480700861039804F04CFB8D
S31508014E80FFE7FFE79DF804004006002810D5FFE775
S31508014E909DF808004006002809D5FFE70398016830
S31508014EA06FF040000861039800F02AF8FFE7FFE772
S31508014EB09DF804008006002810D5FFE79DF8080034
S31508014EC08006002809D5FFE7039801686FF02000DE
S31508014ED00861039804F014FBFFE7FFE704B080BDFF
S31508014EE081B0009001B0704781B0009001B0704761
S31508014EF081B0009001B0704781B0009001B0704751
S31508014F0081B0009001B0704780B586B004900391D6
S31508014F10029200200190FFE70498C06B012803D193
S31508014F20FFE70220059045E004990120C863FFE7E1
S31508014F30FFE702980090142831D80099DFE801F0BC
S31508014F400B2F2F2F112F2F2F172F2F2F1D2F2F2FCE
S31508014F50232F2F2F290004980068039900F030F8B1
S31508014F6020E004980068039900F0D2F81AE0049842
S31508014F700068039900F084F914E00498006803991D
S31508014F8000F036FA0EE004980068039900F0A0FADA
S31508014F9008E004980068039900F002FB02E001208A
S31508014FA00190FFE7FFE704990020C863FFE701982E
S31508014FB00590FFE7059806B080BD00BF00BF00BF9A
S31508014FC085B0049003910498006A01900499086ACF
S31508014FD020F00100086204984068009004988069EE
S31508014FE0029002984FF68F71CFF6FE710840029033
S31508014FF0029820F00300029003980168029808437A
S315080150000290019820F002000190039881680198A6
S315080150100843019004980021C4F20101884220D076
S31508015020FFE7049840F20041C4F20101884218D012
S31508015030FFE7049844F20001C4F20101884210D046
S31508015040FFE7049844F20041C4F20101884208D0FE
S31508015050FFE7049844F60001C4F2010188420ED123
S31508015060FFE7019820F0080001900398C1680198AC
S3150801507008430190019820F004000190FFE7049885
S315080150800021C4F20101884220D0FFE7049840F2CA
S315080150900041C4F20101884218D0FFE7049844F29E
S315080150A00001C4F20101884210D0FFE7049844F2D6
S315080150B00041C4F20101884208D0FFE7049844F68A
S315080150C00001C4F20101884213D1FFE7009820F4D8
S315080150D080700090009820F4007000900398416950
S315080150E00098084300900398816900980843009046
S315080150F0FFE7009804994860029804998861039823
S3150801510040680499486301980499086205B0704794
S3150801511085B0049003910498006A01900499086A7D
S3150801512020F010000862049840680090049880698D
S315080151300290029848F6FF71CFF6FF610840029087
S31508015140029820F44070029003980168029840EA98
S3150801515001200290019820F02000019003988168AF
S31508015160019840EA0110019004980021C4F2010156
S31508015170884229D0FFE7049840F20041C4F20101B0
S31508015180884221D0FFE7049844F20001C4F20101E4
S31508015190884203D1FFE70020B0B9FFE7049844F23B
S315080151A00041C4F20101884203D1FFE7002058B942
S315080151B0FFE7049844F60001C4F20101884212D1BE
S315080151C0FFE7012078B9FFE7019820F080000190F8
S315080151D00398C168019840EA01100190019820F0EE
S315080151E040000190FFE704980021C4F201018842BA
S315080151F020D0FFE7049840F20041C4F20101884239
S3150801520018D0FFE7049844F20001C4F2010188426C
S3150801521010D0FFE7049844F20041C4F20101884224
S3150801522008D0FFE7049844F60001C4F20101884258
S3150801523015D1FFE7009820F480600090009820F4CB
S315080152400060009003984169009840EA8100009047
S3150801525003988169009840EA81000090FFE7009869
S3150801526004994860029804998861039840680499EA
S31508015270886301980499086205B0704700BF00BFAA
S3150801528085B0049003910498006A01900499086A0C
S3150801529020F4807008620498406800900498C069F8
S315080152A0029002984FF68F71CFF6FE710840029070
S315080152B0029820F0030002900398016802980843B7
S315080152C00290019820F40070019003988168019872
S315080152D040EA0120019004980021C4F201018842A4
S315080152E029D0FFE7049840F20041C4F2010188423F
S315080152F021D0FFE7049844F20001C4F20101884273
S3150801530003D1FFE70020B0B9FFE7049844F2004152
S31508015310C4F20101884203D1FFE7002058B9FFE72B
S31508015320049844F60001C4F20101884212D1FFE74C
S31508015330012078B9FFE7019820F4006001900398ED
S31508015340C168019840EA01200190019820F4806023
S315080153500190FFE704980021C4F20101884220D098
S31508015360FFE7049840F20041C4F20101884218D0CF
S31508015370FFE7049844F20001C4F20101884210D003
S31508015380FFE7049844F20041C4F20101884208D0BB
S31508015390FFE7049844F60001C4F20101884215D1D9
S315080153A0FFE7009820F480500090009820F4005000
S315080153B0009003984169009840EA0110009003980B
S315080153C08169009840EA01100090FFE70098049966
S315080153D0486002980499C861039840680499C863AB
S315080153E001980499086205B0704700BF00BF00BF65
S315080153F085B0049003910498006A01900499086A9B
S3150801540020F4805008620498406800900498C069A6
S315080154100290029848F6FF71CFF6FF6108400290A4
S31508015420029820F44070029003980168029840EAB5
S3150801543001200290019820F4005001900398816898
S31508015440019840EA0130019004980021C4F2010153
S31508015450884220D0FFE7049840F20041C4F20101D6
S31508015460884218D0FFE7049844F20001C4F201010A
S31508015470884210D0FFE7049844F20041C4F20101C2
S31508015480884208D0FFE7049844F60001C4F20101F6
S3150801549088420BD1FFE7009820F4804000900398DA
S315080154A04169009840EA81100090FFE70098049945
S315080154B0486002980499C861039840680499086489
S315080154C001980499086205B0704700BF00BF00BF84
S315080154D085B0049003910498006A01900499086ABA
S315080154E020F4803008620498406800900498406D62
S315080154F0029002984FF68F71CFF6FE71084002901E
S3150801550003980168029808430290019820F4003034
S31508015510019003988168019840EA01400190049836
S315080155200021C4F20101884220D0FFE7049840F225
S315080155300041C4F20101884218D0FFE7049844F2F9
S315080155400001C4F20101884210D0FFE7049844F231
S315080155500041C4F20101884208D0FFE7049844F6E5
S315080155600001C4F2010188420BD1FFE7009820F43B
S315080155708030009003984169009840EA0120009024
S31508015580FFE70098049948600298049948650398CA
S3150801559040680499886501980499086205B07047BE
S315080155A085B0049003910498006A01900499086AE9
S315080155B020F4801008620498406800900498406DB1
S315080155C00290029848F6FF71CFF6FF6108400290F3
S315080155D003980168029840EA01200290019820F494
S315080155E00010019003988168019840EA01500190E2
S315080155F004980021C4F20101884220D0FFE70498EB
S3150801560040F20041C4F20101884218D0FFE704982C
S3150801561044F20001C4F20101884210D0FFE7049860
S3150801562044F20041C4F20101884208D0FFE7049818
S3150801563044F60001C4F2010188420BD1FFE7009844
S3150801564020F48020009003984169009840EA81205F
S315080156500090FFE700980499486002980499486504
S31508015660039840680499C86501980499086205B0C9
S31508015670704700BF00BF00BF80B586B00490039194
S31508015680029200200190FFE70498C06B012803D11C
S31508015690FFE7022005907BE004990120C863FFE734
S315080156A0FFE70298B0B9FFE704980068039B1968F9
S315080156B05A68DB6800F070F804980168886920F078
S315080156C00C00886103988268049801688869104308
S315080156D0886155E00298042817D1FFE70498006805
S315080156E0039B19685A68DB6800F0E2F804980168B8
S315080156F0886920F440608861039882680498016883
S31508015700886940EA0220886139E00298082816D19A
S31508015710FFE704980068039B19685A68DB6800F07C
S31508015720FFF804980168C86920F00C00C86103985D
S31508015730826804980168C8691043C8611EE0029826
S315080157400C2817D1FFE704980068039B19685A6863
S31508015750DB6800F01DF904980168C86920F4406007
S31508015760C8610398826804980168C86940EA0220FA
S31508015770C86102E001200190FFE7FFE7FFE7FFE7C5
S31508015780FFE704990020C863FFE701980590FFE742
S31508015790059806B080BD00BF87B0069005910492B2
S315080157A003930698006A01900699086A20F0010099
S315080157B00862069880690290069901200022C4F2BF
S315080157C001029142009044D0FFE706990120B1F108
S315080157D0804F00903DD0FFE70699012040F2004234
S315080157E0C4F200029142009033D0FFE706990120E6
S315080157F040F60002C4F200029142009029D0FFE768
S315080158000699012040F60042C4F200029142009036
S315080158101FD0FFE70699012040F20042C4F20102B7
S315080158209142009015D0FFE70699012041F6000242
S31508015830C4F20002914200900BD0FFE706984CF2A1
S315080158400001CBF6FE710844B0FA80F040090090D9
S31508015850FFE70098C00748B1FFE7029820F0030068
S315080158600290049902980843029004E0029840F0D5
S3150801587001000290FFE7029820F0F00002900398D9
S315080158800001C1B2029808430290019820F00A006B
S315080158900190059800F00A010198084301900298C1
S315080158A00699886101980699086207B0704700BF92
S315080158B086B005900491039202930598006A0090B8
S315080158C00599086A20F01000086205988069019018
S315080158D0019820F4407001900399019840EA01204B
S315080158E00190019820F4704001900298000381B25A
S315080158F0019808430190009820F0A00000900498B0
S3150801590000F00A01009840EA0110009001980599F3
S31508015910886100980599086206B0704700BF00BF04
S3150801592086B005900491039202930598006A009047
S315080159300599086A20F4807008620598C069019083
S31508015940019820F0030001900399019808430190FA
S31508015950019820F0F000019002980001C1B2019867
S3150801596008430190009820F420600090049800F004
S315080159700A01009840EA0120009001980599C8613A
S3150801598000980599086206B0704700BF00BF00BFBE
S3150801599086B005900491039202930598006A0090D7
S315080159A00599086A20F4805008620598C069019033
S315080159B0019820F4407001900399019840EA01206A
S315080159C00190019820F4704001900298000381B279
S315080159D0019808430190009820F42040009004980B
S315080159E000F00A01009840EA0130009001980599F3
S315080159F0C86100980599086206B0704700BF00BFE4
S31508015A0080B586B004900391029200200190FFE7C9
S31508015A100498C06B012803D1FFE702200590BBE07B
S31508015A2004990120C863FFE7FFE70298009014284C
S31508015A3000F2A7800099DFE801F00BA4A4A424A42E
S31508015A40A4A43EA4A4A457A4A4A471A4A4A48A00AB
S31508015A50049800680399FFF7B3FA049801688869FE
S31508015A6040F00800886104980168886920F00400FC
S31508015A7088610398026904980168886910438861F6
S31508015A8082E0049800680399FFF742FB04980168CD
S31508015A90886940F40060886104980168886920F47F
S31508015AA0806088610398026904980168886940EAF8
S31508015AB00220886168E0049800680399FFF7E0FB13
S31508015AC004980168C86940F00800C861049801682B
S31508015AD0C86920F00400C86103980269049801683E
S31508015AE0C8691043C8614FE0049800680399FFF735
S31508015AF07FFC04980168C86940F40060C86104988D
S31508015B000168C86920F48060C8610398026904982D
S31508015B100168C86940EA0220C86135E0049800684E
S31508015B200399FFF7D5FC04980168486D40F0080011
S31508015B30486504980168486D20F004004865039893
S31508015B40026904980168486D104348651CE0049889
S31508015B5000680399FFF724FD04980168486D40F42D
S31508015B600060486504980168486D20F480604865BE
S31508015B700398026904980168486D40EA022048655D
S31508015B8002E001200190FFE7FFE704990020C863BE
S31508015B90FFE701980590FFE7059806B080BD00BFAD
S31508015BA080B590B00E900D910C920B9300200A903F
S31508015BB00C980B99884200F0B080FFE7FFE70E9832
S31508015BC0C06B012803D1FFE702200F90A8E00E99C8
S31508015BD00120C863FFE7FFE70E99022008640D98C4
S31508015BE0006803900D98406804900D9880680590A8
S31508015BF00D98C06806900D98006908900D9840693F
S31508015C0009900C98029020B1FFE70298042806D063
S31508015C100BE00E98006803A9FFF7D2F908E00E9881
S31508015C20006803A9FFF774FA02E001200A90FFE76A
S31508015C300A98002866D1FFE70B98019020B1FFE783
S31508015C40019804282DD059E00E9800680D9B996992
S31508015C50DA691B6AFFF7A0FD0E980168886920F0CA
S31508015C600C0088610E98016888684FF68F72CFF626
S31508015C70CF72104088600E980168886840F050001D
S31508015C8088600E98016888684FF6F872CFF6FE723A
S31508015C90104088600E980168886840F006008860A0
S31508015CA02FE00E9800680D9B9969DA691B6AFFF760
S31508015CB0FFFD0E980168886920F4406088610E9896
S31508015CC0016888684FF68F72CFF6CF7210408860E8
S31508015CD00E980168886840F0600088600E9801682F
S31508015CE088684FF6F872CFF6FE72104088600E98F3
S31508015CF00168886840F00600886002E001200A9081
S31508015D00FFE7FFE70E9901200864FFE70E990020D7
S31508015D10C863FFE70A980F9002E001200F90FFE79A
S31508015D200F9810B080BD00BF10B588B0DDF828C047
S31508015D30079006910592049307980699059A049B7C
S31508015D40DDF828C04FF0010E0EEB1C24EE46CEF806
S31508015D500440CEF800C000F007F80390039808B095
S31508015D6010BD00BF00BF00BF80B588B0DDF82CC0EC
S31508015D70DDF828C00690059104920393002002904D
S31508015D800698C06E022803D1FFE70220079046E174
S31508015D900698C06E01280ED1FFE7039830B9FFE7D0
S31508015DA00A9818B1FFE70120079038E10699022001
S31508015DB0C866FFE700E0FFE7FFE704980190B0F542
S31508015DC0807F21D0FFE70198B0F5007F3FD0FFE73C
S31508015DD00198B0F5806F5DD0FFE70198B0F5006FC7
S31508015DE07BD0FFE70198B0F5805F00F09980FFE767
S31508015DF00198B0F5005F00F0B680FFE70198B0F5AD
S31508015E00804F00F0D380F4E00698016A40F6290035
S31508015E10C0F6010008640698016A40F65100C0F60A
S31508015E20010048640698016A40F66900C0F6010057
S31508015E30086506980268006A03994C320B9BEEF7CF
S31508015E408FF818B1FFE701200790E8E0D4E006983B
S31508015E50416A41F2C170C0F6010008640698416AB8
S31508015E6041F67900C0F6010048640698416A40F691
S31508015E706900C0F60100086506980268406A039938
S31508015E804C320B9BEEF76CF818B1FFE7012007902F
S31508015E90C5E0B1E00698816A41F2C170C0F6010019
S31508015EA008640698816A41F67900C0F601004864DB
S31508015EB00698816A40F66900C0F6010008650698E9
S31508015EC00268806A03994C320B9BEEF749F818B1C0
S31508015ED0FFE701200790A2E08EE00698C16A41F229
S31508015EE0C170C0F6010008640698C16A41F67900D6
S31508015EF0C0F6010048640698C16A40F66900C0F612
S31508015F000100086506980268C06A03994C320B9B22
S31508015F10EEF726F818B1FFE7012007907FE06BE05E
S31508015F200698016B41F2C170C0F601000864069833
S31508015F30016B41F67900C0F6010048640698016BC9
S31508015F4040F66900C0F60100086506980268006B0C
S31508015F5003994C320B9BEEF703F818B1FFE70120C2
S31508015F6007905CE048E00698416B48F68970C0F6F0
S31508015F70010008640698416B48F6A970C0F601004D
S31508015F8048640698416B40F66900C0F60100086549
S31508015F9006980268406B03994C320B9BEDF7E0FFBC
S31508015FA018B1FFE70120079039E025E00698816BD3
S31508015FB046F22900C0F6010008640698816B46F28C
S31508015FC05100C0F6010048640698816B40F66900E5
S31508015FD0C0F60100086506980268806B03994C3281
S31508015FE00B9BEDF7BDFF18B1FFE70120079016E0FF
S31508015FF002E001200290FFE7029868B9FFE70598D9
S315080160000A990843069909688864049A06980168F2
S31508016010C8681043C860FFE702980790FFE707982A
S3150801602008B080BD00BF00BF80B582B0019001985D
S31508016030C06B00900098806BC06920B9FFE7009992
S3150801604001200864FFE70098FEF75AFF02B080BDF9
S3150801605080B582B001900198C06B0090009800F05D
S315080160605BFE02B080BD00BF80B584B0039002918B
S315080160700020019002980090B0F5807F1ED0FFE7BE
S315080160800098B0F5007F1ED0FFE70098B0F5806F45
S315080160901ED0FFE70098B0F5006F1ED0FFE7009805
S315080160A0B0F5805F1ED0FFE70098B0F5005F1ED0FF
S315080160B0FFE70098B0F5804F1ED022E00398006AEA
S315080160C0EEF77AFF20E00398406AEEF775FF1BE0CA
S315080160D00398806AEEF770FF16E00398C06AEEF738
S315080160E06BFF11E00398006BEEF766FF0CE003986F
S315080160F0406BEEF761FF07E00398806BEEF75CFFF4
S3150801610002E001200190FFE7019850B9FFE7029AE2
S3150801611003980168C8689043C86003990120C86656
S31508016120FFE7019804B080BD10B588B0DDF828C036
S31508016130079006910592049307980699059A049B78
S31508016140DDF828C04FF0010E0EEB1C24EE46CEF802
S315080161500440CEF800C000F007F80390039808B091
S3150801616010BD00BF00BF00BF80B588B0DDF82CC0E8
S31508016170DDF828C006900591049203930020029049
S315080161800698C06E022803D1FFE70220079046E170
S315080161900698C06E01280ED1FFE7039830B9FFE7CC
S315080161A00A9818B1FFE70120079038E106990220FD
S315080161B0C866FFE700E0FFE7FFE704980190B0F53E
S315080161C0807F21D0FFE70198B0F5007F3FD0FFE738
S315080161D00198B0F5806F5DD0FFE70198B0F5006FC3
S315080161E07BD0FFE70198B0F5805F00F09980FFE763
S315080161F00198B0F5005F00F0B680FFE70198B0F5A9
S31508016200804F00F0D380F4E00698016A40F6290031
S31508016210C0F6010008640698016A40F65100C0F606
S31508016220010048640698016A40F66900C0F6010053
S31508016230086506980168006A4C31039A0B9BEDF7CD
S315080162408FFE18B1FFE701200790E8E0D4E0069831
S31508016250416A43F65100C0F6010008640698416A8E
S3150801626043F61910C0F6010048640698416A40F6DB
S315080162706900C0F60100086506980168406A4C3154
S31508016280039A0B9BEDF76CFE18B1FFE70120079007
S31508016290C5E0B1E00698816A43F65100C0F60100EF
S315080162A008640698816A43F61910C0F60100486425
S315080162B00698816A40F66900C0F6010008650698E5
S315080162C00168806A4C31039A0B9BEDF749FE18B1B8
S315080162D0FFE701200790A2E08EE00698C16A43F61F
S315080162E05100C0F6010008640698C16A43F6191000
S315080162F0C0F6010048640698C16A40F66900C0F60E
S315080163000100086506980168C06A4C31039A0B9B1F
S31508016310EDF726FE18B1FFE7012007907FE06BE055
S315080163200698016B43F65100C0F601000864069809
S31508016330016B43F61910C0F6010048640698016B13
S3150801634040F66900C0F60100086506980168006B09
S315080163504C31039A0B9BEDF703FE18B1FFE70120B9
S3150801636007905CE048E00698416B48F68970C0F6EC
S31508016370010008640698416B48F6A970C0F6010049
S3150801638048640698416B40F66900C0F60100086545
S3150801639006980168406B4C31039A0B9BEDF7E0FDBB
S315080163A018B1FFE70120079039E025E00698816BCF
S315080163B046F22900C0F6010008640698816B46F288
S315080163C05100C0F6010048640698816B40F66900E1
S315080163D0C0F60100086506980168806B4C31039A7E
S315080163E00B9BEDF7BDFD18B1FFE70120079016E0FD
S315080163F002E001200290FFE7029868B9FFE70598D5
S315080164000A990843069909688864049A06980168EE
S31508016410C8681043C860FFE702980790FFE7079826
S3150801642008B080BD00BF00BF80B584B0039002915B
S315080164300020019002980090B0F5807F1ED0FFE7FA
S315080164400098B0F5007F1ED0FFE70098B0F5806F81
S315080164501ED0FFE70098B0F5006F1ED0FFE7009841
S31508016460B0F5805F1ED0FFE70098B0F5005F1ED03B
S31508016470FFE70098B0F5804F1ED022E00398006A26
S31508016480EEF79AFD20E00398406AEEF795FD1BE0CA
S315080164900398806AEEF790FD16E00398C06AEEF756
S315080164A08BFD11E00398006BEEF786FD0CE003986F
S315080164B0406BEEF781FD07E00398806BEEF77CFDF4
S315080164C002E001200190FFE7019850B9FFE7029A1F
S315080164D003980168C8689043C86003990120C86693
S315080164E0FFE7019804B080BD83B001900091FFE7F2
S315080164F00198C06B012803D1FFE70220029016E03C
S3150801650001990120C863FFE7FFE7019902200864A2
S315080165100098019909684861019901200864FFE713
S3150801652001990020C863FFE700200290FFE702985F
S3150801653003B0704700BF00BF80B588B006900591CB
S31508016540049200200390FFE70698C06B012803D147
S31508016550FFE702200790C9E006990120C863FFE713
S31508016560FFE706990220086405984068029020B161
S31508016570FFE70298012807D01EE006980168886897
S3150801658020F47F4088601AE00598C06858B1FFE793
S31508016590069901200864FFE706990020C863FFE70A
S315080165A001200790A2E006980068059B9A68D968B9
S315080165B01B6900F0A1F802E001200390FFE70398A8
S315080165C0002840F08880FFE704980190142800F21B
S315080165D080800199DFE801F00B7D7D7D1E7D7D7D43
S315080165E0317D7D7D447D7D7D577D7D7D6A00059864
S315080165F0006838B1FFE706980168886940F08000AD
S31508016600886106E006980168886920F0800088613B
S31508016610FFE75FE00598006838B1FFE7069801686B
S31508016620886940F40040886106E00698016888692F
S3150801663020F400408861FFE74CE00598006838B10E
S31508016640FFE706980168C86940F08000C86106E05E
S3150801665006980168C86920F08000C861FFE739E03B
S315080166600598006838B1FFE706980168C86940F4DB
S315080166700040C86106E006980168C86920F4004030
S31508016680C861FFE726E00598006838B1FFE7069874
S315080166900168486D40F08000486506E00698016883
S315080166A0486D20F080004865FFE713E0059800680B
S315080166B038B1FFE706980168486D40F4004048651F
S315080166C006E006980168486D20F400404865FFE732
S315080166D000E0FFE7FFE7069901200864FFE706994E
S315080166E00020C863FFE703980790FFE7079808B0FB
S315080166F080BD00BF00BF00BF85B004900391029220
S315080167000193049880680090009820F47F400090D7
S3150801671003980299019A41EA022101430098084324
S31508016720009000980499886005B0704700BF00BFC3
S3150801673080B586B00490039100200290FFE7049883
S31508016740C06B012803D1FFE702200590CAE004992E
S315080167500120C863FFE7FFE704990220086404984B
S3150801676000688068019001984FF68871CFF6CE715E
S3150801677008400190019820F47F40019001980499FE
S3150801678009688860039800680090002800F09580E1
S31508016790FFE70098102800F09080FFE7009820286E
S315080167A000F08B80FFE70098302800F08680FFE72D
S315080167B00098402874D0FFE70098502856D0FFE784
S315080167C0009860285FD0FFE7009870282AD0FFE775
S315080167D00098B0F5805F24D0FFE70098B0F5005F18
S315080167E035D0FFE70098B0F5801F66D0FFE700981F
S315080167F0B0F1101F61D0FFE700982021C0F2100107
S3150801680088425AD0FFE700983021C0F21001884229
S3150801681053D0FFE700984021C0F2100188424CD0BE
S3150801682052E054E004980068039B5A689968DB684B
S31508016830FFF762FF0498006880680190019840F0AC
S315080168407700019001980499096888603FE00498E7
S315080168500068039B5A689968DB68FFF74DFF04983F
S315080168600168886840F48040886030E004980068D0
S31508016870039A5168D26800F03BF8049800685021E1
S3150801688000F05EF823E004980068039A5168D2681C
S3150801689000F06EF804980068602100F051F816E0DF
S315080168A004980068039A5168D26800F021F80498A0
S315080168B00068402100F044F809E00498006803994B
S315080168C0096800F03DF802E001200290FFE704990B
S315080168D001200864FFE704990020C863FFE70298CE
S315080168E00590FFE7059806B080BD00BF00BF00BF51
S315080168F085B00490039102920498006A0090049965
S31508016900086A20F0010008620498806901900198DC
S3150801691020F0F00001900299019840EA01100190D7
S31508016920009820F00A000090039900980843009007
S3150801693001980499886100980499086205B070471E
S3150801694083B00290019102988068009000984FF6F2
S315080169508F71CFF6CF7108400090019800990843CE
S3150801696040F00700009000980299886003B07047CC
S3150801697085B00490039102920498006A00900499E4
S31508016980086A20F01000086204988069019001984D
S3150801699020F4704001900299019840EA0130019073
S315080169A0009820F0A00000900399009840EA011091
S315080169B0009001980499886100980499086205B0C5
S315080169C0704700BF00BF00BF83B0029001910298D3
S315080169D0006840680090009820F0800000900199B6
S315080169E000980843009000980299096848600020B9
S315080169F003B0704700BF00BF80B584B00290019113
S31508016A00FFE70298C06B012803D1FFE70220039034
S31508016A102FE002990120C863FFE7FFE702990220E8
S31508016A2008640298019900F027F858B1FFE702991E
S31508016A3001200864FFE702990020C863FFE70120E7
S31508016A40039016E002980168C86820F04000C86003
S31508016A5002980168C86820F48040C860029901203C
S31508016A600864FFE702990020C863FFE70020039046
S31508016A70FFE7039804B080BD80B588B006900591FC
S31508016A8000200490069800688068039003984FF6E2
S31508016A908F71CFF6CF710840039005984168039826
S31508016AA00843039003984FF6F871CFF6FE71084034
S31508016AB0039005980168039808430390039806997B
S31508016AC009688860059840680090002800F0A2804F
S31508016AD0FFE70098102800F09D80FFE7009820281E
S31508016AE000F09880FFE70098302800F09380FFE7D0
S31508016AF00098402855D0FFE7009850287AD0FFE73C
S31508016B00009860287ED0FFE70098702840D0FFE7FC
S31508016B100098B0F5801F7DD0FFE70098B0F1101FEF
S31508016B2078D0FFE700982021C0F21001884271D081
S31508016B30FFE700983021C0F2100188426AD0FFE7CA
S31508016B4000984021C0F21001884263D0FFE70098FF
S31508016B505021C0F2100188425CD0FFE700986021FD
S31508016B60C0F21001884255D0FFE700987021C0F2A3
S31508016B70100188424ED0FFE70098B0F5001F49D0B2
S31508016B80FFE700981021C0F22001884242D042E076
S31508016B9006980068059B9A68D9681B69FFF7ACFDDA
S31508016BA03CE005980068052803D1FFE70120079016
S31508016BB037E006980068006A019006980168086A35
S31508016BC020F0010008620698006880690290029820
S31508016BD020F0F000029005980169029840EA011038
S31508016BE002900298069909688861019806990968C8
S31508016BF0086213E006980068059A91681269FFF71A
S31508016C0077FE0BE006980068059A91681269FFF706
S31508016C10AFFE03E002E001200490FFE70498079025
S31508016C20FFE7079808B080BD80B584B0029001914E
S31508016C30FFE70298C06B012803D1FFE70220039002
S31508016C402FE002990120C863FFE7FFE702990220B6
S31508016C50086402980199FFF70FFF58B1FFE70299F7
S31508016C6001200864FFE702990020C863FFE70120B5
S31508016C70039016E002980168C86840F04000C860B1
S31508016C8002980168C86820F48040C860029901200A
S31508016C900864FFE702990020C863FFE70020039014
S31508016CA0FFE7039804B080BD84B0039002910020E9
S31508016CB00190029800900C281DD80099DFE801F090
S31508016CC0071B1B1B0C1B1B1B111B1B1B16000398ED
S31508016CD00068406B01900FE003980068806B019093
S31508016CE00AE003980068C06B019005E00398006804
S31508016CF0006C019000E0FFE7019804B0704700BFFF
S31508016D0081B0009001B0704781B0009001B0704722
S31508016D1081B0009001B0704781B0009001B0704712
S31508016D2081B0009001B0704781B000900098006C66
S31508016D3001B0704700BF00BF81B000900098006C99
S31508016D4001B0704700BF00BF81B000900098006C89
S31508016D5001B0704700BF00BF81B000900098006C79
S31508016D6001B0704700BF00BF81B000900098006C69
S31508016D7001B0704700BF00BF81B000900098006C59
S31508016D8001B0704700BF00BF81B000900098C0698C
S31508016D9001B0704700BF00BF88B0079006910698FA
S31508016DA020B9FFE70798406C04902FE0069804285D
S31508016DB004D1FFE70798806C039024E00698082819
S31508016DC004D1FFE70798C06C029019E006980C28D1
S31508016DD004D1FFE70798006D01900EE00698102888
S31508016DE004D1FFE70798406D009003E00798806D8E
S31508016DF00090FFE700980190FFE701980290FFE7EE
S31508016E0002980390FFE703980490FFE7049805901A
S31508016E10059808B0704700BF81B000900098C06E11
S31508016E2001B070470000000080B58CB00A90099146
S31508016E300A9818B9FFE701200B9078E00A98006CC8
S31508016E4038B9FFE70A990020C8630A9800F074F870
S31508016E50FFE70A99022008640A9951F8040BF9F721
S31508016E60BFF90A980068099A116893680322FEF720
S31508016E7093FC0A980168886920F00C0088610998D2
S31508016E8042680A9801688869104388610A98016806
S31508016E90486840F0800048600A98016888684FF69B
S31508016EA08F72CFF6CF72104088600A980168886899
S31508016EB040F0400088600A98016888684FF6F872C1
S31508016EC0CFF6FE72104088600A980168886840F01B
S31508016ED004008860002001900690079070210291B5
S31508016EE00890059004900998C06803900A9800686C
S31508016EF002A9FEF70DF901980A990A68516821F065
S31508016F00700151600A990A68516841F0500151604F
S31508016F100A9A0121D1660A9A51640A9A91640A9ACF
S31508016F20D1650A9A11660A9A11640B90FFE70B98C4
S31508016F300CB080BD00BF00BF81B0009001B07047A2
S31508016F4080B582B00190019902200864FFE7019893
S31508016F500068006A41F21111084210D1FFE7019851
S31508016F600068006A40F24441084207D1FFE70198E8
S31508016F700168086820F001000860FFE7FFE7FFE7FE
S31508016F80019800F015F801990020C866019948642E
S31508016F90019988640199C865019908660199086487
S31508016FA0FFE701990020C863FFE7002002B080BD12
S31508016FB081B0009001B0704780B588B006900698F8
S31508016FC0406C04900698806C03900698C06D0290F8
S31508016FD00698006E0190049801280CD1FFE70398E2
S31508016FE0012808D1FFE70298012804D1FFE7019893
S31508016FF0012803D0FFE70120079075E006990220D2
S315080170004864069988640699C865069908660698C3
S31508017010006800210122F9F767FE06980068002139
S31508017020C4F2010188423CD0FFE706980068B0F136
S31508017030804F36D0FFE70698006840F20041C4F257
S31508017040000188422DD0FFE70698006840F6000146
S31508017050C4F20001884224D0FFE70698006840F68A
S315080170600041C4F2000188421BD0FFE70698006878
S3150801707040F20041C4F20101884212D0FFE70698A6
S31508017080006841F60001C4F20001884209D0FFE711
S315080170900698006844F20001C4F20101884219D138
S315080170A0FFE70698006880680721C0F201010840D9
S315080170B00590059806280CD0FFE70598B0F5803F9E
S315080170C007D0FFE706980168086840F001000860E4
S315080170D0FFE706E006980168086840F001000860C5
S315080170E0FFE700200790FFE7079808B080BD00BFBB
S315080170F080B582B001900198006800221146F9F71F
S31508017100F3FDFFE701980068006A41F21111084290
S3150801711010D1FFE701980068006A40F2444108422D
S3150801712007D1FFE701980168086820F001000860A7
S31508017130FFE7FFE7FFE701990120486401998864A1
S315080171400199C86501990866002002B080BD00BF93
S3150801715080B588B006900698406C04900698806CB5
S3150801716003900698C06D02900698006E01900498E7
S3150801717001280CD1FFE70398012808D1FFE70298F7
S31508017180012804D1FFE70198012803D0FFE7012070
S3150801719007907BE006990220486406998864069957
S315080171A0C8650699086606980168C86840F002002D
S315080171B0C8600698006800210122F9F795FD06982E
S315080171C000680021C4F2010188423CD0FFE7069815
S315080171D00068B0F1804F36D0FFE70698006840F2A4
S315080171E00041C4F2000188422DD0FFE706980068E5
S315080171F040F60001C4F20001884224D0FFE7069850
S31508017200006840F60041C4F2000188421BD0FFE73E
S315080172100698006840F20041C4F20101884212D082
S31508017220FFE70698006841F60001C4F200018842AA
S3150801723009D0FFE70698006844F20001C4F201018B
S31508017240884219D1FFE70698006880680721C0F2CD
S31508017250010108400590059806280CD0FFE7059816
S31508017260B0F5803F07D0FFE706980168086840F047
S3150801727001000860FFE706E006980168086840F023
S3150801728001000860FFE700200790FFE7079808B0AC
S3150801729080BD00BF00BF00BF80B582B001900198D4
S315080172A0006800221146F9F71FFD01980168C868B0
S315080172B020F00200C860FFE701980068006A41F201
S315080172C01111084210D1FFE701980068006A40F2DF
S315080172D04441084207D1FFE701980168086820F090
S315080172E001000860FFE7FFE7FFE70199012048640D
S315080172F0019988640199C86501990866002002B058
S3150801730080BD00BF00BF00BF80B588B0069005915B
S31508017310ADF812200698406C02900698C06D01904F
S315080173200298022804D0FFE70198022803D1FFE753
S3150801733002200790B2E00298012815D1FFE70198CB
S31508017340012811D1FFE7059820B1FFE7BDF8120022
S3150801735018B9FFE701200790A0E0069902204864C2
S315080173600699C865FFE702E00120079096E0FFE766
S315080173700698006800210122F9F7B6FC0698416AC9
S3150801738043F65100C0F6010008640698416A43F6BF
S315080173901910C0F6010048640698416A40F669006A
S315080173A0C0F60100086506980168406A3431059AF5
S315080173B0BDF81230ECF7D4FD18B1FFE701200790AC
S315080173C06CE006980168C86840F40070C8600698C1
S315080173D000680021C4F2010188423CD0FFE7069803
S315080173E00068B0F1804F36D0FFE70698006840F292
S315080173F00041C4F2000188422DD0FFE706980068D3
S3150801740040F60001C4F20001884224D0FFE706983D
S31508017410006840F60041C4F2000188421BD0FFE72C
S315080174200698006840F20041C4F20101884212D070
S31508017430FFE70698006841F60001C4F20001884298
S3150801744009D0FFE70698006844F20001C4F2010179
S31508017450884219D1FFE70698006880680721C0F2BB
S31508017460010108400390039806280CD0FFE703980A
S31508017470B0F5803F07D0FFE706980168086840F035
S3150801748001000860FFE706E006980168086840F011
S3150801749001000860FFE700200790FFE7079808B09A
S315080174A080BD00BF00BF00BF80B582B001900198C2
S315080174B0006800221146F9F717FC01980168C868A7
S315080174C020F40070C8600198406AEDF775FDFFE782
S315080174D001980068006A41F21111084210D1FFE7CC
S315080174E001980068006A40F24441084207D1FFE763
S315080174F001980168086820F001000860FFE7FFE7C6
S31508017500FFE70199012048640199C865002002B086
S3150801751080BD00BF00BF00BF80B58AB00890079143
S31508017520079820B9FFE70898C06D059019E00798F4
S31508017530042804D1FFE70898006E04900EE0079826
S31508017540082804D1FFE70898406E039003E00898DD
S31508017550806E0390FFE703980490FFE7049805906F
S31508017560FFE70598012803D0FFE70120099095E078
S31508017570079820B9FFE708990220C8651BE0079814
S31508017580042805D1FFE7089902200866029010E051
S315080175900798082805D1FFE708990220486601904F
S315080175A004E00899022088660190FFE70198029095
S315080175B0FFE70298FFE7089800680799042200F098
S315080175C073F808980168486C40F4004048640898C4
S315080175D000680021C4F2010188423CD0FFE70898FF
S315080175E00068B0F1804F36D0FFE70898006840F28E
S315080175F00041C4F2000188422DD0FFE708980068CF
S3150801760040F60001C4F20001884224D0FFE7089839
S31508017610006840F60041C4F2000188421BD0FFE72A
S315080176200898006840F20041C4F20101884212D06C
S31508017630FFE70898006841F60001C4F20001884294
S3150801764009D0FFE70898006844F20001C4F2010175
S31508017650884219D1FFE70898006880680721C0F2B7
S31508017660010108400690069806280CD0FFE70698FF
S31508017670B0F5803F07D0FFE708980168086840F031
S3150801768001000860FFE706E008980168086840F00D
S3150801769001000860FFE700200990FFE709980AB092
S315080176A080BD00BF00BF00BF84B003900291019264
S315080176B0029800F00F01042088400090009A03996F
S315080176C0086A904308620198029901F00F0100FACD
S315080176D001F20399086A1043086204B0704700BFB3
S315080176E080B584B00390029103980068029900223C
S315080176F0FFF7DAFFFFE703980068006A41F2111104
S31508017700084210D1FFE703980068006A40F2444135
S31508017710084207D1FFE703980168486C20F4004046
S315080177204864FFE7FFE7FFE7FFE703980068006A99
S3150801773041F21111084210D1FFE703980068006A67
S3150801774040F24441084207D1FFE7039801680868F7
S3150801775020F001000860FFE7FFE7FFE7029820B97C
S31508017760FFE703990120C8651BE00298042805D1A3
S31508017770FFE7039901200866019010E0029808289E
S3150801778005D1FFE7039901204866009004E00399B3
S31508017790012088660090FFE700980190FFE70198AD
S315080177A0FFE7002004B080BD80B58CB00A9009912E
S315080177B000200890099820B9FFE70A98C06D06903D
S315080177C019E00998042804D1FFE70A98006E059084
S315080177D00EE00998082804D1FFE70A98406E04903C
S315080177E003E00A98806E0490FFE704980590FFE786
S315080177F005980690FFE70698012803D0FFE70120C0
S315080178000B90C4E0099820B9FFE70A990220C865D8
S315080178101BE00998042805D1FFE70A9902200866A2
S31508017820039010E00998082805D1FFE70A99022074
S315080178304866029004E00A99022088660290FFE7EA
S3150801784002980390FFE70398FFE70998019040B172
S31508017850FFE7019804280BD0FFE7019808280ED006
S3150801786014E00A980168C86840F00200C86010E090
S315080178700A980168C86840F00400C86009E00A98D7
S315080178800168C86840F00800C86002E00120089055
S31508017890FFE70898002877D1FFE70A980168C868C2
S315080178A040F08000C8600A98006809990422FFF729
S315080178B0FBFE0A980168486C40F4004048640A983F
S315080178C000680021C4F2010188423CD0FFE70A980A
S315080178D00068B0F1804F36D0FFE70A98006840F299
S315080178E00041C4F2000188422DD0FFE70A980068DA
S315080178F040F60001C4F20001884224D0FFE70A9845
S31508017900006840F60041C4F2000188421BD0FFE737
S315080179100A98006840F20041C4F20101884212D077
S31508017920FFE70A98006841F60001C4F2000188429F
S3150801793009D0FFE70A98006844F20001C4F2010180
S31508017940884219D1FFE70A98006880680721C0F2C2
S31508017950010108400790079806280CD0FFE7079809
S31508017960B0F5803F07D0FFE70A980168086840F03C
S3150801797001000860FFE706E00A980168086840F018
S3150801798001000860FFE7FFE708980B90FFE70B98EF
S315080179900CB080BD00BF00BF80B588B007900691C6
S315080179A0002005900698039040B1FFE70398042844
S315080179B00BD0FFE7039808280ED014E00798016852
S315080179C0C86820F00200C86010E007980168C86816
S315080179D020F00400C86009E007980168C86820F02B
S315080179E00800C86002E001200590FFE70598002815
S315080179F070D1FFE70798006806990022FFF754FE41
S31508017A0007980068006A0490BDF8100040F24441E6
S31508017A10084207D1FFE707980168C86820F0800087
S31508017A20C860FFE7FFE707980068006A41F211118D
S31508017A30084210D1FFE707980068006A40F24441FE
S31508017A40084207D1FFE707980168486C20F400400F
S31508017A504864FFE7FFE7FFE7FFE707980068006A62
S31508017A6041F21111084210D1FFE707980068006A30
S31508017A7040F24441084207D1FFE7079801680868C0
S31508017A8020F001000860FFE7FFE7FFE7069820B945
S31508017A90FFE707990120C8651BE00698042805D168
S31508017AA0FFE7079901200866029010E00698082862
S31508017AB005D1FFE7079901204866019004E0079977
S31508017AC0012088660190FFE701980290FFE7029876
S31508017AD0FFE7FFE7059808B080BD00BF00BF00BFFC
S31508017AE080B590B00E900D910C92ADF82E30002015
S31508017AF00A900D9820B9FFE70E98C06D089019E015
S31508017B000D98042804D1FFE70E98006E07900EE041
S31508017B100D98082804D1FFE70E98406E069003E0F9
S31508017B200E98806E0690FFE706980790FFE707987C
S31508017B300890FFE70898022803D1FFE702200F9073
S31508017B405CE10D9820B9FFE70E98C06D059019E024
S31508017B500D98042804D1FFE70E98006E04900EE0F4
S31508017B600D98082804D1FFE70E98406E039003E0AC
S31508017B700E98806E0390FFE703980490FFE7049838
S31508017B800590FFE7059801282FD1FFE70C9820B14A
S31508017B90FFE7BDF82E0018B9FFE701200F902DE188
S31508017BA00D9820B9FFE70E990220C8651BE00D98CC
S31508017BB0042805D1FFE70E9902200866029010E015
S31508017BC00D98082805D1FFE70E990220486601900D
S31508017BD004E00E99022088660190FFE70198029059
S31508017BE0FFE70298FFE7FFE702E001200F9005E1B2
S31508017BF0FFE70D98009040B1FFE7009804282ED0C2
S31508017C00FFE70098082854D07DE00E98416A47F6A8
S31508017C100960C0F6010008640E98416A41F67900C8
S31508017C20C0F6010048640E98416A47F69960C0F6A5
S31508017C30010008650E980268406A0C993432BDF84D
S31508017C402E30ECF78DF918B1FFE701200F90D5E03A
S31508017C500E980168C86840F40070C86056E00E982E
S31508017C60816A47F60960C0F6010008640E98816AC0
S31508017C7041F67900C0F6010048640E98816A47F614
S31508017C809960C0F6010008650E980268806A0C9929
S31508017C903832BDF82E30ECF763F918B1FFE7012049
S31508017CA00F90ABE00E980168C86840F48060C86020
S31508017CB02CE00E98C16A47F60960C0F6010008640F
S31508017CC00E98C16A41F67900C0F6010048640E981B
S31508017CD0C16A47F69960C0F6010008650E98026800
S31508017CE0C06A0C993C32BDF82E30ECF739F918B157
S31508017CF0FFE701200F9081E00E980168C86840F4FB
S31508017D000060C86002E001200A90FFE70A9800288F
S31508017D1071D1FFE70E9800680D990422FFF7C4FC9C
S31508017D200E980168486C40F4004048640E98006853
S31508017D300021C4F2010188423CD0FFE70E98006891
S31508017D40B0F1804F36D0FFE70E98006840F2004147
S31508017D50C4F2000188422DD0FFE70E98006840F66C
S31508017D600001C4F20001884224D0FFE70E9800689A
S31508017D7040F60041C4F2000188421BD0FFE70E9885
S31508017D80006840F20041C4F20101884212D0FFE7BF
S31508017D900E98006841F60001C4F20001884209D034
S31508017DA0FFE70E98006844F20001C4F20101884217
S31508017DB019D1FFE70E98006880680721C0F2010112
S31508017DC008400990099806280CD0FFE70998B0F5EC
S31508017DD0803F07D0FFE70E980168086840F0010068
S31508017DE00860FFE706E00E980168086840F00100A0
S31508017DF00860FFE7FFE70A980F90FFE70F9810B0B2
S31508017E0080BD00BF00BF00BF80B582B00190019858
S31508017E10C06B009001980099496A88420CD1FFE726
S31508017E2000990120C8610198C06920B9FFE7009946
S31508017E300120C865FFE726E001980099896A88420A
S31508017E400CD1FFE700990220C8610198C06920B9E1
S31508017E50FFE7009901200866FFE713E001980099FA
S31508017E60C96A88420CD1FFE700990420C8610198C4
S31508017E70C06920B9FFE7009901204866FFE700E0DD
S31508017E80FFE7FFE7FFE70098FDF732F800990020C2
S31508017E90C86102B080BD00BF80B582B0019001986B
S31508017EA0C06B009001980099496A884206D1FFE79C
S31508017EB000990120C8610099C8651CE001980099DC
S31508017EC0896A884207D1FFE700990220C8610099AB
S31508017ED0012008660EE001980099C96A884207D10F
S31508017EE0FFE700990420C86100990120486600E06F
S31508017EF0FFE7FFE7FFE70098FEF712FF009900206A
S31508017F00C86102B080BD00BF80B586B005900491F6
S31508017F10002003900498029040B1FFE702980428D4
S31508017F200FD0FFE70298082816D020E005980168C7
S31508017F30C86820F40070C8600598406AEDF73CF8F7
S31508017F4018E005980168C86820F48060C86005983B
S31508017F50806AEDF731F80DE005980168C86820F4E4
S31508017F600060C8600598C06AEDF726F802E00120AE
S31508017F700390FFE7039800285ED1FFE7059800689C
S31508017F8004990022FFF790FBFFE705980068006A4D
S31508017F9041F21111084210D1FFE705980068006AFD
S31508017FA040F24441084207D1FFE705980168486C49
S31508017FB020F400404864FFE7FFE7FFE7FFE705987D
S31508017FC00068006A41F21111084210D1FFE70598CD
S31508017FD00068006A40F24441084207D1FFE7059864
S31508017FE00168086820F001000860FFE7FFE7FFE77E
S31508017FF0049820B9FFE705990120C8651BE0049894
S31508018000042805D1FFE7059901200866019010E0CB
S315080180100498082805D1FFE70599012048660090CC
S3150801802004E00599012088660090FFE70098019011
S31508018030FFE70198FFE7FFE7039806B080BD00BF99
S3150801804080B58AB008900791079820B9FFE7089884
S31508018050C06D059019E00798042804D1FFE7089830
S31508018060006E04900EE00798082804D1FFE70898E7
S31508018070406E039003E00898806E0390FFE703982B
S315080180800490FFE704980590FFE70598012803D0B7
S31508018090FFE70120099095E0079820B9FFE70899BD
S315080180A00220C8651BE00798042805D1FFE708994F
S315080180B002200866029010E00798082805D1FFE714
S315080180C0089902204866019004E00899022088660A
S315080180D00190FFE701980290FFE70298FFE70898E9
S315080180E0006807990422FFF7DFFA08980168486CC7
S315080180F040F400404864089800680021C4F2010170
S3150801810088423CD0FFE708980068B0F1804F36D026
S31508018110FFE70898006840F20041C4F2000188426E
S315080181202DD0FFE70898006840F60001C4F2000167
S31508018130884224D0FFE70898006840F60041C4F257
S31508018140000188421BD0FFE70898006840F2004109
S31508018150C4F20101884212D0FFE70898006841F687
S315080181600001C4F20001884209D0FFE708980068B7
S3150801817044F20001C4F20101884219D1FFE70898C7
S31508018180006880680721C0F2010108400690069838
S3150801819006280CD0FFE70698B0F5803F07D0FFE721
S315080181A008980168086840F001000860FFE706E0E2
S315080181B008980168086840F001000860FFE7002098
S315080181C00990FFE709980AB080BD00BF00BF00BF4C
S315080181D080B584B003900291039800680299002241
S315080181E0FFF762FAFFE703980068006A41F2111186
S315080181F0084210D1FFE703980068006A40F244413B
S31508018200084207D1FFE703980168486C20F400404B
S315080182104864FFE7FFE7FFE7FFE703980068006A9E
S3150801822041F21111084210D1FFE703980068006A6C
S3150801823040F24441084207D1FFE7039801680868FC
S3150801824020F001000860FFE7FFE7FFE7029820B981
S31508018250FFE703990120C8651BE00298042805D1A8
S31508018260FFE7039901200866019010E002980828A3
S3150801827005D1FFE7039901204866009004E00399B8
S31508018280012088660090FFE700980190FFE70198B2
S31508018290FFE7002004B080BD80B58CB00A90099133
S315080182A000200890099820B9FFE70A98C06D069042
S315080182B019E00998042804D1FFE70A98006E059089
S315080182C00EE00998082804D1FFE70A98406E049041
S315080182D003E00A98806E0490FFE704980590FFE78B
S315080182E005980690FFE70698012803D0FFE70120C5
S315080182F00B90C4E0099820B9FFE70A990220C865DE
S315080183001BE00998042805D1FFE70A9902200866A7
S31508018310039010E00998082805D1FFE70A99022079
S315080183204866029004E00A99022088660290FFE7EF
S3150801833002980390FFE70398FFE70998019040B177
S31508018340FFE7019804280BD0FFE7019808280ED00B
S3150801835014E00A980168C86840F00200C86010E095
S315080183600A980168C86840F00400C86009E00A98DC
S315080183700168C86840F00800C86002E0012008905A
S31508018380FFE70898002877D1FFE70A980168C868C7
S3150801839040F08000C8600A98006809990422FFF72E
S315080183A083F90A980168486C40F4004048640A98C1
S315080183B000680021C4F2010188423CD0FFE70A980F
S315080183C00068B0F1804F36D0FFE70A98006840F29E
S315080183D00041C4F2000188422DD0FFE70A980068DF
S315080183E040F60001C4F20001884224D0FFE70A984A
S315080183F0006840F60041C4F2000188421BD0FFE73D
S315080184000A98006840F20041C4F20101884212D07C
S31508018410FFE70A98006841F60001C4F200018842A4
S3150801842009D0FFE70A98006844F20001C4F2010185
S31508018430884219D1FFE70A98006880680721C0F2C7
S31508018440010108400790079806280CD0FFE707980E
S31508018450B0F5803F07D0FFE70A980168086840F041
S3150801846001000860FFE706E00A980168086840F01D
S3150801847001000860FFE7FFE708980B90FFE70B98F4
S315080184800CB080BD00BF00BF80B588B007900691CB
S31508018490002005900698039040B1FFE70398042849
S315080184A00BD0FFE7039808280ED014E00798016857
S315080184B0C86820F00200C86010E007980168C8681B
S315080184C020F00400C86009E007980168C86820F030
S315080184D00800C86002E001200590FFE7059800281A
S315080184E070D1FFE70798006806990022FFF7DCF8C4
S315080184F007980068006A0490BDF8100040F24441EC
S31508018500084207D1FFE707980168C86820F080008C
S31508018510C860FFE7FFE707980068006A41F2111192
S31508018520084210D1FFE707980068006A40F2444103
S31508018530084207D1FFE707980168486C20F4004014
S315080185404864FFE7FFE7FFE7FFE707980068006A67
S3150801855041F21111084210D1FFE707980068006A35
S3150801856040F24441084207D1FFE7079801680868C5
S3150801857020F001000860FFE7FFE7FFE7069820B94A
S31508018580FFE707990120C8651BE00698042805D16D
S31508018590FFE7079901200866029010E00698082867
S315080185A005D1FFE7079901204866019004E007997C
S315080185B0012088660190FFE701980290FFE702987B
S315080185C0FFE7FFE7059808B080BD00BF00BF00BF01
S315080185D080B590B00E900D910C92ADF82E3000201A
S315080185E00A900D9820B9FFE70E98C06D089019E01A
S315080185F00D98042804D1FFE70E98006E07900EE047
S315080186000D98082804D1FFE70E98406E069003E0FE
S315080186100E98806E0690FFE706980790FFE7079881
S315080186200890FFE70898022803D1FFE702200F9078
S315080186305CE10D9820B9FFE70E98C06D059019E029
S315080186400D98042804D1FFE70E98006E04900EE0F9
S315080186500D98082804D1FFE70E98406E039003E0B1
S315080186600E98806E0390FFE703980490FFE704983D
S315080186700590FFE7059801282FD1FFE70C9820B14F
S31508018680FFE7BDF82E0018B9FFE701200F902DE18D
S315080186900D9820B9FFE70E990220C8651BE00D98D1
S315080186A0042805D1FFE70E9902200866029010E01A
S315080186B00D98082805D1FFE70E9902204866019012
S315080186C004E00E99022088660190FFE7019802905E
S315080186D0FFE70298FFE7FFE702E001200F9005E1B7
S315080186E0FFE70D98009040B1FFE7009804282ED0C7
S315080186F0FFE70098082854D07DE00E98416A47F6AE
S315080187000960C0F6010008640E98416A41F67900CD
S31508018710C0F6010048640E98416A47F69960C0F6AA
S31508018720010008650E980268406A0C993432BDF852
S315080187302E30EBF715FC18B1FFE701200F90D5E0B5
S315080187400E980168C86840F40070C86056E00E9833
S31508018750816A47F60960C0F6010008640E98816AC5
S3150801876041F67900C0F6010048640E98816A47F619
S315080187709960C0F6010008650E980268806A0C992E
S315080187803832BDF82E30EBF7EBFB18B1FFE70120C5
S315080187900F90ABE00E980168C86840F48060C86025
S315080187A02CE00E98C16A47F60960C0F60100086414
S315080187B00E98C16A41F67900C0F6010048640E9820
S315080187C0C16A47F69960C0F6010008650E98026805
S315080187D0C06A0C993C32BDF82E30EBF7C1FB18B1D3
S315080187E0FFE701200F9081E00E980168C86840F400
S315080187F00060C86002E001200A90FFE70A98002895
S3150801880071D1FFE70E9800680D990422FEF74CFF17
S315080188100E980168486C40F4004048640E98006858
S315080188200021C4F2010188423CD0FFE70E98006896
S31508018830B0F1804F36D0FFE70E98006840F200414C
S31508018840C4F2000188422DD0FFE70E98006840F671
S315080188500001C4F20001884224D0FFE70E9800689F
S3150801886040F60041C4F2000188421BD0FFE70E988A
S31508018870006840F20041C4F20101884212D0FFE7C4
S315080188800E98006841F60001C4F20001884209D039
S31508018890FFE70E98006844F20001C4F2010188421C
S315080188A019D1FFE70E98006880680721C0F2010117
S315080188B008400990099806280CD0FFE70998B0F5F1
S315080188C0803F07D0FFE70E980168086840F001006D
S315080188D00860FFE706E00E980168086840F00100A5
S315080188E00860FFE7FFE70A980F90FFE70F9810B0B7
S315080188F080BD00BF00BF00BF80B586B0059004915A
S31508018900002003900498029040B1FFE702980428DA
S315080189100FD0FFE70298082816D020E005980168CD
S31508018920C86820F40070C8600598406AECF744FBF3
S3150801893018E005980168C86820F48060C860059841
S31508018940806AECF739FB0DE005980168C86820F4E0
S315080189500060C8600598C06AECF72EFB02E00120AA
S315080189600390FFE7039800285ED1FFE705980068A2
S3150801897004990022FEF798FEFFE705980068006A49
S3150801898041F21111084210D1FFE705980068006A03
S3150801899040F24441084207D1FFE705980168486C4F
S315080189A020F400404864FFE7FFE7FFE7FFE7059883
S315080189B00068006A41F21111084210D1FFE70598D3
S315080189C00068006A40F24441084207D1FFE705986A
S315080189D00168086820F001000860FFE7FFE7FFE784
S315080189E0049820B9FFE705990120C8651BE004989A
S315080189F0042805D1FFE7059901200866019010E0D2
S31508018A000498082805D1FFE70599012048660090D2
S31508018A1004E00599012088660090FFE70098019017
S31508018A20FFE70198FFE7FFE7039806B080BD00BF9F
S31508018A3080B588B0069005910598B0FA80F040098E
S31508018A40800004900698406C03900698806C02900A
S31508018A500698C06D01900698006E0090039801284B
S31508018A600CD1FFE70298012808D1FFE701980128F0
S31508018A7004D1FFE70098012803D0FFE701200790FA
S31508018A801DE0069902204864069988640699C86516
S31508018A90069908660698006805990422FEF704FEF9
S31508018AA00698006804990122F8F71EF906980168E4
S31508018AB0486C40F40040486400200790FFE7079897
S31508018AC008B080BD00BF00BF80B584B00390029195
S31508018AD00298B0FA80F04009800001900398006876
S31508018AE0029900220092FEF7DFFD009A03980068BA
S31508018AF00199F8F7F9F8FFE703980068006A41F267
S31508018B001111084210D1FFE703980068006A40F284
S31508018B104441084207D1FFE703980168486C20F4ED
S31508018B2000404864FFE7FFE7FFE7FFE703980068AF
S31508018B30006A41F21111084210D1FFE70398006853
S31508018B40006A40F24441084207D1FFE703980168E9
S31508018B50086820F001000860FFE7FFE7FFE70399CF
S31508018B6001204864039988640399C86503990866CE
S31508018B70002004B080BD00BF80B588B0069005917D
S31508018B800598B0FA80F04009800004900698406C78
S31508018B9003900698806C02900698C06D019006981D
S31508018BA0006E0090039801280CD1FFE7029801286E
S31508018BB008D1FFE70198012804D1FFE700980128A9
S31508018BC003D0FFE70120079029E0069902204864AF
S31508018BD0069988640699C86506990866069801681B
S31508018BE0C86840F00200C86006980168C86840F085
S31508018BF00400C8600698006805990422FEF754FD2A
S31508018C000698006804990122F8F76EF80698016833
S31508018C10486C40F40040486400200790FFE7079835
S31508018C2008B080BD00BF00BF80B584B00390029133
S31508018C300298B0FA80F04009800001900398016813
S31508018C40C86820F00200C86003980168C86820F067
S31508018C500400C86003980068029900220092FEF792
S31508018C6023FD009A039800680199F8F73DF8FFE794
S31508018C7003980068006A41F21111084210D1FFE712
S31508018C8003980068006A40F24441084207D1FFE7A9
S31508018C9003980168486C20F400404864FFE7FFE741
S31508018CA0FFE7FFE703980068006A41F211110842DD
S31508018CB010D1FFE703980068006A40F24441084270
S31508018CC007D1FFE703980168086820F001000860EA
S31508018CD0FFE7FFE7FFE703990120486403998864E2
S31508018CE00399C86503990866002004B080BD00BFD2
S31508018CF084B0029001910092FFE70298C06B0128A7
S31508018D0003D1FFE70220039055E002990120C863C9
S31508018D10FFE7FFE70198C0B1FFE70198102814D0D3
S31508018D20FFE70198202810D0FFE7019830280CD0DA
S31508018D30FFE70198B0F5001F07D0FFE7019810215A
S31508018D40C0F22001884210D1FFE7029801688868BD
S31508018D504FF68F72CFF6CF7210408860019A02984B
S31508018D600168886810438860FFE7029801684868C7
S31508018D7040F00100486002980168486820F0040044
S31508018D804860009A0298016848681043486002984A
S31508018D900168C86820F02000C86002980168C868A0
S31508018DA020F40050C860FFE702990020C863FFE776
S31508018DB000200390FFE7039804B0704700BF00BF87
S31508018DC084B0029001910092FFE70298C06B0128D6
S31508018DD003D1FFE70220039055E002990120C863F9
S31508018DE0FFE7FFE70198C0B1FFE70198102814D003
S31508018DF0FFE70198202810D0FFE7019830280CD00A
S31508018E00FFE70198B0F5001F07D0FFE70198102189
S31508018E10C0F22001884210D1FFE7029801688868EC
S31508018E204FF68F72CFF6CF7210408860019A02987A
S31508018E300168886810438860FFE7029801684868F6
S31508018E4040F00100486002980168486820F0040073
S31508018E504860009A02980168486810434860029879
S31508018E600168C86820F40050C86002980168C8689B
S31508018E7040F02000C860FFE702990020C863FFE7B9
S31508018E8000200390FFE7039804B0704700BF00BFB6
S31508018E9084B0029001910092FFE70298C06B012805
S31508018EA003D1FFE7022003906AE002990120C86313
S31508018EB0FFE7FFE70198C0B1FFE70198102814D032
S31508018EC0FFE70198202810D0FFE7019830280CD039
S31508018ED0FFE70198B0F5001F07D0FFE701981021B9
S31508018EE0C0F22001884210D1FFE70298016888681C
S31508018EF04FF68F72CFF6CF7210408860019A0298AA
S31508018F000168886810438860FFE702980168486825
S31508018F1040F00100486002980168486820F00400A2
S31508018F204860009A029801684868104348600298A8
S31508018F30416B48F68970C0F6010008640298416BD6
S31508018F4048F6A970C0F6010048640298416B40F6DC
S31508018F506900C0F60100086502980168C86820F032
S31508018F602000C86002980168C86840F40050C860CB
S31508018F70FFE702990020C863FFE700200390FFE797
S31508018F80039804B0704700BF80B582B0019001987C
S31508018F90C06B0090009901200864009800F0B0FAAF
S31508018FA002B080BD00BF00BF80B582B001900198B4
S31508018FB0C06B0090009901200864009800F0A4FA9B
S31508018FC002B080BD00BF00BF85B003900291FFE7E4
S31508018FD00398C06B012803D1FFE70220049094E0AF
S31508018FE003990120C863FFE7FFE703990220086494
S31508018FF003980068406801900398006880680090AB
S31508019000039800680021C4F20101884209D0FFE7EC
S315080190100398006840F20041C4F2010188420AD16E
S31508019020FFE7019820F470000190029841680198C1
S3150801903008430190FFE7019820F07000019002981B
S3150801904001680198084301900198039909684860E5
S31508019050039800680021C4F2010188423CD0FFE769
S3150801906003980068B0F1804F36D0FFE7039800688F
S3150801907040F20041C4F2000188422DD0FFE703986F
S31508019080006840F60001C4F20001884224D0FFE7D7
S315080190900398006840F60041C4F2000188421BD0DB
S315080190A0FFE70398006840F20041C4F201018842D3
S315080190B012D0FFE70398006841F60001C4F20001E7
S315080190C0884209D0FFE70398006844F20001C4F218
S315080190D0010188420ED1FFE7009820F08000009038
S315080190E002988168009808430090009803990968D6
S315080190F08860FFE7039901200864FFE703990020C8
S31508019100C863FFE700200490FFE7049805B070479D
S3150801911084B00290019100200090FFE70298C06B8D
S31508019120012803D1FFE70220039071E0029901208B
S31508019130C863FFE7FFE7009820F0FF000199C968B7
S3150801914008430090009820F4407001998968084303
S315080191500090009820F480600199496808430090BE
S31508019160009820F400600199096808430090009866
S3150801917020F480500199096908430090009820F469
S3150801918000500199496908430090009820F48040ED
S315080191900199896A08430090009820F47020019982
S315080191A0896940EA01400090029800680021C4F2EA
S315080191B00101884209D0FFE70298006840F20041A0
S315080191C0C4F20101884217D1FFE7009820F4700024
S315080191D00199496A40EA01500090009820F0807090
S315080191E00199C96908430090009820F00070019917
S315080191F0096A08430090FFE70098029909684864DC
S31508019200FFE702990020C863FFE700200390FFE704
S31508019210039804B0704700BF8CB00A900991089270
S315080192200020079008980068082801D0FFE7FFE7A3
S31508019230FFE70A98C06B012803D1FFE702200B90CC
S31508019240A5E00A990120C863FFE7FFE708980068C7
S3150801925001380146019107282DD80199DFE801F067
S31508019260040E2B182B2B2B2201200590002003908E
S315080192704FF4007004900920029022E00220059024
S31508019280012003904FF4806004900A20029018E0B0
S3150801929004200590022003904FF4006004900B20EF
S315080192A002900EE04FF4807005900820039000208C
S315080192B00490029005E00020059004900390029026
S315080192C0FFE709980090012804D0FFE700980228D3
S315080192D029D051E00A980068006E0690059906980B
S315080192E08843069008984068039988400599014083
S315080192F00698084306900898006808280ED0FFE7E4
S3150801930004990698884306900898806802998840C7
S3150801931004990140069808430690FFE706980A99BA
S31508019320096808662BE00A980068406E0690059958
S3150801933006988843069008984068039988400599D5
S3150801934001400698084306900898006808280ED038
S31508019350FFE7049906988843069008988068029959
S31508019360884004990140069808430690FFE7069845
S315080193700A990968486602E001200790FFE7FFE7B6
S315080193800A990020C863FFE707980B90FFE70B9837
S315080193900CB0704700BF00BF83B001900091FFE792
S315080193A00198C06B012803D1FFE70220029016E05D
S315080193B001990120C863FFE7FFE701980068006E7D
S315080193C020F4703000990843019909680866FFE797
S315080193D001990020C863FFE700200290FFE7029881
S315080193E003B0704700BF00BF86B004900391029294
S315080193F000200190FFE70498C06B012803D1FFE71D
S315080194000220059049E004990120C863FFE7FFE7B8
S31508019410029800900C2835D80099DFE801F0073347
S315080194203333123333331D3333332800049800683A
S31508019430806E20F00F00039908430499096888662D
S3150801944023E004980068806E20F47060039908434D
S3150801945004990968886618E004980068806E20F403
S315080194607020039908430499096888660DE00498F1
S315080194700068806E20F070600399084304990968B2
S31508019480886602E001200190FFE7FFE704990020C2
S31508019490C863FFE701980590FFE7059806B070478E
S315080194A083B001900091FFE70198C06B012803D1B1
S315080194B0FFE7022002901EE001990120C863FFE739
S315080194C0FFE701990220086401980168886D20F078
S315080194D060408865009A01980168886D104388651F
S315080194E0019901200864FFE701990020C863FFE795
S315080194F000200290FFE7029803B0704700BF00BF43
S3150801950081B0009001B0704781B0009001B07047FA
S3150801951081B0009001B0704781B0009001B07047EA
S3150801952081B000900098006C01B0704700BF00BF81
S3150801953086B005900491049820B9FFE70598C06D97
S31508019540029019E00498042804D1FFE70598006EF3
S3150801955001900EE00498082804D1FFE70598406EAB
S31508019560009003E00598806E0090FFE7009801904F
S31508019570FFE701980290FFE702980390039806B067
S31508019580704700000648804706480047FEE7FEE7A1
S31508019590FEE7FEE7FEE7FEE7FEE7FEE7FEE7FEE794
S315080195A05908000899020008D2B201E000F8012B17
S315080195B0491EFBD270470022F6E710B513460A4644
S315080195C004461946FFF7F0FF204610BD1CB50948A9
S315080195D00090094801900546009C06E0E06840F0C5
S315080195E0010394E8070098471034AC42F6D3E6F72E
S315080195F057FE00005C9601087C96010802E008C83F
S31508019600121F08C1002AFAD170477047002001E0ED
S3150801961001C1121F002AFBD1704700000000010298
S3150801962003040102030406070809000610160006CA
S315080196301016EFBFBDEFBFBDD7AAEFBFBDEFBFBDC8
S31508019640EFBFBDEFBFBDEFBFBDEFBFBDEFBFBDEF05
S31508019650BFBDEFBFBDEFBFBD00000000809601088A
S315080196600000002410000000FC95010890960108EE
S3150801967010000024080900000C96010800000000EB
S315080196800090D0030090D0030100000010000000F4
S7050800029957
